ISO-10303-21;
HEADER;
/* Generated by software containing ST-Developer
 * from STEP Tools, Inc. (www.steptools.com) 
 */

FILE_DESCRIPTION(
/* description */ (''),
/* implementation_level */ '2;1');

FILE_NAME(
/* name */ 'Ender 5 Dual Y NEMA 17 Mount.step',
/* time_stamp */ '2026-03-24T20:13:20+01:00',
/* author */ (''),
/* organization */ (''),
/* preprocessor_version */ 'ST-DEVELOPER v20.1',
/* originating_system */ 'Autodesk Translation Framework v14.24.0.0',
/* authorisation */ '');

FILE_SCHEMA (('AUTOMOTIVE_DESIGN { 1 0 10303 214 3 1 1 }'));
ENDSEC;

DATA;
#10=MECHANICAL_DESIGN_GEOMETRIC_PRESENTATION_REPRESENTATION('',(#13,#14),
#2528);
#11=SHAPE_REPRESENTATION_RELATIONSHIP('SRR','None',#2535,#12);
#12=ADVANCED_BREP_SHAPE_REPRESENTATION('',(#15,#16),#2527);
#13=STYLED_ITEM('',(#2544),#15);
#14=STYLED_ITEM('',(#2544),#16);
#15=MANIFOLD_SOLID_BREP('Left',#1489);
#16=MANIFOLD_SOLID_BREP('Right',#1490);
#17=ELLIPSE('',#1528,4.24264068711928,3.);
#18=ELLIPSE('',#1531,4.97254277413729,3.);
#19=ELLIPSE('',#1538,3.761734486345,3.);
#20=ELLIPSE('',#1540,3.761734486345,3.);
#21=ELLIPSE('',#1543,3.761734486345,3.);
#22=ELLIPSE('',#1545,3.761734486345,3.);
#23=ELLIPSE('',#1606,4.24264068711928,3.);
#24=ELLIPSE('',#1609,4.97254277413729,3.);
#25=ELLIPSE('',#1616,3.761734486345,3.);
#26=ELLIPSE('',#1618,3.761734486345,3.);
#27=ELLIPSE('',#1621,3.761734486345,3.);
#28=ELLIPSE('',#1623,3.761734486345,3.);
#29=FACE_BOUND('',#179,.T.);
#30=FACE_BOUND('',#180,.T.);
#31=FACE_BOUND('',#181,.T.);
#32=FACE_BOUND('',#182,.T.);
#33=FACE_BOUND('',#183,.T.);
#34=FACE_BOUND('',#185,.T.);
#35=FACE_BOUND('',#189,.T.);
#36=FACE_BOUND('',#209,.T.);
#37=FACE_BOUND('',#210,.T.);
#38=FACE_BOUND('',#213,.T.);
#39=FACE_BOUND('',#214,.T.);
#40=FACE_BOUND('',#227,.T.);
#41=FACE_BOUND('',#228,.T.);
#42=FACE_BOUND('',#229,.T.);
#43=FACE_BOUND('',#230,.T.);
#44=FACE_BOUND('',#231,.T.);
#45=FACE_BOUND('',#234,.T.);
#46=FACE_BOUND('',#235,.T.);
#47=FACE_BOUND('',#236,.T.);
#48=FACE_BOUND('',#237,.T.);
#49=FACE_BOUND('',#238,.T.);
#50=FACE_BOUND('',#240,.T.);
#51=FACE_BOUND('',#244,.T.);
#52=FACE_BOUND('',#264,.T.);
#53=FACE_BOUND('',#265,.T.);
#54=FACE_BOUND('',#268,.T.);
#55=FACE_BOUND('',#269,.T.);
#56=FACE_BOUND('',#282,.T.);
#57=FACE_BOUND('',#283,.T.);
#58=FACE_BOUND('',#284,.T.);
#59=FACE_BOUND('',#285,.T.);
#60=FACE_BOUND('',#286,.T.);
#61=PLANE('',#1507);
#62=PLANE('',#1517);
#63=PLANE('',#1524);
#64=PLANE('',#1525);
#65=PLANE('',#1532);
#66=PLANE('',#1533);
#67=PLANE('',#1536);
#68=PLANE('',#1539);
#69=PLANE('',#1541);
#70=PLANE('',#1544);
#71=PLANE('',#1548);
#72=PLANE('',#1551);
#73=PLANE('',#1552);
#74=PLANE('',#1556);
#75=PLANE('',#1562);
#76=PLANE('',#1567);
#77=PLANE('',#1569);
#78=PLANE('',#1570);
#79=PLANE('',#1581);
#80=PLANE('',#1585);
#81=PLANE('',#1595);
#82=PLANE('',#1602);
#83=PLANE('',#1603);
#84=PLANE('',#1610);
#85=PLANE('',#1611);
#86=PLANE('',#1614);
#87=PLANE('',#1617);
#88=PLANE('',#1619);
#89=PLANE('',#1622);
#90=PLANE('',#1626);
#91=PLANE('',#1629);
#92=PLANE('',#1630);
#93=PLANE('',#1634);
#94=PLANE('',#1640);
#95=PLANE('',#1645);
#96=PLANE('',#1647);
#97=PLANE('',#1648);
#98=PLANE('',#1659);
#99=FACE_OUTER_BOUND('',#177,.T.);
#100=FACE_OUTER_BOUND('',#178,.T.);
#101=FACE_OUTER_BOUND('',#184,.T.);
#102=FACE_OUTER_BOUND('',#186,.T.);
#103=FACE_OUTER_BOUND('',#187,.T.);
#104=FACE_OUTER_BOUND('',#188,.T.);
#105=FACE_OUTER_BOUND('',#190,.T.);
#106=FACE_OUTER_BOUND('',#191,.T.);
#107=FACE_OUTER_BOUND('',#192,.T.);
#108=FACE_OUTER_BOUND('',#193,.T.);
#109=FACE_OUTER_BOUND('',#194,.T.);
#110=FACE_OUTER_BOUND('',#195,.T.);
#111=FACE_OUTER_BOUND('',#196,.T.);
#112=FACE_OUTER_BOUND('',#197,.T.);
#113=FACE_OUTER_BOUND('',#198,.T.);
#114=FACE_OUTER_BOUND('',#199,.T.);
#115=FACE_OUTER_BOUND('',#200,.T.);
#116=FACE_OUTER_BOUND('',#201,.T.);
#117=FACE_OUTER_BOUND('',#202,.T.);
#118=FACE_OUTER_BOUND('',#203,.T.);
#119=FACE_OUTER_BOUND('',#204,.T.);
#120=FACE_OUTER_BOUND('',#205,.T.);
#121=FACE_OUTER_BOUND('',#206,.T.);
#122=FACE_OUTER_BOUND('',#207,.T.);
#123=FACE_OUTER_BOUND('',#208,.T.);
#124=FACE_OUTER_BOUND('',#211,.T.);
#125=FACE_OUTER_BOUND('',#212,.T.);
#126=FACE_OUTER_BOUND('',#215,.T.);
#127=FACE_OUTER_BOUND('',#216,.T.);
#128=FACE_OUTER_BOUND('',#217,.T.);
#129=FACE_OUTER_BOUND('',#218,.T.);
#130=FACE_OUTER_BOUND('',#219,.T.);
#131=FACE_OUTER_BOUND('',#220,.T.);
#132=FACE_OUTER_BOUND('',#221,.T.);
#133=FACE_OUTER_BOUND('',#222,.T.);
#134=FACE_OUTER_BOUND('',#223,.T.);
#135=FACE_OUTER_BOUND('',#224,.T.);
#136=FACE_OUTER_BOUND('',#225,.T.);
#137=FACE_OUTER_BOUND('',#226,.T.);
#138=FACE_OUTER_BOUND('',#232,.T.);
#139=FACE_OUTER_BOUND('',#233,.T.);
#140=FACE_OUTER_BOUND('',#239,.T.);
#141=FACE_OUTER_BOUND('',#241,.T.);
#142=FACE_OUTER_BOUND('',#242,.T.);
#143=FACE_OUTER_BOUND('',#243,.T.);
#144=FACE_OUTER_BOUND('',#245,.T.);
#145=FACE_OUTER_BOUND('',#246,.T.);
#146=FACE_OUTER_BOUND('',#247,.T.);
#147=FACE_OUTER_BOUND('',#248,.T.);
#148=FACE_OUTER_BOUND('',#249,.T.);
#149=FACE_OUTER_BOUND('',#250,.T.);
#150=FACE_OUTER_BOUND('',#251,.T.);
#151=FACE_OUTER_BOUND('',#252,.T.);
#152=FACE_OUTER_BOUND('',#253,.T.);
#153=FACE_OUTER_BOUND('',#254,.T.);
#154=FACE_OUTER_BOUND('',#255,.T.);
#155=FACE_OUTER_BOUND('',#256,.T.);
#156=FACE_OUTER_BOUND('',#257,.T.);
#157=FACE_OUTER_BOUND('',#258,.T.);
#158=FACE_OUTER_BOUND('',#259,.T.);
#159=FACE_OUTER_BOUND('',#260,.T.);
#160=FACE_OUTER_BOUND('',#261,.T.);
#161=FACE_OUTER_BOUND('',#262,.T.);
#162=FACE_OUTER_BOUND('',#263,.T.);
#163=FACE_OUTER_BOUND('',#266,.T.);
#164=FACE_OUTER_BOUND('',#267,.T.);
#165=FACE_OUTER_BOUND('',#270,.T.);
#166=FACE_OUTER_BOUND('',#271,.T.);
#167=FACE_OUTER_BOUND('',#272,.T.);
#168=FACE_OUTER_BOUND('',#273,.T.);
#169=FACE_OUTER_BOUND('',#274,.T.);
#170=FACE_OUTER_BOUND('',#275,.T.);
#171=FACE_OUTER_BOUND('',#276,.T.);
#172=FACE_OUTER_BOUND('',#277,.T.);
#173=FACE_OUTER_BOUND('',#278,.T.);
#174=FACE_OUTER_BOUND('',#279,.T.);
#175=FACE_OUTER_BOUND('',#280,.T.);
#176=FACE_OUTER_BOUND('',#281,.T.);
#177=EDGE_LOOP('',(#955,#956,#957,#958));
#178=EDGE_LOOP('',(#959,#960,#961,#962,#963,#964,#965,#966,#967,#968,#969,
#970,#971,#972));
#179=EDGE_LOOP('',(#973));
#180=EDGE_LOOP('',(#974));
#181=EDGE_LOOP('',(#975));
#182=EDGE_LOOP('',(#976));
#183=EDGE_LOOP('',(#977));
#184=EDGE_LOOP('',(#978,#979,#980,#981,#982,#983,#984,#985,#986,#987));
#185=EDGE_LOOP('',(#988));
#186=EDGE_LOOP('',(#989,#990,#991,#992));
#187=EDGE_LOOP('',(#993,#994,#995,#996));
#188=EDGE_LOOP('',(#997,#998,#999,#1000,#1001,#1002));
#189=EDGE_LOOP('',(#1003));
#190=EDGE_LOOP('',(#1004,#1005,#1006,#1007));
#191=EDGE_LOOP('',(#1008,#1009,#1010,#1011));
#192=EDGE_LOOP('',(#1012,#1013,#1014,#1015));
#193=EDGE_LOOP('',(#1016,#1017,#1018,#1019,#1020,#1021,#1022));
#194=EDGE_LOOP('',(#1023,#1024,#1025,#1026,#1027,#1028,#1029,#1030,#1031,
#1032,#1033));
#195=EDGE_LOOP('',(#1034,#1035,#1036,#1037));
#196=EDGE_LOOP('',(#1038,#1039,#1040,#1041));
#197=EDGE_LOOP('',(#1042,#1043,#1044,#1045));
#198=EDGE_LOOP('',(#1046,#1047,#1048,#1049,#1050,#1051));
#199=EDGE_LOOP('',(#1052,#1053,#1054,#1055));
#200=EDGE_LOOP('',(#1056,#1057,#1058,#1059));
#201=EDGE_LOOP('',(#1060,#1061,#1062,#1063,#1064));
#202=EDGE_LOOP('',(#1065,#1066,#1067,#1068));
#203=EDGE_LOOP('',(#1069,#1070,#1071));
#204=EDGE_LOOP('',(#1072,#1073,#1074,#1075));
#205=EDGE_LOOP('',(#1076,#1077,#1078));
#206=EDGE_LOOP('',(#1079,#1080,#1081,#1082));
#207=EDGE_LOOP('',(#1083,#1084,#1085,#1086));
#208=EDGE_LOOP('',(#1087,#1088,#1089,#1090,#1091,#1092));
#209=EDGE_LOOP('',(#1093));
#210=EDGE_LOOP('',(#1094));
#211=EDGE_LOOP('',(#1095,#1096,#1097,#1098));
#212=EDGE_LOOP('',(#1099,#1100,#1101,#1102,#1103,#1104));
#213=EDGE_LOOP('',(#1105));
#214=EDGE_LOOP('',(#1106));
#215=EDGE_LOOP('',(#1107,#1108,#1109,#1110));
#216=EDGE_LOOP('',(#1111,#1112,#1113,#1114));
#217=EDGE_LOOP('',(#1115,#1116,#1117,#1118));
#218=EDGE_LOOP('',(#1119,#1120,#1121,#1122));
#219=EDGE_LOOP('',(#1123,#1124,#1125,#1126));
#220=EDGE_LOOP('',(#1127,#1128,#1129,#1130,#1131));
#221=EDGE_LOOP('',(#1132,#1133,#1134,#1135));
#222=EDGE_LOOP('',(#1136,#1137,#1138,#1139));
#223=EDGE_LOOP('',(#1140,#1141,#1142,#1143));
#224=EDGE_LOOP('',(#1144,#1145,#1146,#1147));
#225=EDGE_LOOP('',(#1148,#1149,#1150,#1151));
#226=EDGE_LOOP('',(#1152,#1153,#1154,#1155,#1156,#1157));
#227=EDGE_LOOP('',(#1158));
#228=EDGE_LOOP('',(#1159));
#229=EDGE_LOOP('',(#1160));
#230=EDGE_LOOP('',(#1161));
#231=EDGE_LOOP('',(#1162));
#232=EDGE_LOOP('',(#1163,#1164,#1165,#1166));
#233=EDGE_LOOP('',(#1167,#1168,#1169,#1170,#1171,#1172,#1173,#1174,#1175,
#1176,#1177,#1178,#1179,#1180));
#234=EDGE_LOOP('',(#1181));
#235=EDGE_LOOP('',(#1182));
#236=EDGE_LOOP('',(#1183));
#237=EDGE_LOOP('',(#1184));
#238=EDGE_LOOP('',(#1185));
#239=EDGE_LOOP('',(#1186,#1187,#1188,#1189,#1190,#1191,#1192,#1193,#1194,
#1195));
#240=EDGE_LOOP('',(#1196));
#241=EDGE_LOOP('',(#1197,#1198,#1199,#1200));
#242=EDGE_LOOP('',(#1201,#1202,#1203,#1204));
#243=EDGE_LOOP('',(#1205,#1206,#1207,#1208,#1209,#1210));
#244=EDGE_LOOP('',(#1211));
#245=EDGE_LOOP('',(#1212,#1213,#1214,#1215));
#246=EDGE_LOOP('',(#1216,#1217,#1218,#1219));
#247=EDGE_LOOP('',(#1220,#1221,#1222,#1223));
#248=EDGE_LOOP('',(#1224,#1225,#1226,#1227,#1228,#1229,#1230));
#249=EDGE_LOOP('',(#1231,#1232,#1233,#1234,#1235,#1236,#1237,#1238,#1239,
#1240,#1241));
#250=EDGE_LOOP('',(#1242,#1243,#1244,#1245));
#251=EDGE_LOOP('',(#1246,#1247,#1248,#1249));
#252=EDGE_LOOP('',(#1250,#1251,#1252,#1253));
#253=EDGE_LOOP('',(#1254,#1255,#1256,#1257,#1258,#1259));
#254=EDGE_LOOP('',(#1260,#1261,#1262,#1263));
#255=EDGE_LOOP('',(#1264,#1265,#1266,#1267));
#256=EDGE_LOOP('',(#1268,#1269,#1270,#1271,#1272));
#257=EDGE_LOOP('',(#1273,#1274,#1275,#1276));
#258=EDGE_LOOP('',(#1277,#1278,#1279));
#259=EDGE_LOOP('',(#1280,#1281,#1282,#1283));
#260=EDGE_LOOP('',(#1284,#1285,#1286));
#261=EDGE_LOOP('',(#1287,#1288,#1289,#1290));
#262=EDGE_LOOP('',(#1291,#1292,#1293,#1294));
#263=EDGE_LOOP('',(#1295,#1296,#1297,#1298,#1299,#1300));
#264=EDGE_LOOP('',(#1301));
#265=EDGE_LOOP('',(#1302));
#266=EDGE_LOOP('',(#1303,#1304,#1305,#1306));
#267=EDGE_LOOP('',(#1307,#1308,#1309,#1310,#1311,#1312));
#268=EDGE_LOOP('',(#1313));
#269=EDGE_LOOP('',(#1314));
#270=EDGE_LOOP('',(#1315,#1316,#1317,#1318));
#271=EDGE_LOOP('',(#1319,#1320,#1321,#1322));
#272=EDGE_LOOP('',(#1323,#1324,#1325,#1326));
#273=EDGE_LOOP('',(#1327,#1328,#1329,#1330));
#274=EDGE_LOOP('',(#1331,#1332,#1333,#1334));
#275=EDGE_LOOP('',(#1335,#1336,#1337,#1338,#1339));
#276=EDGE_LOOP('',(#1340,#1341,#1342,#1343));
#277=EDGE_LOOP('',(#1344,#1345,#1346,#1347));
#278=EDGE_LOOP('',(#1348,#1349,#1350,#1351));
#279=EDGE_LOOP('',(#1352,#1353,#1354,#1355));
#280=EDGE_LOOP('',(#1356,#1357,#1358,#1359));
#281=EDGE_LOOP('',(#1360,#1361,#1362,#1363,#1364,#1365));
#282=EDGE_LOOP('',(#1366));
#283=EDGE_LOOP('',(#1367));
#284=EDGE_LOOP('',(#1368));
#285=EDGE_LOOP('',(#1369));
#286=EDGE_LOOP('',(#1370));
#287=LINE('',#2110,#417);
#288=LINE('',#2113,#418);
#289=LINE('',#2116,#419);
#290=LINE('',#2118,#420);
#291=LINE('',#2120,#421);
#292=LINE('',#2122,#422);
#293=LINE('',#2124,#423);
#294=LINE('',#2128,#424);
#295=LINE('',#2132,#425);
#296=LINE('',#2136,#426);
#297=LINE('',#2139,#427);
#298=LINE('',#2152,#428);
#299=LINE('',#2156,#429);
#300=LINE('',#2160,#430);
#301=LINE('',#2164,#431);
#302=LINE('',#2165,#432);
#303=LINE('',#2170,#433);
#304=LINE('',#2173,#434);
#305=LINE('',#2176,#435);
#306=LINE('',#2177,#436);
#307=LINE('',#2179,#437);
#308=LINE('',#2180,#438);
#309=LINE('',#2185,#439);
#310=LINE('',#2188,#440);
#311=LINE('',#2193,#441);
#312=LINE('',#2194,#442);
#313=LINE('',#2197,#443);
#314=LINE('',#2198,#444);
#315=LINE('',#2201,#445);
#316=LINE('',#2203,#446);
#317=LINE('',#2205,#447);
#318=LINE('',#2207,#448);
#319=LINE('',#2211,#449);
#320=LINE('',#2213,#450);
#321=LINE('',#2215,#451);
#322=LINE('',#2216,#452);
#323=LINE('',#2218,#453);
#324=LINE('',#2219,#454);
#325=LINE('',#2221,#455);
#326=LINE('',#2224,#456);
#327=LINE('',#2228,#457);
#328=LINE('',#2232,#458);
#329=LINE('',#2233,#459);
#330=LINE('',#2237,#460);
#331=LINE('',#2239,#461);
#332=LINE('',#2242,#462);
#333=LINE('',#2245,#463);
#334=LINE('',#2248,#464);
#335=LINE('',#2251,#465);
#336=LINE('',#2252,#466);
#337=LINE('',#2255,#467);
#338=LINE('',#2258,#468);
#339=LINE('',#2260,#469);
#340=LINE('',#2265,#470);
#341=LINE('',#2269,#471);
#342=LINE('',#2277,#472);
#343=LINE('',#2280,#473);
#344=LINE('',#2286,#474);
#345=LINE('',#2288,#475);
#346=LINE('',#2291,#476);
#347=LINE('',#2297,#477);
#348=LINE('',#2301,#478);
#349=LINE('',#2305,#479);
#350=LINE('',#2309,#480);
#351=LINE('',#2313,#481);
#352=LINE('',#2320,#482);
#353=LINE('',#2323,#483);
#354=LINE('',#2326,#484);
#355=LINE('',#2330,#485);
#356=LINE('',#2334,#486);
#357=LINE('',#2338,#487);
#358=LINE('',#2342,#488);
#359=LINE('',#2344,#489);
#360=LINE('',#2346,#490);
#361=LINE('',#2348,#491);
#362=LINE('',#2349,#492);
#363=LINE('',#2362,#493);
#364=LINE('',#2364,#494);
#365=LINE('',#2368,#495);
#366=LINE('',#2372,#496);
#367=LINE('',#2375,#497);
#368=LINE('',#2380,#498);
#369=LINE('',#2383,#499);
#370=LINE('',#2386,#500);
#371=LINE('',#2387,#501);
#372=LINE('',#2389,#502);
#373=LINE('',#2390,#503);
#374=LINE('',#2396,#504);
#375=LINE('',#2398,#505);
#376=LINE('',#2403,#506);
#377=LINE('',#2404,#507);
#378=LINE('',#2407,#508);
#379=LINE('',#2408,#509);
#380=LINE('',#2411,#510);
#381=LINE('',#2413,#511);
#382=LINE('',#2415,#512);
#383=LINE('',#2417,#513);
#384=LINE('',#2421,#514);
#385=LINE('',#2423,#515);
#386=LINE('',#2425,#516);
#387=LINE('',#2426,#517);
#388=LINE('',#2428,#518);
#389=LINE('',#2429,#519);
#390=LINE('',#2431,#520);
#391=LINE('',#2435,#521);
#392=LINE('',#2439,#522);
#393=LINE('',#2442,#523);
#394=LINE('',#2443,#524);
#395=LINE('',#2447,#525);
#396=LINE('',#2450,#526);
#397=LINE('',#2452,#527);
#398=LINE('',#2455,#528);
#399=LINE('',#2458,#529);
#400=LINE('',#2461,#530);
#401=LINE('',#2462,#531);
#402=LINE('',#2466,#532);
#403=LINE('',#2468,#533);
#404=LINE('',#2470,#534);
#405=LINE('',#2476,#535);
#406=LINE('',#2480,#536);
#407=LINE('',#2488,#537);
#408=LINE('',#2490,#538);
#409=LINE('',#2496,#539);
#410=LINE('',#2498,#540);
#411=LINE('',#2501,#541);
#412=LINE('',#2507,#542);
#413=LINE('',#2511,#543);
#414=LINE('',#2515,#544);
#415=LINE('',#2519,#545);
#416=LINE('',#2523,#546);
#417=VECTOR('',#1666,10.);
#418=VECTOR('',#1669,10.);
#419=VECTOR('',#1672,10.);
#420=VECTOR('',#1673,10.);
#421=VECTOR('',#1674,10.);
#422=VECTOR('',#1675,10.);
#423=VECTOR('',#1676,10.);
#424=VECTOR('',#1679,10.);
#425=VECTOR('',#1682,10.);
#426=VECTOR('',#1685,10.);
#427=VECTOR('',#1688,10.);
#428=VECTOR('',#1701,10.);
#429=VECTOR('',#1704,10.);
#430=VECTOR('',#1707,10.);
#431=VECTOR('',#1710,10.);
#432=VECTOR('',#1711,10.);
#433=VECTOR('',#1716,10.);
#434=VECTOR('',#1719,10.);
#435=VECTOR('',#1722,10.);
#436=VECTOR('',#1723,10.);
#437=VECTOR('',#1726,10.);
#438=VECTOR('',#1727,10.);
#439=VECTOR('',#1732,10.);
#440=VECTOR('',#1737,10.);
#441=VECTOR('',#1742,10.);
#442=VECTOR('',#1743,10.);
#443=VECTOR('',#1746,10.);
#444=VECTOR('',#1747,10.);
#445=VECTOR('',#1750,10.);
#446=VECTOR('',#1751,10.);
#447=VECTOR('',#1752,10.);
#448=VECTOR('',#1753,10.);
#449=VECTOR('',#1756,10.);
#450=VECTOR('',#1757,10.);
#451=VECTOR('',#1758,10.);
#452=VECTOR('',#1759,10.);
#453=VECTOR('',#1762,10.);
#454=VECTOR('',#1763,10.);
#455=VECTOR('',#1766,10.);
#456=VECTOR('',#1769,10.);
#457=VECTOR('',#1774,10.);
#458=VECTOR('',#1779,10.);
#459=VECTOR('',#1780,10.);
#460=VECTOR('',#1785,10.);
#461=VECTOR('',#1788,10.);
#462=VECTOR('',#1791,10.);
#463=VECTOR('',#1794,10.);
#464=VECTOR('',#1797,10.);
#465=VECTOR('',#1800,10.);
#466=VECTOR('',#1801,10.);
#467=VECTOR('',#1804,10.);
#468=VECTOR('',#1809,10.);
#469=VECTOR('',#1812,10.);
#470=VECTOR('',#1817,10.);
#471=VECTOR('',#1822,10.);
#472=VECTOR('',#1831,10.);
#473=VECTOR('',#1836,10.);
#474=VECTOR('',#1843,2.75);
#475=VECTOR('',#1846,2.75);
#476=VECTOR('',#1851,2.75);
#477=VECTOR('',#1860,12.5);
#478=VECTOR('',#1865,2.25);
#479=VECTOR('',#1870,2.25);
#480=VECTOR('',#1875,2.25);
#481=VECTOR('',#1880,2.25);
#482=VECTOR('',#1887,10.);
#483=VECTOR('',#1890,10.);
#484=VECTOR('',#1893,10.);
#485=VECTOR('',#1896,10.);
#486=VECTOR('',#1899,10.);
#487=VECTOR('',#1902,10.);
#488=VECTOR('',#1905,10.);
#489=VECTOR('',#1906,10.);
#490=VECTOR('',#1907,10.);
#491=VECTOR('',#1908,10.);
#492=VECTOR('',#1909,10.);
#493=VECTOR('',#1922,10.);
#494=VECTOR('',#1923,10.);
#495=VECTOR('',#1926,10.);
#496=VECTOR('',#1929,10.);
#497=VECTOR('',#1932,10.);
#498=VECTOR('',#1937,10.);
#499=VECTOR('',#1940,10.);
#500=VECTOR('',#1943,10.);
#501=VECTOR('',#1944,10.);
#502=VECTOR('',#1947,10.);
#503=VECTOR('',#1948,10.);
#504=VECTOR('',#1955,10.);
#505=VECTOR('',#1958,10.);
#506=VECTOR('',#1963,10.);
#507=VECTOR('',#1964,10.);
#508=VECTOR('',#1967,10.);
#509=VECTOR('',#1968,10.);
#510=VECTOR('',#1971,10.);
#511=VECTOR('',#1972,10.);
#512=VECTOR('',#1973,10.);
#513=VECTOR('',#1974,10.);
#514=VECTOR('',#1977,10.);
#515=VECTOR('',#1978,10.);
#516=VECTOR('',#1979,10.);
#517=VECTOR('',#1980,10.);
#518=VECTOR('',#1983,10.);
#519=VECTOR('',#1984,10.);
#520=VECTOR('',#1987,10.);
#521=VECTOR('',#1992,10.);
#522=VECTOR('',#1997,10.);
#523=VECTOR('',#2000,10.);
#524=VECTOR('',#2001,10.);
#525=VECTOR('',#2006,10.);
#526=VECTOR('',#2009,10.);
#527=VECTOR('',#2012,10.);
#528=VECTOR('',#2015,10.);
#529=VECTOR('',#2018,10.);
#530=VECTOR('',#2021,10.);
#531=VECTOR('',#2022,10.);
#532=VECTOR('',#2027,10.);
#533=VECTOR('',#2030,10.);
#534=VECTOR('',#2033,10.);
#535=VECTOR('',#2040,10.);
#536=VECTOR('',#2045,10.);
#537=VECTOR('',#2054,10.);
#538=VECTOR('',#2057,10.);
#539=VECTOR('',#2064,2.75);
#540=VECTOR('',#2067,2.75);
#541=VECTOR('',#2072,2.75);
#542=VECTOR('',#2081,12.5);
#543=VECTOR('',#2086,2.25);
#544=VECTOR('',#2091,2.25);
#545=VECTOR('',#2096,2.25);
#546=VECTOR('',#2101,2.25);
#547=CIRCLE('',#1505,3.);
#548=CIRCLE('',#1506,3.);
#549=CIRCLE('',#1508,3.);
#550=CIRCLE('',#1509,3.);
#551=CIRCLE('',#1510,3.);
#552=CIRCLE('',#1511,3.);
#553=CIRCLE('',#1512,12.5);
#554=CIRCLE('',#1513,2.25);
#555=CIRCLE('',#1514,2.25);
#556=CIRCLE('',#1515,2.25);
#557=CIRCLE('',#1516,2.25);
#558=CIRCLE('',#1518,3.);
#559=CIRCLE('',#1519,3.);
#560=CIRCLE('',#1520,3.);
#561=CIRCLE('',#1521,2.75);
#562=CIRCLE('',#1523,3.);
#563=CIRCLE('',#1526,2.75);
#564=CIRCLE('',#1534,3.);
#565=CIRCLE('',#1547,3.);
#566=CIRCLE('',#1550,3.);
#567=CIRCLE('',#1554,3.);
#568=CIRCLE('',#1555,3.);
#569=CIRCLE('',#1557,3.);
#570=CIRCLE('',#1558,2.75);
#571=CIRCLE('',#1559,2.75);
#572=CIRCLE('',#1561,3.);
#573=CIRCLE('',#1563,2.75);
#574=CIRCLE('',#1564,2.75);
#575=CIRCLE('',#1572,12.5);
#576=CIRCLE('',#1574,2.25);
#577=CIRCLE('',#1576,2.25);
#578=CIRCLE('',#1578,2.25);
#579=CIRCLE('',#1580,2.25);
#580=CIRCLE('',#1583,3.);
#581=CIRCLE('',#1584,3.);
#582=CIRCLE('',#1586,3.);
#583=CIRCLE('',#1587,3.);
#584=CIRCLE('',#1588,3.);
#585=CIRCLE('',#1589,3.);
#586=CIRCLE('',#1590,12.5);
#587=CIRCLE('',#1591,2.25);
#588=CIRCLE('',#1592,2.25);
#589=CIRCLE('',#1593,2.25);
#590=CIRCLE('',#1594,2.25);
#591=CIRCLE('',#1596,3.);
#592=CIRCLE('',#1597,3.);
#593=CIRCLE('',#1598,3.);
#594=CIRCLE('',#1599,2.75);
#595=CIRCLE('',#1601,3.);
#596=CIRCLE('',#1604,2.75);
#597=CIRCLE('',#1612,3.);
#598=CIRCLE('',#1625,3.);
#599=CIRCLE('',#1628,3.);
#600=CIRCLE('',#1632,3.);
#601=CIRCLE('',#1633,3.);
#602=CIRCLE('',#1635,3.);
#603=CIRCLE('',#1636,2.75);
#604=CIRCLE('',#1637,2.75);
#605=CIRCLE('',#1639,3.);
#606=CIRCLE('',#1641,2.75);
#607=CIRCLE('',#1642,2.75);
#608=CIRCLE('',#1650,12.5);
#609=CIRCLE('',#1652,2.25);
#610=CIRCLE('',#1654,2.25);
#611=CIRCLE('',#1656,2.25);
#612=CIRCLE('',#1658,2.25);
#613=VERTEX_POINT('',#2106);
#614=VERTEX_POINT('',#2107);
#615=VERTEX_POINT('',#2109);
#616=VERTEX_POINT('',#2111);
#617=VERTEX_POINT('',#2115);
#618=VERTEX_POINT('',#2117);
#619=VERTEX_POINT('',#2119);
#620=VERTEX_POINT('',#2121);
#621=VERTEX_POINT('',#2123);
#622=VERTEX_POINT('',#2125);
#623=VERTEX_POINT('',#2127);
#624=VERTEX_POINT('',#2129);
#625=VERTEX_POINT('',#2131);
#626=VERTEX_POINT('',#2133);
#627=VERTEX_POINT('',#2135);
#628=VERTEX_POINT('',#2137);
#629=VERTEX_POINT('',#2140);
#630=VERTEX_POINT('',#2142);
#631=VERTEX_POINT('',#2144);
#632=VERTEX_POINT('',#2146);
#633=VERTEX_POINT('',#2148);
#634=VERTEX_POINT('',#2151);
#635=VERTEX_POINT('',#2153);
#636=VERTEX_POINT('',#2155);
#637=VERTEX_POINT('',#2157);
#638=VERTEX_POINT('',#2159);
#639=VERTEX_POINT('',#2161);
#640=VERTEX_POINT('',#2163);
#641=VERTEX_POINT('',#2166);
#642=VERTEX_POINT('',#2169);
#643=VERTEX_POINT('',#2171);
#644=VERTEX_POINT('',#2175);
#645=VERTEX_POINT('',#2181);
#646=VERTEX_POINT('',#2184);
#647=VERTEX_POINT('',#2190);
#648=VERTEX_POINT('',#2191);
#649=VERTEX_POINT('',#2196);
#650=VERTEX_POINT('',#2200);
#651=VERTEX_POINT('',#2202);
#652=VERTEX_POINT('',#2204);
#653=VERTEX_POINT('',#2206);
#654=VERTEX_POINT('',#2208);
#655=VERTEX_POINT('',#2210);
#656=VERTEX_POINT('',#2212);
#657=VERTEX_POINT('',#2214);
#658=VERTEX_POINT('',#2223);
#659=VERTEX_POINT('',#2227);
#660=VERTEX_POINT('',#2231);
#661=VERTEX_POINT('',#2235);
#662=VERTEX_POINT('',#2240);
#663=VERTEX_POINT('',#2244);
#664=VERTEX_POINT('',#2246);
#665=VERTEX_POINT('',#2250);
#666=VERTEX_POINT('',#2254);
#667=VERTEX_POINT('',#2262);
#668=VERTEX_POINT('',#2264);
#669=VERTEX_POINT('',#2268);
#670=VERTEX_POINT('',#2271);
#671=VERTEX_POINT('',#2273);
#672=VERTEX_POINT('',#2276);
#673=VERTEX_POINT('',#2281);
#674=VERTEX_POINT('',#2283);
#675=VERTEX_POINT('',#2295);
#676=VERTEX_POINT('',#2299);
#677=VERTEX_POINT('',#2303);
#678=VERTEX_POINT('',#2307);
#679=VERTEX_POINT('',#2311);
#680=VERTEX_POINT('',#2316);
#681=VERTEX_POINT('',#2317);
#682=VERTEX_POINT('',#2319);
#683=VERTEX_POINT('',#2321);
#684=VERTEX_POINT('',#2325);
#685=VERTEX_POINT('',#2327);
#686=VERTEX_POINT('',#2329);
#687=VERTEX_POINT('',#2331);
#688=VERTEX_POINT('',#2333);
#689=VERTEX_POINT('',#2335);
#690=VERTEX_POINT('',#2337);
#691=VERTEX_POINT('',#2339);
#692=VERTEX_POINT('',#2341);
#693=VERTEX_POINT('',#2343);
#694=VERTEX_POINT('',#2345);
#695=VERTEX_POINT('',#2347);
#696=VERTEX_POINT('',#2350);
#697=VERTEX_POINT('',#2352);
#698=VERTEX_POINT('',#2354);
#699=VERTEX_POINT('',#2356);
#700=VERTEX_POINT('',#2358);
#701=VERTEX_POINT('',#2361);
#702=VERTEX_POINT('',#2363);
#703=VERTEX_POINT('',#2365);
#704=VERTEX_POINT('',#2367);
#705=VERTEX_POINT('',#2369);
#706=VERTEX_POINT('',#2371);
#707=VERTEX_POINT('',#2373);
#708=VERTEX_POINT('',#2376);
#709=VERTEX_POINT('',#2379);
#710=VERTEX_POINT('',#2381);
#711=VERTEX_POINT('',#2385);
#712=VERTEX_POINT('',#2391);
#713=VERTEX_POINT('',#2394);
#714=VERTEX_POINT('',#2400);
#715=VERTEX_POINT('',#2401);
#716=VERTEX_POINT('',#2406);
#717=VERTEX_POINT('',#2410);
#718=VERTEX_POINT('',#2412);
#719=VERTEX_POINT('',#2414);
#720=VERTEX_POINT('',#2416);
#721=VERTEX_POINT('',#2418);
#722=VERTEX_POINT('',#2420);
#723=VERTEX_POINT('',#2422);
#724=VERTEX_POINT('',#2424);
#725=VERTEX_POINT('',#2433);
#726=VERTEX_POINT('',#2437);
#727=VERTEX_POINT('',#2441);
#728=VERTEX_POINT('',#2445);
#729=VERTEX_POINT('',#2449);
#730=VERTEX_POINT('',#2454);
#731=VERTEX_POINT('',#2456);
#732=VERTEX_POINT('',#2460);
#733=VERTEX_POINT('',#2464);
#734=VERTEX_POINT('',#2472);
#735=VERTEX_POINT('',#2474);
#736=VERTEX_POINT('',#2478);
#737=VERTEX_POINT('',#2481);
#738=VERTEX_POINT('',#2483);
#739=VERTEX_POINT('',#2486);
#740=VERTEX_POINT('',#2491);
#741=VERTEX_POINT('',#2493);
#742=VERTEX_POINT('',#2505);
#743=VERTEX_POINT('',#2509);
#744=VERTEX_POINT('',#2513);
#745=VERTEX_POINT('',#2517);
#746=VERTEX_POINT('',#2521);
#747=EDGE_CURVE('',#613,#614,#547,.T.);
#748=EDGE_CURVE('',#614,#615,#287,.T.);
#749=EDGE_CURVE('',#615,#616,#548,.T.);
#750=EDGE_CURVE('',#616,#613,#288,.T.);
#751=EDGE_CURVE('',#617,#614,#289,.T.);
#752=EDGE_CURVE('',#617,#618,#290,.T.);
#753=EDGE_CURVE('',#619,#618,#291,.T.);
#754=EDGE_CURVE('',#620,#619,#292,.T.);
#755=EDGE_CURVE('',#621,#620,#293,.T.);
#756=EDGE_CURVE('',#622,#621,#549,.T.);
#757=EDGE_CURVE('',#623,#622,#294,.T.);
#758=EDGE_CURVE('',#624,#623,#550,.T.);
#759=EDGE_CURVE('',#625,#624,#295,.T.);
#760=EDGE_CURVE('',#626,#625,#551,.T.);
#761=EDGE_CURVE('',#627,#626,#296,.T.);
#762=EDGE_CURVE('',#628,#627,#552,.T.);
#763=EDGE_CURVE('',#628,#615,#297,.T.);
#764=EDGE_CURVE('',#629,#629,#553,.T.);
#765=EDGE_CURVE('',#630,#630,#554,.T.);
#766=EDGE_CURVE('',#631,#631,#555,.T.);
#767=EDGE_CURVE('',#632,#632,#556,.T.);
#768=EDGE_CURVE('',#633,#633,#557,.T.);
#769=EDGE_CURVE('',#613,#634,#298,.T.);
#770=EDGE_CURVE('',#635,#634,#558,.T.);
#771=EDGE_CURVE('',#635,#636,#299,.T.);
#772=EDGE_CURVE('',#637,#636,#559,.T.);
#773=EDGE_CURVE('',#637,#638,#300,.T.);
#774=EDGE_CURVE('',#639,#638,#560,.T.);
#775=EDGE_CURVE('',#639,#640,#301,.T.);
#776=EDGE_CURVE('',#640,#617,#302,.T.);
#777=EDGE_CURVE('',#641,#641,#561,.T.);
#778=EDGE_CURVE('',#634,#642,#303,.T.);
#779=EDGE_CURVE('',#642,#643,#562,.T.);
#780=EDGE_CURVE('',#643,#635,#304,.T.);
#781=EDGE_CURVE('',#644,#643,#305,.T.);
#782=EDGE_CURVE('',#636,#644,#306,.T.);
#783=EDGE_CURVE('',#644,#628,#307,.T.);
#784=EDGE_CURVE('',#616,#642,#308,.T.);
#785=EDGE_CURVE('',#645,#645,#563,.T.);
#786=EDGE_CURVE('',#627,#646,#309,.T.);
#787=EDGE_CURVE('',#646,#644,#17,.T.);
#788=EDGE_CURVE('',#646,#637,#310,.T.);
#789=EDGE_CURVE('',#647,#648,#18,.T.);
#790=EDGE_CURVE('',#648,#639,#311,.T.);
#791=EDGE_CURVE('',#638,#647,#312,.T.);
#792=EDGE_CURVE('',#649,#626,#313,.T.);
#793=EDGE_CURVE('',#647,#649,#314,.T.);
#794=EDGE_CURVE('',#650,#648,#315,.T.);
#795=EDGE_CURVE('',#650,#651,#316,.T.);
#796=EDGE_CURVE('',#652,#651,#317,.T.);
#797=EDGE_CURVE('',#653,#652,#318,.T.);
#798=EDGE_CURVE('',#654,#653,#564,.T.);
#799=EDGE_CURVE('',#655,#654,#319,.T.);
#800=EDGE_CURVE('',#655,#656,#320,.T.);
#801=EDGE_CURVE('',#657,#656,#321,.T.);
#802=EDGE_CURVE('',#640,#657,#322,.T.);
#803=EDGE_CURVE('',#621,#654,#323,.T.);
#804=EDGE_CURVE('',#653,#622,#324,.T.);
#805=EDGE_CURVE('',#620,#655,#325,.T.);
#806=EDGE_CURVE('',#625,#658,#326,.T.);
#807=EDGE_CURVE('',#658,#649,#19,.T.);
#808=EDGE_CURVE('',#658,#659,#327,.T.);
#809=EDGE_CURVE('',#659,#650,#20,.T.);
#810=EDGE_CURVE('',#660,#624,#328,.T.);
#811=EDGE_CURVE('',#658,#660,#329,.T.);
#812=EDGE_CURVE('',#661,#660,#21,.T.);
#813=EDGE_CURVE('',#623,#661,#330,.T.);
#814=EDGE_CURVE('',#661,#652,#331,.T.);
#815=EDGE_CURVE('',#651,#662,#22,.T.);
#816=EDGE_CURVE('',#662,#660,#332,.T.);
#817=EDGE_CURVE('',#659,#663,#333,.T.);
#818=EDGE_CURVE('',#664,#663,#565,.T.);
#819=EDGE_CURVE('',#664,#650,#334,.T.);
#820=EDGE_CURVE('',#665,#662,#335,.T.);
#821=EDGE_CURVE('',#660,#665,#336,.T.);
#822=EDGE_CURVE('',#651,#666,#337,.T.);
#823=EDGE_CURVE('',#665,#666,#566,.T.);
#824=EDGE_CURVE('',#663,#658,#338,.T.);
#825=EDGE_CURVE('',#666,#664,#339,.T.);
#826=EDGE_CURVE('',#656,#667,#567,.T.);
#827=EDGE_CURVE('',#667,#668,#340,.T.);
#828=EDGE_CURVE('',#668,#657,#568,.T.);
#829=EDGE_CURVE('',#669,#668,#341,.T.);
#830=EDGE_CURVE('',#618,#669,#569,.T.);
#831=EDGE_CURVE('',#670,#670,#570,.T.);
#832=EDGE_CURVE('',#671,#671,#571,.T.);
#833=EDGE_CURVE('',#669,#672,#342,.T.);
#834=EDGE_CURVE('',#672,#619,#572,.T.);
#835=EDGE_CURVE('',#667,#672,#343,.T.);
#836=EDGE_CURVE('',#673,#673,#573,.T.);
#837=EDGE_CURVE('',#674,#674,#574,.T.);
#838=EDGE_CURVE('',#674,#671,#344,.T.);
#839=EDGE_CURVE('',#673,#670,#345,.T.);
#840=EDGE_CURVE('',#645,#641,#346,.T.);
#841=EDGE_CURVE('',#675,#675,#575,.T.);
#842=EDGE_CURVE('',#675,#629,#347,.T.);
#843=EDGE_CURVE('',#676,#676,#576,.T.);
#844=EDGE_CURVE('',#676,#630,#348,.T.);
#845=EDGE_CURVE('',#677,#677,#577,.T.);
#846=EDGE_CURVE('',#677,#631,#349,.T.);
#847=EDGE_CURVE('',#678,#678,#578,.T.);
#848=EDGE_CURVE('',#678,#632,#350,.T.);
#849=EDGE_CURVE('',#679,#679,#579,.T.);
#850=EDGE_CURVE('',#679,#633,#351,.T.);
#851=EDGE_CURVE('',#680,#681,#580,.T.);
#852=EDGE_CURVE('',#682,#680,#352,.T.);
#853=EDGE_CURVE('',#683,#682,#581,.T.);
#854=EDGE_CURVE('',#681,#683,#353,.T.);
#855=EDGE_CURVE('',#684,#683,#354,.T.);
#856=EDGE_CURVE('',#684,#685,#582,.T.);
#857=EDGE_CURVE('',#685,#686,#355,.T.);
#858=EDGE_CURVE('',#686,#687,#583,.T.);
#859=EDGE_CURVE('',#687,#688,#356,.T.);
#860=EDGE_CURVE('',#688,#689,#584,.T.);
#861=EDGE_CURVE('',#689,#690,#357,.T.);
#862=EDGE_CURVE('',#690,#691,#585,.T.);
#863=EDGE_CURVE('',#691,#692,#358,.T.);
#864=EDGE_CURVE('',#692,#693,#359,.T.);
#865=EDGE_CURVE('',#693,#694,#360,.T.);
#866=EDGE_CURVE('',#695,#694,#361,.T.);
#867=EDGE_CURVE('',#695,#681,#362,.T.);
#868=EDGE_CURVE('',#696,#696,#586,.T.);
#869=EDGE_CURVE('',#697,#697,#587,.T.);
#870=EDGE_CURVE('',#698,#698,#588,.T.);
#871=EDGE_CURVE('',#699,#699,#589,.T.);
#872=EDGE_CURVE('',#700,#700,#590,.T.);
#873=EDGE_CURVE('',#701,#695,#363,.T.);
#874=EDGE_CURVE('',#702,#701,#364,.T.);
#875=EDGE_CURVE('',#702,#703,#591,.T.);
#876=EDGE_CURVE('',#704,#703,#365,.T.);
#877=EDGE_CURVE('',#704,#705,#592,.T.);
#878=EDGE_CURVE('',#706,#705,#366,.T.);
#879=EDGE_CURVE('',#706,#707,#593,.T.);
#880=EDGE_CURVE('',#680,#707,#367,.T.);
#881=EDGE_CURVE('',#708,#708,#594,.T.);
#882=EDGE_CURVE('',#709,#706,#368,.T.);
#883=EDGE_CURVE('',#710,#709,#595,.T.);
#884=EDGE_CURVE('',#707,#710,#369,.T.);
#885=EDGE_CURVE('',#705,#711,#370,.T.);
#886=EDGE_CURVE('',#711,#709,#371,.T.);
#887=EDGE_CURVE('',#682,#710,#372,.T.);
#888=EDGE_CURVE('',#711,#684,#373,.T.);
#889=EDGE_CURVE('',#712,#712,#596,.T.);
#890=EDGE_CURVE('',#713,#711,#23,.T.);
#891=EDGE_CURVE('',#685,#713,#374,.T.);
#892=EDGE_CURVE('',#713,#704,#375,.T.);
#893=EDGE_CURVE('',#714,#715,#24,.T.);
#894=EDGE_CURVE('',#703,#714,#376,.T.);
#895=EDGE_CURVE('',#715,#702,#377,.T.);
#896=EDGE_CURVE('',#714,#716,#378,.T.);
#897=EDGE_CURVE('',#716,#686,#379,.T.);
#898=EDGE_CURVE('',#701,#717,#380,.T.);
#899=EDGE_CURVE('',#717,#718,#381,.T.);
#900=EDGE_CURVE('',#719,#718,#382,.T.);
#901=EDGE_CURVE('',#719,#720,#383,.T.);
#902=EDGE_CURVE('',#720,#721,#597,.T.);
#903=EDGE_CURVE('',#721,#722,#384,.T.);
#904=EDGE_CURVE('',#722,#723,#385,.T.);
#905=EDGE_CURVE('',#724,#723,#386,.T.);
#906=EDGE_CURVE('',#724,#715,#387,.T.);
#907=EDGE_CURVE('',#721,#690,#388,.T.);
#908=EDGE_CURVE('',#691,#720,#389,.T.);
#909=EDGE_CURVE('',#692,#719,#390,.T.);
#910=EDGE_CURVE('',#725,#716,#25,.T.);
#911=EDGE_CURVE('',#687,#725,#391,.T.);
#912=EDGE_CURVE('',#726,#724,#26,.T.);
#913=EDGE_CURVE('',#725,#726,#392,.T.);
#914=EDGE_CURVE('',#725,#727,#393,.T.);
#915=EDGE_CURVE('',#727,#688,#394,.T.);
#916=EDGE_CURVE('',#728,#727,#27,.T.);
#917=EDGE_CURVE('',#689,#728,#395,.T.);
#918=EDGE_CURVE('',#729,#727,#396,.T.);
#919=EDGE_CURVE('',#723,#729,#28,.T.);
#920=EDGE_CURVE('',#728,#722,#397,.T.);
#921=EDGE_CURVE('',#730,#724,#398,.T.);
#922=EDGE_CURVE('',#730,#731,#598,.T.);
#923=EDGE_CURVE('',#726,#731,#399,.T.);
#924=EDGE_CURVE('',#727,#732,#400,.T.);
#925=EDGE_CURVE('',#732,#729,#401,.T.);
#926=EDGE_CURVE('',#732,#733,#599,.T.);
#927=EDGE_CURVE('',#723,#733,#402,.T.);
#928=EDGE_CURVE('',#731,#725,#403,.T.);
#929=EDGE_CURVE('',#733,#730,#404,.T.);
#930=EDGE_CURVE('',#718,#734,#600,.T.);
#931=EDGE_CURVE('',#735,#717,#601,.T.);
#932=EDGE_CURVE('',#734,#735,#405,.T.);
#933=EDGE_CURVE('',#694,#736,#602,.T.);
#934=EDGE_CURVE('',#736,#735,#406,.T.);
#935=EDGE_CURVE('',#737,#737,#603,.T.);
#936=EDGE_CURVE('',#738,#738,#604,.T.);
#937=EDGE_CURVE('',#739,#693,#605,.T.);
#938=EDGE_CURVE('',#736,#739,#407,.T.);
#939=EDGE_CURVE('',#734,#739,#408,.T.);
#940=EDGE_CURVE('',#740,#740,#606,.T.);
#941=EDGE_CURVE('',#741,#741,#607,.T.);
#942=EDGE_CURVE('',#741,#738,#409,.T.);
#943=EDGE_CURVE('',#740,#737,#410,.T.);
#944=EDGE_CURVE('',#712,#708,#411,.T.);
#945=EDGE_CURVE('',#742,#742,#608,.T.);
#946=EDGE_CURVE('',#742,#696,#412,.T.);
#947=EDGE_CURVE('',#743,#743,#609,.T.);
#948=EDGE_CURVE('',#743,#697,#413,.T.);
#949=EDGE_CURVE('',#744,#744,#610,.T.);
#950=EDGE_CURVE('',#744,#698,#414,.T.);
#951=EDGE_CURVE('',#745,#745,#611,.T.);
#952=EDGE_CURVE('',#745,#699,#415,.T.);
#953=EDGE_CURVE('',#746,#746,#612,.T.);
#954=EDGE_CURVE('',#746,#700,#416,.T.);
#955=ORIENTED_EDGE('',*,*,#747,.T.);
#956=ORIENTED_EDGE('',*,*,#748,.T.);
#957=ORIENTED_EDGE('',*,*,#749,.T.);
#958=ORIENTED_EDGE('',*,*,#750,.T.);
#959=ORIENTED_EDGE('',*,*,#748,.F.);
#960=ORIENTED_EDGE('',*,*,#751,.F.);
#961=ORIENTED_EDGE('',*,*,#752,.T.);
#962=ORIENTED_EDGE('',*,*,#753,.F.);
#963=ORIENTED_EDGE('',*,*,#754,.F.);
#964=ORIENTED_EDGE('',*,*,#755,.F.);
#965=ORIENTED_EDGE('',*,*,#756,.F.);
#966=ORIENTED_EDGE('',*,*,#757,.F.);
#967=ORIENTED_EDGE('',*,*,#758,.F.);
#968=ORIENTED_EDGE('',*,*,#759,.F.);
#969=ORIENTED_EDGE('',*,*,#760,.F.);
#970=ORIENTED_EDGE('',*,*,#761,.F.);
#971=ORIENTED_EDGE('',*,*,#762,.F.);
#972=ORIENTED_EDGE('',*,*,#763,.T.);
#973=ORIENTED_EDGE('',*,*,#764,.F.);
#974=ORIENTED_EDGE('',*,*,#765,.F.);
#975=ORIENTED_EDGE('',*,*,#766,.F.);
#976=ORIENTED_EDGE('',*,*,#767,.F.);
#977=ORIENTED_EDGE('',*,*,#768,.F.);
#978=ORIENTED_EDGE('',*,*,#747,.F.);
#979=ORIENTED_EDGE('',*,*,#769,.T.);
#980=ORIENTED_EDGE('',*,*,#770,.F.);
#981=ORIENTED_EDGE('',*,*,#771,.T.);
#982=ORIENTED_EDGE('',*,*,#772,.F.);
#983=ORIENTED_EDGE('',*,*,#773,.T.);
#984=ORIENTED_EDGE('',*,*,#774,.F.);
#985=ORIENTED_EDGE('',*,*,#775,.T.);
#986=ORIENTED_EDGE('',*,*,#776,.T.);
#987=ORIENTED_EDGE('',*,*,#751,.T.);
#988=ORIENTED_EDGE('',*,*,#777,.T.);
#989=ORIENTED_EDGE('',*,*,#770,.T.);
#990=ORIENTED_EDGE('',*,*,#778,.T.);
#991=ORIENTED_EDGE('',*,*,#779,.T.);
#992=ORIENTED_EDGE('',*,*,#780,.T.);
#993=ORIENTED_EDGE('',*,*,#780,.F.);
#994=ORIENTED_EDGE('',*,*,#781,.F.);
#995=ORIENTED_EDGE('',*,*,#782,.F.);
#996=ORIENTED_EDGE('',*,*,#771,.F.);
#997=ORIENTED_EDGE('',*,*,#749,.F.);
#998=ORIENTED_EDGE('',*,*,#763,.F.);
#999=ORIENTED_EDGE('',*,*,#783,.F.);
#1000=ORIENTED_EDGE('',*,*,#781,.T.);
#1001=ORIENTED_EDGE('',*,*,#779,.F.);
#1002=ORIENTED_EDGE('',*,*,#784,.F.);
#1003=ORIENTED_EDGE('',*,*,#785,.T.);
#1004=ORIENTED_EDGE('',*,*,#783,.T.);
#1005=ORIENTED_EDGE('',*,*,#762,.T.);
#1006=ORIENTED_EDGE('',*,*,#786,.T.);
#1007=ORIENTED_EDGE('',*,*,#787,.T.);
#1008=ORIENTED_EDGE('',*,*,#788,.T.);
#1009=ORIENTED_EDGE('',*,*,#772,.T.);
#1010=ORIENTED_EDGE('',*,*,#782,.T.);
#1011=ORIENTED_EDGE('',*,*,#787,.F.);
#1012=ORIENTED_EDGE('',*,*,#789,.T.);
#1013=ORIENTED_EDGE('',*,*,#790,.T.);
#1014=ORIENTED_EDGE('',*,*,#774,.T.);
#1015=ORIENTED_EDGE('',*,*,#791,.T.);
#1016=ORIENTED_EDGE('',*,*,#786,.F.);
#1017=ORIENTED_EDGE('',*,*,#761,.T.);
#1018=ORIENTED_EDGE('',*,*,#792,.F.);
#1019=ORIENTED_EDGE('',*,*,#793,.F.);
#1020=ORIENTED_EDGE('',*,*,#791,.F.);
#1021=ORIENTED_EDGE('',*,*,#773,.F.);
#1022=ORIENTED_EDGE('',*,*,#788,.F.);
#1023=ORIENTED_EDGE('',*,*,#790,.F.);
#1024=ORIENTED_EDGE('',*,*,#794,.F.);
#1025=ORIENTED_EDGE('',*,*,#795,.T.);
#1026=ORIENTED_EDGE('',*,*,#796,.F.);
#1027=ORIENTED_EDGE('',*,*,#797,.F.);
#1028=ORIENTED_EDGE('',*,*,#798,.F.);
#1029=ORIENTED_EDGE('',*,*,#799,.F.);
#1030=ORIENTED_EDGE('',*,*,#800,.T.);
#1031=ORIENTED_EDGE('',*,*,#801,.F.);
#1032=ORIENTED_EDGE('',*,*,#802,.F.);
#1033=ORIENTED_EDGE('',*,*,#775,.F.);
#1034=ORIENTED_EDGE('',*,*,#756,.T.);
#1035=ORIENTED_EDGE('',*,*,#803,.T.);
#1036=ORIENTED_EDGE('',*,*,#798,.T.);
#1037=ORIENTED_EDGE('',*,*,#804,.T.);
#1038=ORIENTED_EDGE('',*,*,#803,.F.);
#1039=ORIENTED_EDGE('',*,*,#755,.T.);
#1040=ORIENTED_EDGE('',*,*,#805,.T.);
#1041=ORIENTED_EDGE('',*,*,#799,.T.);
#1042=ORIENTED_EDGE('',*,*,#760,.T.);
#1043=ORIENTED_EDGE('',*,*,#806,.T.);
#1044=ORIENTED_EDGE('',*,*,#807,.T.);
#1045=ORIENTED_EDGE('',*,*,#792,.T.);
#1046=ORIENTED_EDGE('',*,*,#789,.F.);
#1047=ORIENTED_EDGE('',*,*,#793,.T.);
#1048=ORIENTED_EDGE('',*,*,#807,.F.);
#1049=ORIENTED_EDGE('',*,*,#808,.T.);
#1050=ORIENTED_EDGE('',*,*,#809,.T.);
#1051=ORIENTED_EDGE('',*,*,#794,.T.);
#1052=ORIENTED_EDGE('',*,*,#806,.F.);
#1053=ORIENTED_EDGE('',*,*,#759,.T.);
#1054=ORIENTED_EDGE('',*,*,#810,.F.);
#1055=ORIENTED_EDGE('',*,*,#811,.F.);
#1056=ORIENTED_EDGE('',*,*,#812,.T.);
#1057=ORIENTED_EDGE('',*,*,#810,.T.);
#1058=ORIENTED_EDGE('',*,*,#758,.T.);
#1059=ORIENTED_EDGE('',*,*,#813,.T.);
#1060=ORIENTED_EDGE('',*,*,#812,.F.);
#1061=ORIENTED_EDGE('',*,*,#814,.T.);
#1062=ORIENTED_EDGE('',*,*,#796,.T.);
#1063=ORIENTED_EDGE('',*,*,#815,.T.);
#1064=ORIENTED_EDGE('',*,*,#816,.T.);
#1065=ORIENTED_EDGE('',*,*,#809,.F.);
#1066=ORIENTED_EDGE('',*,*,#817,.T.);
#1067=ORIENTED_EDGE('',*,*,#818,.F.);
#1068=ORIENTED_EDGE('',*,*,#819,.T.);
#1069=ORIENTED_EDGE('',*,*,#816,.F.);
#1070=ORIENTED_EDGE('',*,*,#820,.F.);
#1071=ORIENTED_EDGE('',*,*,#821,.F.);
#1072=ORIENTED_EDGE('',*,*,#815,.F.);
#1073=ORIENTED_EDGE('',*,*,#822,.T.);
#1074=ORIENTED_EDGE('',*,*,#823,.F.);
#1075=ORIENTED_EDGE('',*,*,#820,.T.);
#1076=ORIENTED_EDGE('',*,*,#808,.F.);
#1077=ORIENTED_EDGE('',*,*,#824,.F.);
#1078=ORIENTED_EDGE('',*,*,#817,.F.);
#1079=ORIENTED_EDGE('',*,*,#819,.F.);
#1080=ORIENTED_EDGE('',*,*,#825,.F.);
#1081=ORIENTED_EDGE('',*,*,#822,.F.);
#1082=ORIENTED_EDGE('',*,*,#795,.F.);
#1083=ORIENTED_EDGE('',*,*,#826,.T.);
#1084=ORIENTED_EDGE('',*,*,#827,.T.);
#1085=ORIENTED_EDGE('',*,*,#828,.T.);
#1086=ORIENTED_EDGE('',*,*,#801,.T.);
#1087=ORIENTED_EDGE('',*,*,#828,.F.);
#1088=ORIENTED_EDGE('',*,*,#829,.F.);
#1089=ORIENTED_EDGE('',*,*,#830,.F.);
#1090=ORIENTED_EDGE('',*,*,#752,.F.);
#1091=ORIENTED_EDGE('',*,*,#776,.F.);
#1092=ORIENTED_EDGE('',*,*,#802,.T.);
#1093=ORIENTED_EDGE('',*,*,#831,.T.);
#1094=ORIENTED_EDGE('',*,*,#832,.T.);
#1095=ORIENTED_EDGE('',*,*,#830,.T.);
#1096=ORIENTED_EDGE('',*,*,#833,.T.);
#1097=ORIENTED_EDGE('',*,*,#834,.T.);
#1098=ORIENTED_EDGE('',*,*,#753,.T.);
#1099=ORIENTED_EDGE('',*,*,#826,.F.);
#1100=ORIENTED_EDGE('',*,*,#800,.F.);
#1101=ORIENTED_EDGE('',*,*,#805,.F.);
#1102=ORIENTED_EDGE('',*,*,#754,.T.);
#1103=ORIENTED_EDGE('',*,*,#834,.F.);
#1104=ORIENTED_EDGE('',*,*,#835,.F.);
#1105=ORIENTED_EDGE('',*,*,#836,.T.);
#1106=ORIENTED_EDGE('',*,*,#837,.T.);
#1107=ORIENTED_EDGE('',*,*,#837,.F.);
#1108=ORIENTED_EDGE('',*,*,#838,.T.);
#1109=ORIENTED_EDGE('',*,*,#832,.F.);
#1110=ORIENTED_EDGE('',*,*,#838,.F.);
#1111=ORIENTED_EDGE('',*,*,#836,.F.);
#1112=ORIENTED_EDGE('',*,*,#839,.T.);
#1113=ORIENTED_EDGE('',*,*,#831,.F.);
#1114=ORIENTED_EDGE('',*,*,#839,.F.);
#1115=ORIENTED_EDGE('',*,*,#827,.F.);
#1116=ORIENTED_EDGE('',*,*,#835,.T.);
#1117=ORIENTED_EDGE('',*,*,#833,.F.);
#1118=ORIENTED_EDGE('',*,*,#829,.T.);
#1119=ORIENTED_EDGE('',*,*,#785,.F.);
#1120=ORIENTED_EDGE('',*,*,#840,.T.);
#1121=ORIENTED_EDGE('',*,*,#777,.F.);
#1122=ORIENTED_EDGE('',*,*,#840,.F.);
#1123=ORIENTED_EDGE('',*,*,#750,.F.);
#1124=ORIENTED_EDGE('',*,*,#784,.T.);
#1125=ORIENTED_EDGE('',*,*,#778,.F.);
#1126=ORIENTED_EDGE('',*,*,#769,.F.);
#1127=ORIENTED_EDGE('',*,*,#804,.F.);
#1128=ORIENTED_EDGE('',*,*,#797,.T.);
#1129=ORIENTED_EDGE('',*,*,#814,.F.);
#1130=ORIENTED_EDGE('',*,*,#813,.F.);
#1131=ORIENTED_EDGE('',*,*,#757,.T.);
#1132=ORIENTED_EDGE('',*,*,#841,.F.);
#1133=ORIENTED_EDGE('',*,*,#842,.T.);
#1134=ORIENTED_EDGE('',*,*,#764,.T.);
#1135=ORIENTED_EDGE('',*,*,#842,.F.);
#1136=ORIENTED_EDGE('',*,*,#843,.F.);
#1137=ORIENTED_EDGE('',*,*,#844,.T.);
#1138=ORIENTED_EDGE('',*,*,#765,.T.);
#1139=ORIENTED_EDGE('',*,*,#844,.F.);
#1140=ORIENTED_EDGE('',*,*,#845,.F.);
#1141=ORIENTED_EDGE('',*,*,#846,.T.);
#1142=ORIENTED_EDGE('',*,*,#766,.T.);
#1143=ORIENTED_EDGE('',*,*,#846,.F.);
#1144=ORIENTED_EDGE('',*,*,#847,.F.);
#1145=ORIENTED_EDGE('',*,*,#848,.T.);
#1146=ORIENTED_EDGE('',*,*,#767,.T.);
#1147=ORIENTED_EDGE('',*,*,#848,.F.);
#1148=ORIENTED_EDGE('',*,*,#849,.F.);
#1149=ORIENTED_EDGE('',*,*,#850,.T.);
#1150=ORIENTED_EDGE('',*,*,#768,.T.);
#1151=ORIENTED_EDGE('',*,*,#850,.F.);
#1152=ORIENTED_EDGE('',*,*,#818,.T.);
#1153=ORIENTED_EDGE('',*,*,#824,.T.);
#1154=ORIENTED_EDGE('',*,*,#811,.T.);
#1155=ORIENTED_EDGE('',*,*,#821,.T.);
#1156=ORIENTED_EDGE('',*,*,#823,.T.);
#1157=ORIENTED_EDGE('',*,*,#825,.T.);
#1158=ORIENTED_EDGE('',*,*,#849,.T.);
#1159=ORIENTED_EDGE('',*,*,#847,.T.);
#1160=ORIENTED_EDGE('',*,*,#845,.T.);
#1161=ORIENTED_EDGE('',*,*,#843,.T.);
#1162=ORIENTED_EDGE('',*,*,#841,.T.);
#1163=ORIENTED_EDGE('',*,*,#851,.F.);
#1164=ORIENTED_EDGE('',*,*,#852,.F.);
#1165=ORIENTED_EDGE('',*,*,#853,.F.);
#1166=ORIENTED_EDGE('',*,*,#854,.F.);
#1167=ORIENTED_EDGE('',*,*,#854,.T.);
#1168=ORIENTED_EDGE('',*,*,#855,.F.);
#1169=ORIENTED_EDGE('',*,*,#856,.T.);
#1170=ORIENTED_EDGE('',*,*,#857,.T.);
#1171=ORIENTED_EDGE('',*,*,#858,.T.);
#1172=ORIENTED_EDGE('',*,*,#859,.T.);
#1173=ORIENTED_EDGE('',*,*,#860,.T.);
#1174=ORIENTED_EDGE('',*,*,#861,.T.);
#1175=ORIENTED_EDGE('',*,*,#862,.T.);
#1176=ORIENTED_EDGE('',*,*,#863,.T.);
#1177=ORIENTED_EDGE('',*,*,#864,.T.);
#1178=ORIENTED_EDGE('',*,*,#865,.T.);
#1179=ORIENTED_EDGE('',*,*,#866,.F.);
#1180=ORIENTED_EDGE('',*,*,#867,.T.);
#1181=ORIENTED_EDGE('',*,*,#868,.T.);
#1182=ORIENTED_EDGE('',*,*,#869,.T.);
#1183=ORIENTED_EDGE('',*,*,#870,.T.);
#1184=ORIENTED_EDGE('',*,*,#871,.T.);
#1185=ORIENTED_EDGE('',*,*,#872,.T.);
#1186=ORIENTED_EDGE('',*,*,#851,.T.);
#1187=ORIENTED_EDGE('',*,*,#867,.F.);
#1188=ORIENTED_EDGE('',*,*,#873,.F.);
#1189=ORIENTED_EDGE('',*,*,#874,.F.);
#1190=ORIENTED_EDGE('',*,*,#875,.T.);
#1191=ORIENTED_EDGE('',*,*,#876,.F.);
#1192=ORIENTED_EDGE('',*,*,#877,.T.);
#1193=ORIENTED_EDGE('',*,*,#878,.F.);
#1194=ORIENTED_EDGE('',*,*,#879,.T.);
#1195=ORIENTED_EDGE('',*,*,#880,.F.);
#1196=ORIENTED_EDGE('',*,*,#881,.F.);
#1197=ORIENTED_EDGE('',*,*,#879,.F.);
#1198=ORIENTED_EDGE('',*,*,#882,.F.);
#1199=ORIENTED_EDGE('',*,*,#883,.F.);
#1200=ORIENTED_EDGE('',*,*,#884,.F.);
#1201=ORIENTED_EDGE('',*,*,#882,.T.);
#1202=ORIENTED_EDGE('',*,*,#878,.T.);
#1203=ORIENTED_EDGE('',*,*,#885,.T.);
#1204=ORIENTED_EDGE('',*,*,#886,.T.);
#1205=ORIENTED_EDGE('',*,*,#853,.T.);
#1206=ORIENTED_EDGE('',*,*,#887,.T.);
#1207=ORIENTED_EDGE('',*,*,#883,.T.);
#1208=ORIENTED_EDGE('',*,*,#886,.F.);
#1209=ORIENTED_EDGE('',*,*,#888,.T.);
#1210=ORIENTED_EDGE('',*,*,#855,.T.);
#1211=ORIENTED_EDGE('',*,*,#889,.F.);
#1212=ORIENTED_EDGE('',*,*,#888,.F.);
#1213=ORIENTED_EDGE('',*,*,#890,.F.);
#1214=ORIENTED_EDGE('',*,*,#891,.F.);
#1215=ORIENTED_EDGE('',*,*,#856,.F.);
#1216=ORIENTED_EDGE('',*,*,#892,.F.);
#1217=ORIENTED_EDGE('',*,*,#890,.T.);
#1218=ORIENTED_EDGE('',*,*,#885,.F.);
#1219=ORIENTED_EDGE('',*,*,#877,.F.);
#1220=ORIENTED_EDGE('',*,*,#893,.F.);
#1221=ORIENTED_EDGE('',*,*,#894,.F.);
#1222=ORIENTED_EDGE('',*,*,#875,.F.);
#1223=ORIENTED_EDGE('',*,*,#895,.F.);
#1224=ORIENTED_EDGE('',*,*,#891,.T.);
#1225=ORIENTED_EDGE('',*,*,#892,.T.);
#1226=ORIENTED_EDGE('',*,*,#876,.T.);
#1227=ORIENTED_EDGE('',*,*,#894,.T.);
#1228=ORIENTED_EDGE('',*,*,#896,.T.);
#1229=ORIENTED_EDGE('',*,*,#897,.T.);
#1230=ORIENTED_EDGE('',*,*,#857,.F.);
#1231=ORIENTED_EDGE('',*,*,#895,.T.);
#1232=ORIENTED_EDGE('',*,*,#874,.T.);
#1233=ORIENTED_EDGE('',*,*,#898,.T.);
#1234=ORIENTED_EDGE('',*,*,#899,.T.);
#1235=ORIENTED_EDGE('',*,*,#900,.F.);
#1236=ORIENTED_EDGE('',*,*,#901,.T.);
#1237=ORIENTED_EDGE('',*,*,#902,.T.);
#1238=ORIENTED_EDGE('',*,*,#903,.T.);
#1239=ORIENTED_EDGE('',*,*,#904,.T.);
#1240=ORIENTED_EDGE('',*,*,#905,.F.);
#1241=ORIENTED_EDGE('',*,*,#906,.T.);
#1242=ORIENTED_EDGE('',*,*,#862,.F.);
#1243=ORIENTED_EDGE('',*,*,#907,.F.);
#1244=ORIENTED_EDGE('',*,*,#902,.F.);
#1245=ORIENTED_EDGE('',*,*,#908,.F.);
#1246=ORIENTED_EDGE('',*,*,#908,.T.);
#1247=ORIENTED_EDGE('',*,*,#901,.F.);
#1248=ORIENTED_EDGE('',*,*,#909,.F.);
#1249=ORIENTED_EDGE('',*,*,#863,.F.);
#1250=ORIENTED_EDGE('',*,*,#858,.F.);
#1251=ORIENTED_EDGE('',*,*,#897,.F.);
#1252=ORIENTED_EDGE('',*,*,#910,.F.);
#1253=ORIENTED_EDGE('',*,*,#911,.F.);
#1254=ORIENTED_EDGE('',*,*,#893,.T.);
#1255=ORIENTED_EDGE('',*,*,#906,.F.);
#1256=ORIENTED_EDGE('',*,*,#912,.F.);
#1257=ORIENTED_EDGE('',*,*,#913,.F.);
#1258=ORIENTED_EDGE('',*,*,#910,.T.);
#1259=ORIENTED_EDGE('',*,*,#896,.F.);
#1260=ORIENTED_EDGE('',*,*,#911,.T.);
#1261=ORIENTED_EDGE('',*,*,#914,.T.);
#1262=ORIENTED_EDGE('',*,*,#915,.T.);
#1263=ORIENTED_EDGE('',*,*,#859,.F.);
#1264=ORIENTED_EDGE('',*,*,#916,.F.);
#1265=ORIENTED_EDGE('',*,*,#917,.F.);
#1266=ORIENTED_EDGE('',*,*,#860,.F.);
#1267=ORIENTED_EDGE('',*,*,#915,.F.);
#1268=ORIENTED_EDGE('',*,*,#916,.T.);
#1269=ORIENTED_EDGE('',*,*,#918,.F.);
#1270=ORIENTED_EDGE('',*,*,#919,.F.);
#1271=ORIENTED_EDGE('',*,*,#904,.F.);
#1272=ORIENTED_EDGE('',*,*,#920,.F.);
#1273=ORIENTED_EDGE('',*,*,#912,.T.);
#1274=ORIENTED_EDGE('',*,*,#921,.F.);
#1275=ORIENTED_EDGE('',*,*,#922,.T.);
#1276=ORIENTED_EDGE('',*,*,#923,.F.);
#1277=ORIENTED_EDGE('',*,*,#918,.T.);
#1278=ORIENTED_EDGE('',*,*,#924,.T.);
#1279=ORIENTED_EDGE('',*,*,#925,.T.);
#1280=ORIENTED_EDGE('',*,*,#919,.T.);
#1281=ORIENTED_EDGE('',*,*,#925,.F.);
#1282=ORIENTED_EDGE('',*,*,#926,.T.);
#1283=ORIENTED_EDGE('',*,*,#927,.F.);
#1284=ORIENTED_EDGE('',*,*,#913,.T.);
#1285=ORIENTED_EDGE('',*,*,#923,.T.);
#1286=ORIENTED_EDGE('',*,*,#928,.T.);
#1287=ORIENTED_EDGE('',*,*,#921,.T.);
#1288=ORIENTED_EDGE('',*,*,#905,.T.);
#1289=ORIENTED_EDGE('',*,*,#927,.T.);
#1290=ORIENTED_EDGE('',*,*,#929,.T.);
#1291=ORIENTED_EDGE('',*,*,#930,.F.);
#1292=ORIENTED_EDGE('',*,*,#899,.F.);
#1293=ORIENTED_EDGE('',*,*,#931,.F.);
#1294=ORIENTED_EDGE('',*,*,#932,.F.);
#1295=ORIENTED_EDGE('',*,*,#931,.T.);
#1296=ORIENTED_EDGE('',*,*,#898,.F.);
#1297=ORIENTED_EDGE('',*,*,#873,.T.);
#1298=ORIENTED_EDGE('',*,*,#866,.T.);
#1299=ORIENTED_EDGE('',*,*,#933,.T.);
#1300=ORIENTED_EDGE('',*,*,#934,.T.);
#1301=ORIENTED_EDGE('',*,*,#935,.F.);
#1302=ORIENTED_EDGE('',*,*,#936,.F.);
#1303=ORIENTED_EDGE('',*,*,#933,.F.);
#1304=ORIENTED_EDGE('',*,*,#865,.F.);
#1305=ORIENTED_EDGE('',*,*,#937,.F.);
#1306=ORIENTED_EDGE('',*,*,#938,.F.);
#1307=ORIENTED_EDGE('',*,*,#930,.T.);
#1308=ORIENTED_EDGE('',*,*,#939,.T.);
#1309=ORIENTED_EDGE('',*,*,#937,.T.);
#1310=ORIENTED_EDGE('',*,*,#864,.F.);
#1311=ORIENTED_EDGE('',*,*,#909,.T.);
#1312=ORIENTED_EDGE('',*,*,#900,.T.);
#1313=ORIENTED_EDGE('',*,*,#940,.F.);
#1314=ORIENTED_EDGE('',*,*,#941,.F.);
#1315=ORIENTED_EDGE('',*,*,#941,.T.);
#1316=ORIENTED_EDGE('',*,*,#942,.T.);
#1317=ORIENTED_EDGE('',*,*,#936,.T.);
#1318=ORIENTED_EDGE('',*,*,#942,.F.);
#1319=ORIENTED_EDGE('',*,*,#940,.T.);
#1320=ORIENTED_EDGE('',*,*,#943,.T.);
#1321=ORIENTED_EDGE('',*,*,#935,.T.);
#1322=ORIENTED_EDGE('',*,*,#943,.F.);
#1323=ORIENTED_EDGE('',*,*,#932,.T.);
#1324=ORIENTED_EDGE('',*,*,#934,.F.);
#1325=ORIENTED_EDGE('',*,*,#938,.T.);
#1326=ORIENTED_EDGE('',*,*,#939,.F.);
#1327=ORIENTED_EDGE('',*,*,#889,.T.);
#1328=ORIENTED_EDGE('',*,*,#944,.T.);
#1329=ORIENTED_EDGE('',*,*,#881,.T.);
#1330=ORIENTED_EDGE('',*,*,#944,.F.);
#1331=ORIENTED_EDGE('',*,*,#852,.T.);
#1332=ORIENTED_EDGE('',*,*,#880,.T.);
#1333=ORIENTED_EDGE('',*,*,#884,.T.);
#1334=ORIENTED_EDGE('',*,*,#887,.F.);
#1335=ORIENTED_EDGE('',*,*,#907,.T.);
#1336=ORIENTED_EDGE('',*,*,#861,.F.);
#1337=ORIENTED_EDGE('',*,*,#917,.T.);
#1338=ORIENTED_EDGE('',*,*,#920,.T.);
#1339=ORIENTED_EDGE('',*,*,#903,.F.);
#1340=ORIENTED_EDGE('',*,*,#945,.T.);
#1341=ORIENTED_EDGE('',*,*,#946,.T.);
#1342=ORIENTED_EDGE('',*,*,#868,.F.);
#1343=ORIENTED_EDGE('',*,*,#946,.F.);
#1344=ORIENTED_EDGE('',*,*,#947,.T.);
#1345=ORIENTED_EDGE('',*,*,#948,.T.);
#1346=ORIENTED_EDGE('',*,*,#869,.F.);
#1347=ORIENTED_EDGE('',*,*,#948,.F.);
#1348=ORIENTED_EDGE('',*,*,#949,.T.);
#1349=ORIENTED_EDGE('',*,*,#950,.T.);
#1350=ORIENTED_EDGE('',*,*,#870,.F.);
#1351=ORIENTED_EDGE('',*,*,#950,.F.);
#1352=ORIENTED_EDGE('',*,*,#951,.T.);
#1353=ORIENTED_EDGE('',*,*,#952,.T.);
#1354=ORIENTED_EDGE('',*,*,#871,.F.);
#1355=ORIENTED_EDGE('',*,*,#952,.F.);
#1356=ORIENTED_EDGE('',*,*,#953,.T.);
#1357=ORIENTED_EDGE('',*,*,#954,.T.);
#1358=ORIENTED_EDGE('',*,*,#872,.F.);
#1359=ORIENTED_EDGE('',*,*,#954,.F.);
#1360=ORIENTED_EDGE('',*,*,#922,.F.);
#1361=ORIENTED_EDGE('',*,*,#929,.F.);
#1362=ORIENTED_EDGE('',*,*,#926,.F.);
#1363=ORIENTED_EDGE('',*,*,#924,.F.);
#1364=ORIENTED_EDGE('',*,*,#914,.F.);
#1365=ORIENTED_EDGE('',*,*,#928,.F.);
#1366=ORIENTED_EDGE('',*,*,#953,.F.);
#1367=ORIENTED_EDGE('',*,*,#951,.F.);
#1368=ORIENTED_EDGE('',*,*,#949,.F.);
#1369=ORIENTED_EDGE('',*,*,#947,.F.);
#1370=ORIENTED_EDGE('',*,*,#945,.F.);
#1371=CYLINDRICAL_SURFACE('',#1504,3.);
#1372=CYLINDRICAL_SURFACE('',#1522,3.);
#1373=CYLINDRICAL_SURFACE('',#1527,3.);
#1374=CYLINDRICAL_SURFACE('',#1529,3.);
#1375=CYLINDRICAL_SURFACE('',#1530,3.);
#1376=CYLINDRICAL_SURFACE('',#1535,3.);
#1377=CYLINDRICAL_SURFACE('',#1537,3.);
#1378=CYLINDRICAL_SURFACE('',#1542,3.);
#1379=CYLINDRICAL_SURFACE('',#1546,3.);
#1380=CYLINDRICAL_SURFACE('',#1549,3.);
#1381=CYLINDRICAL_SURFACE('',#1553,3.);
#1382=CYLINDRICAL_SURFACE('',#1560,3.);
#1383=CYLINDRICAL_SURFACE('',#1565,2.75);
#1384=CYLINDRICAL_SURFACE('',#1566,2.75);
#1385=CYLINDRICAL_SURFACE('',#1568,2.75);
#1386=CYLINDRICAL_SURFACE('',#1571,12.5);
#1387=CYLINDRICAL_SURFACE('',#1573,2.25);
#1388=CYLINDRICAL_SURFACE('',#1575,2.25);
#1389=CYLINDRICAL_SURFACE('',#1577,2.25);
#1390=CYLINDRICAL_SURFACE('',#1579,2.25);
#1391=CYLINDRICAL_SURFACE('',#1582,3.);
#1392=CYLINDRICAL_SURFACE('',#1600,3.);
#1393=CYLINDRICAL_SURFACE('',#1605,3.);
#1394=CYLINDRICAL_SURFACE('',#1607,3.);
#1395=CYLINDRICAL_SURFACE('',#1608,3.);
#1396=CYLINDRICAL_SURFACE('',#1613,3.);
#1397=CYLINDRICAL_SURFACE('',#1615,3.);
#1398=CYLINDRICAL_SURFACE('',#1620,3.);
#1399=CYLINDRICAL_SURFACE('',#1624,3.);
#1400=CYLINDRICAL_SURFACE('',#1627,3.);
#1401=CYLINDRICAL_SURFACE('',#1631,3.);
#1402=CYLINDRICAL_SURFACE('',#1638,3.);
#1403=CYLINDRICAL_SURFACE('',#1643,2.75);
#1404=CYLINDRICAL_SURFACE('',#1644,2.75);
#1405=CYLINDRICAL_SURFACE('',#1646,2.75);
#1406=CYLINDRICAL_SURFACE('',#1649,12.5);
#1407=CYLINDRICAL_SURFACE('',#1651,2.25);
#1408=CYLINDRICAL_SURFACE('',#1653,2.25);
#1409=CYLINDRICAL_SURFACE('',#1655,2.25);
#1410=CYLINDRICAL_SURFACE('',#1657,2.25);
#1411=ADVANCED_FACE('',(#99),#1371,.T.);
#1412=ADVANCED_FACE('',(#100,#29,#30,#31,#32,#33),#61,.F.);
#1413=ADVANCED_FACE('',(#101,#34),#62,.T.);
#1414=ADVANCED_FACE('',(#102),#1372,.T.);
#1415=ADVANCED_FACE('',(#103),#63,.F.);
#1416=ADVANCED_FACE('',(#104,#35),#64,.F.);
#1417=ADVANCED_FACE('',(#105),#1373,.F.);
#1418=ADVANCED_FACE('',(#106),#1374,.F.);
#1419=ADVANCED_FACE('',(#107),#1375,.T.);
#1420=ADVANCED_FACE('',(#108),#65,.T.);
#1421=ADVANCED_FACE('',(#109),#66,.T.);
#1422=ADVANCED_FACE('',(#110),#1376,.T.);
#1423=ADVANCED_FACE('',(#111),#67,.T.);
#1424=ADVANCED_FACE('',(#112),#1377,.T.);
#1425=ADVANCED_FACE('',(#113),#68,.T.);
#1426=ADVANCED_FACE('',(#114),#69,.T.);
#1427=ADVANCED_FACE('',(#115),#1378,.T.);
#1428=ADVANCED_FACE('',(#116),#70,.T.);
#1429=ADVANCED_FACE('',(#117),#1379,.F.);
#1430=ADVANCED_FACE('',(#118),#71,.T.);
#1431=ADVANCED_FACE('',(#119),#1380,.F.);
#1432=ADVANCED_FACE('',(#120),#72,.T.);
#1433=ADVANCED_FACE('',(#121),#73,.F.);
#1434=ADVANCED_FACE('',(#122),#1381,.T.);
#1435=ADVANCED_FACE('',(#123,#36,#37),#74,.T.);
#1436=ADVANCED_FACE('',(#124),#1382,.T.);
#1437=ADVANCED_FACE('',(#125,#38,#39),#75,.T.);
#1438=ADVANCED_FACE('',(#126),#1383,.F.);
#1439=ADVANCED_FACE('',(#127),#1384,.F.);
#1440=ADVANCED_FACE('',(#128),#76,.T.);
#1441=ADVANCED_FACE('',(#129),#1385,.F.);
#1442=ADVANCED_FACE('',(#130),#77,.T.);
#1443=ADVANCED_FACE('',(#131),#78,.T.);
#1444=ADVANCED_FACE('',(#132),#1386,.F.);
#1445=ADVANCED_FACE('',(#133),#1387,.F.);
#1446=ADVANCED_FACE('',(#134),#1388,.F.);
#1447=ADVANCED_FACE('',(#135),#1389,.F.);
#1448=ADVANCED_FACE('',(#136),#1390,.F.);
#1449=ADVANCED_FACE('',(#137,#40,#41,#42,#43,#44),#79,.T.);
#1450=ADVANCED_FACE('',(#138),#1391,.T.);
#1451=ADVANCED_FACE('',(#139,#45,#46,#47,#48,#49),#80,.T.);
#1452=ADVANCED_FACE('',(#140,#50),#81,.F.);
#1453=ADVANCED_FACE('',(#141),#1392,.T.);
#1454=ADVANCED_FACE('',(#142),#82,.T.);
#1455=ADVANCED_FACE('',(#143,#51),#83,.T.);
#1456=ADVANCED_FACE('',(#144),#1393,.F.);
#1457=ADVANCED_FACE('',(#145),#1394,.F.);
#1458=ADVANCED_FACE('',(#146),#1395,.T.);
#1459=ADVANCED_FACE('',(#147),#84,.F.);
#1460=ADVANCED_FACE('',(#148),#85,.F.);
#1461=ADVANCED_FACE('',(#149),#1396,.T.);
#1462=ADVANCED_FACE('',(#150),#86,.F.);
#1463=ADVANCED_FACE('',(#151),#1397,.T.);
#1464=ADVANCED_FACE('',(#152),#87,.F.);
#1465=ADVANCED_FACE('',(#153),#88,.F.);
#1466=ADVANCED_FACE('',(#154),#1398,.T.);
#1467=ADVANCED_FACE('',(#155),#89,.F.);
#1468=ADVANCED_FACE('',(#156),#1399,.F.);
#1469=ADVANCED_FACE('',(#157),#90,.F.);
#1470=ADVANCED_FACE('',(#158),#1400,.F.);
#1471=ADVANCED_FACE('',(#159),#91,.F.);
#1472=ADVANCED_FACE('',(#160),#92,.T.);
#1473=ADVANCED_FACE('',(#161),#1401,.T.);
#1474=ADVANCED_FACE('',(#162,#52,#53),#93,.F.);
#1475=ADVANCED_FACE('',(#163),#1402,.T.);
#1476=ADVANCED_FACE('',(#164,#54,#55),#94,.F.);
#1477=ADVANCED_FACE('',(#165),#1403,.F.);
#1478=ADVANCED_FACE('',(#166),#1404,.F.);
#1479=ADVANCED_FACE('',(#167),#95,.F.);
#1480=ADVANCED_FACE('',(#168),#1405,.F.);
#1481=ADVANCED_FACE('',(#169),#96,.F.);
#1482=ADVANCED_FACE('',(#170),#97,.F.);
#1483=ADVANCED_FACE('',(#171),#1406,.F.);
#1484=ADVANCED_FACE('',(#172),#1407,.F.);
#1485=ADVANCED_FACE('',(#173),#1408,.F.);
#1486=ADVANCED_FACE('',(#174),#1409,.F.);
#1487=ADVANCED_FACE('',(#175),#1410,.F.);
#1488=ADVANCED_FACE('',(#176,#56,#57,#58,#59,#60),#98,.F.);
#1489=CLOSED_SHELL('',(#1411,#1412,#1413,#1414,#1415,#1416,#1417,#1418,
#1419,#1420,#1421,#1422,#1423,#1424,#1425,#1426,#1427,#1428,#1429,#1430,
#1431,#1432,#1433,#1434,#1435,#1436,#1437,#1438,#1439,#1440,#1441,#1442,
#1443,#1444,#1445,#1446,#1447,#1448,#1449));
#1490=CLOSED_SHELL('',(#1450,#1451,#1452,#1453,#1454,#1455,#1456,#1457,
#1458,#1459,#1460,#1461,#1462,#1463,#1464,#1465,#1466,#1467,#1468,#1469,
#1470,#1471,#1472,#1473,#1474,#1475,#1476,#1477,#1478,#1479,#1480,#1481,
#1482,#1483,#1484,#1485,#1486,#1487,#1488));
#1491=DERIVED_UNIT_ELEMENT(#1493,1.);
#1492=DERIVED_UNIT_ELEMENT(#2530,-3.);
#1493=(
MASS_UNIT()
NAMED_UNIT(*)
SI_UNIT(.KILO.,.GRAM.)
);
#1494=DERIVED_UNIT((#1491,#1492));
#1495=MEASURE_REPRESENTATION_ITEM('density measure',
POSITIVE_RATIO_MEASURE(7850.),#1494);
#1496=PROPERTY_DEFINITION_REPRESENTATION(#1501,#1498);
#1497=PROPERTY_DEFINITION_REPRESENTATION(#1502,#1499);
#1498=REPRESENTATION('material name',(#1500),#2527);
#1499=REPRESENTATION('density',(#1495),#2527);
#1500=DESCRIPTIVE_REPRESENTATION_ITEM('Steel','Steel');
#1501=PROPERTY_DEFINITION('material property','material name',#2537);
#1502=PROPERTY_DEFINITION('material property','density of part',#2537);
#1503=AXIS2_PLACEMENT_3D('',#2104,#1660,#1661);
#1504=AXIS2_PLACEMENT_3D('',#2105,#1662,#1663);
#1505=AXIS2_PLACEMENT_3D('',#2108,#1664,#1665);
#1506=AXIS2_PLACEMENT_3D('',#2112,#1667,#1668);
#1507=AXIS2_PLACEMENT_3D('',#2114,#1670,#1671);
#1508=AXIS2_PLACEMENT_3D('',#2126,#1677,#1678);
#1509=AXIS2_PLACEMENT_3D('',#2130,#1680,#1681);
#1510=AXIS2_PLACEMENT_3D('',#2134,#1683,#1684);
#1511=AXIS2_PLACEMENT_3D('',#2138,#1686,#1687);
#1512=AXIS2_PLACEMENT_3D('',#2141,#1689,#1690);
#1513=AXIS2_PLACEMENT_3D('',#2143,#1691,#1692);
#1514=AXIS2_PLACEMENT_3D('',#2145,#1693,#1694);
#1515=AXIS2_PLACEMENT_3D('',#2147,#1695,#1696);
#1516=AXIS2_PLACEMENT_3D('',#2149,#1697,#1698);
#1517=AXIS2_PLACEMENT_3D('',#2150,#1699,#1700);
#1518=AXIS2_PLACEMENT_3D('',#2154,#1702,#1703);
#1519=AXIS2_PLACEMENT_3D('',#2158,#1705,#1706);
#1520=AXIS2_PLACEMENT_3D('',#2162,#1708,#1709);
#1521=AXIS2_PLACEMENT_3D('',#2167,#1712,#1713);
#1522=AXIS2_PLACEMENT_3D('',#2168,#1714,#1715);
#1523=AXIS2_PLACEMENT_3D('',#2172,#1717,#1718);
#1524=AXIS2_PLACEMENT_3D('',#2174,#1720,#1721);
#1525=AXIS2_PLACEMENT_3D('',#2178,#1724,#1725);
#1526=AXIS2_PLACEMENT_3D('',#2182,#1728,#1729);
#1527=AXIS2_PLACEMENT_3D('',#2183,#1730,#1731);
#1528=AXIS2_PLACEMENT_3D('',#2186,#1733,#1734);
#1529=AXIS2_PLACEMENT_3D('',#2187,#1735,#1736);
#1530=AXIS2_PLACEMENT_3D('',#2189,#1738,#1739);
#1531=AXIS2_PLACEMENT_3D('',#2192,#1740,#1741);
#1532=AXIS2_PLACEMENT_3D('',#2195,#1744,#1745);
#1533=AXIS2_PLACEMENT_3D('',#2199,#1748,#1749);
#1534=AXIS2_PLACEMENT_3D('',#2209,#1754,#1755);
#1535=AXIS2_PLACEMENT_3D('',#2217,#1760,#1761);
#1536=AXIS2_PLACEMENT_3D('',#2220,#1764,#1765);
#1537=AXIS2_PLACEMENT_3D('',#2222,#1767,#1768);
#1538=AXIS2_PLACEMENT_3D('',#2225,#1770,#1771);
#1539=AXIS2_PLACEMENT_3D('',#2226,#1772,#1773);
#1540=AXIS2_PLACEMENT_3D('',#2229,#1775,#1776);
#1541=AXIS2_PLACEMENT_3D('',#2230,#1777,#1778);
#1542=AXIS2_PLACEMENT_3D('',#2234,#1781,#1782);
#1543=AXIS2_PLACEMENT_3D('',#2236,#1783,#1784);
#1544=AXIS2_PLACEMENT_3D('',#2238,#1786,#1787);
#1545=AXIS2_PLACEMENT_3D('',#2241,#1789,#1790);
#1546=AXIS2_PLACEMENT_3D('',#2243,#1792,#1793);
#1547=AXIS2_PLACEMENT_3D('',#2247,#1795,#1796);
#1548=AXIS2_PLACEMENT_3D('',#2249,#1798,#1799);
#1549=AXIS2_PLACEMENT_3D('',#2253,#1802,#1803);
#1550=AXIS2_PLACEMENT_3D('',#2256,#1805,#1806);
#1551=AXIS2_PLACEMENT_3D('',#2257,#1807,#1808);
#1552=AXIS2_PLACEMENT_3D('',#2259,#1810,#1811);
#1553=AXIS2_PLACEMENT_3D('',#2261,#1813,#1814);
#1554=AXIS2_PLACEMENT_3D('',#2263,#1815,#1816);
#1555=AXIS2_PLACEMENT_3D('',#2266,#1818,#1819);
#1556=AXIS2_PLACEMENT_3D('',#2267,#1820,#1821);
#1557=AXIS2_PLACEMENT_3D('',#2270,#1823,#1824);
#1558=AXIS2_PLACEMENT_3D('',#2272,#1825,#1826);
#1559=AXIS2_PLACEMENT_3D('',#2274,#1827,#1828);
#1560=AXIS2_PLACEMENT_3D('',#2275,#1829,#1830);
#1561=AXIS2_PLACEMENT_3D('',#2278,#1832,#1833);
#1562=AXIS2_PLACEMENT_3D('',#2279,#1834,#1835);
#1563=AXIS2_PLACEMENT_3D('',#2282,#1837,#1838);
#1564=AXIS2_PLACEMENT_3D('',#2284,#1839,#1840);
#1565=AXIS2_PLACEMENT_3D('',#2285,#1841,#1842);
#1566=AXIS2_PLACEMENT_3D('',#2287,#1844,#1845);
#1567=AXIS2_PLACEMENT_3D('',#2289,#1847,#1848);
#1568=AXIS2_PLACEMENT_3D('',#2290,#1849,#1850);
#1569=AXIS2_PLACEMENT_3D('',#2292,#1852,#1853);
#1570=AXIS2_PLACEMENT_3D('',#2293,#1854,#1855);
#1571=AXIS2_PLACEMENT_3D('',#2294,#1856,#1857);
#1572=AXIS2_PLACEMENT_3D('',#2296,#1858,#1859);
#1573=AXIS2_PLACEMENT_3D('',#2298,#1861,#1862);
#1574=AXIS2_PLACEMENT_3D('',#2300,#1863,#1864);
#1575=AXIS2_PLACEMENT_3D('',#2302,#1866,#1867);
#1576=AXIS2_PLACEMENT_3D('',#2304,#1868,#1869);
#1577=AXIS2_PLACEMENT_3D('',#2306,#1871,#1872);
#1578=AXIS2_PLACEMENT_3D('',#2308,#1873,#1874);
#1579=AXIS2_PLACEMENT_3D('',#2310,#1876,#1877);
#1580=AXIS2_PLACEMENT_3D('',#2312,#1878,#1879);
#1581=AXIS2_PLACEMENT_3D('',#2314,#1881,#1882);
#1582=AXIS2_PLACEMENT_3D('',#2315,#1883,#1884);
#1583=AXIS2_PLACEMENT_3D('',#2318,#1885,#1886);
#1584=AXIS2_PLACEMENT_3D('',#2322,#1888,#1889);
#1585=AXIS2_PLACEMENT_3D('',#2324,#1891,#1892);
#1586=AXIS2_PLACEMENT_3D('',#2328,#1894,#1895);
#1587=AXIS2_PLACEMENT_3D('',#2332,#1897,#1898);
#1588=AXIS2_PLACEMENT_3D('',#2336,#1900,#1901);
#1589=AXIS2_PLACEMENT_3D('',#2340,#1903,#1904);
#1590=AXIS2_PLACEMENT_3D('',#2351,#1910,#1911);
#1591=AXIS2_PLACEMENT_3D('',#2353,#1912,#1913);
#1592=AXIS2_PLACEMENT_3D('',#2355,#1914,#1915);
#1593=AXIS2_PLACEMENT_3D('',#2357,#1916,#1917);
#1594=AXIS2_PLACEMENT_3D('',#2359,#1918,#1919);
#1595=AXIS2_PLACEMENT_3D('',#2360,#1920,#1921);
#1596=AXIS2_PLACEMENT_3D('',#2366,#1924,#1925);
#1597=AXIS2_PLACEMENT_3D('',#2370,#1927,#1928);
#1598=AXIS2_PLACEMENT_3D('',#2374,#1930,#1931);
#1599=AXIS2_PLACEMENT_3D('',#2377,#1933,#1934);
#1600=AXIS2_PLACEMENT_3D('',#2378,#1935,#1936);
#1601=AXIS2_PLACEMENT_3D('',#2382,#1938,#1939);
#1602=AXIS2_PLACEMENT_3D('',#2384,#1941,#1942);
#1603=AXIS2_PLACEMENT_3D('',#2388,#1945,#1946);
#1604=AXIS2_PLACEMENT_3D('',#2392,#1949,#1950);
#1605=AXIS2_PLACEMENT_3D('',#2393,#1951,#1952);
#1606=AXIS2_PLACEMENT_3D('',#2395,#1953,#1954);
#1607=AXIS2_PLACEMENT_3D('',#2397,#1956,#1957);
#1608=AXIS2_PLACEMENT_3D('',#2399,#1959,#1960);
#1609=AXIS2_PLACEMENT_3D('',#2402,#1961,#1962);
#1610=AXIS2_PLACEMENT_3D('',#2405,#1965,#1966);
#1611=AXIS2_PLACEMENT_3D('',#2409,#1969,#1970);
#1612=AXIS2_PLACEMENT_3D('',#2419,#1975,#1976);
#1613=AXIS2_PLACEMENT_3D('',#2427,#1981,#1982);
#1614=AXIS2_PLACEMENT_3D('',#2430,#1985,#1986);
#1615=AXIS2_PLACEMENT_3D('',#2432,#1988,#1989);
#1616=AXIS2_PLACEMENT_3D('',#2434,#1990,#1991);
#1617=AXIS2_PLACEMENT_3D('',#2436,#1993,#1994);
#1618=AXIS2_PLACEMENT_3D('',#2438,#1995,#1996);
#1619=AXIS2_PLACEMENT_3D('',#2440,#1998,#1999);
#1620=AXIS2_PLACEMENT_3D('',#2444,#2002,#2003);
#1621=AXIS2_PLACEMENT_3D('',#2446,#2004,#2005);
#1622=AXIS2_PLACEMENT_3D('',#2448,#2007,#2008);
#1623=AXIS2_PLACEMENT_3D('',#2451,#2010,#2011);
#1624=AXIS2_PLACEMENT_3D('',#2453,#2013,#2014);
#1625=AXIS2_PLACEMENT_3D('',#2457,#2016,#2017);
#1626=AXIS2_PLACEMENT_3D('',#2459,#2019,#2020);
#1627=AXIS2_PLACEMENT_3D('',#2463,#2023,#2024);
#1628=AXIS2_PLACEMENT_3D('',#2465,#2025,#2026);
#1629=AXIS2_PLACEMENT_3D('',#2467,#2028,#2029);
#1630=AXIS2_PLACEMENT_3D('',#2469,#2031,#2032);
#1631=AXIS2_PLACEMENT_3D('',#2471,#2034,#2035);
#1632=AXIS2_PLACEMENT_3D('',#2473,#2036,#2037);
#1633=AXIS2_PLACEMENT_3D('',#2475,#2038,#2039);
#1634=AXIS2_PLACEMENT_3D('',#2477,#2041,#2042);
#1635=AXIS2_PLACEMENT_3D('',#2479,#2043,#2044);
#1636=AXIS2_PLACEMENT_3D('',#2482,#2046,#2047);
#1637=AXIS2_PLACEMENT_3D('',#2484,#2048,#2049);
#1638=AXIS2_PLACEMENT_3D('',#2485,#2050,#2051);
#1639=AXIS2_PLACEMENT_3D('',#2487,#2052,#2053);
#1640=AXIS2_PLACEMENT_3D('',#2489,#2055,#2056);
#1641=AXIS2_PLACEMENT_3D('',#2492,#2058,#2059);
#1642=AXIS2_PLACEMENT_3D('',#2494,#2060,#2061);
#1643=AXIS2_PLACEMENT_3D('',#2495,#2062,#2063);
#1644=AXIS2_PLACEMENT_3D('',#2497,#2065,#2066);
#1645=AXIS2_PLACEMENT_3D('',#2499,#2068,#2069);
#1646=AXIS2_PLACEMENT_3D('',#2500,#2070,#2071);
#1647=AXIS2_PLACEMENT_3D('',#2502,#2073,#2074);
#1648=AXIS2_PLACEMENT_3D('',#2503,#2075,#2076);
#1649=AXIS2_PLACEMENT_3D('',#2504,#2077,#2078);
#1650=AXIS2_PLACEMENT_3D('',#2506,#2079,#2080);
#1651=AXIS2_PLACEMENT_3D('',#2508,#2082,#2083);
#1652=AXIS2_PLACEMENT_3D('',#2510,#2084,#2085);
#1653=AXIS2_PLACEMENT_3D('',#2512,#2087,#2088);
#1654=AXIS2_PLACEMENT_3D('',#2514,#2089,#2090);
#1655=AXIS2_PLACEMENT_3D('',#2516,#2092,#2093);
#1656=AXIS2_PLACEMENT_3D('',#2518,#2094,#2095);
#1657=AXIS2_PLACEMENT_3D('',#2520,#2097,#2098);
#1658=AXIS2_PLACEMENT_3D('',#2522,#2099,#2100);
#1659=AXIS2_PLACEMENT_3D('',#2524,#2102,#2103);
#1660=DIRECTION('axis',(0.,0.,1.));
#1661=DIRECTION('refdir',(1.,0.,0.));
#1662=DIRECTION('center_axis',(0.,-1.,0.));
#1663=DIRECTION('ref_axis',(0.707106781186548,0.,-0.707106781186547));
#1664=DIRECTION('center_axis',(0.,1.,0.));
#1665=DIRECTION('ref_axis',(0.707106781186548,0.,-0.707106781186547));
#1666=DIRECTION('',(0.,1.,0.));
#1667=DIRECTION('center_axis',(0.,-1.,0.));
#1668=DIRECTION('ref_axis',(0.707106781186548,0.,-0.707106781186547));
#1669=DIRECTION('',(0.,-1.,0.));
#1670=DIRECTION('center_axis',(0.,0.,1.));
#1671=DIRECTION('ref_axis',(1.,0.,0.));
#1672=DIRECTION('',(1.,0.,0.));
#1673=DIRECTION('',(0.,-1.,0.));
#1674=DIRECTION('',(1.,0.,0.));
#1675=DIRECTION('',(0.,-1.,0.));
#1676=DIRECTION('',(1.,0.,0.));
#1677=DIRECTION('center_axis',(0.,0.,1.));
#1678=DIRECTION('ref_axis',(-0.707106781186548,-0.707106781186548,0.));
#1679=DIRECTION('',(0.,-1.,0.));
#1680=DIRECTION('center_axis',(0.,0.,1.));
#1681=DIRECTION('ref_axis',(-0.707106781186547,0.707106781186548,0.));
#1682=DIRECTION('',(-1.,0.,0.));
#1683=DIRECTION('center_axis',(0.,0.,1.));
#1684=DIRECTION('ref_axis',(0.707106781186545,0.70710678118655,0.));
#1685=DIRECTION('',(0.,1.,0.));
#1686=DIRECTION('center_axis',(0.,0.,-1.));
#1687=DIRECTION('ref_axis',(-0.707106781186546,-0.707106781186549,0.));
#1688=DIRECTION('',(1.,0.,0.));
#1689=DIRECTION('center_axis',(0.,0.,-1.));
#1690=DIRECTION('ref_axis',(1.,0.,0.));
#1691=DIRECTION('center_axis',(0.,0.,-1.));
#1692=DIRECTION('ref_axis',(1.,0.,0.));
#1693=DIRECTION('center_axis',(0.,0.,-1.));
#1694=DIRECTION('ref_axis',(1.,0.,0.));
#1695=DIRECTION('center_axis',(0.,0.,-1.));
#1696=DIRECTION('ref_axis',(1.,0.,0.));
#1697=DIRECTION('center_axis',(0.,0.,-1.));
#1698=DIRECTION('ref_axis',(1.,0.,0.));
#1699=DIRECTION('center_axis',(0.,-1.,0.));
#1700=DIRECTION('ref_axis',(0.,0.,-1.));
#1701=DIRECTION('',(0.,0.,1.));
#1702=DIRECTION('center_axis',(0.,1.,0.));
#1703=DIRECTION('ref_axis',(0.707106781186548,0.,0.707106781186547));
#1704=DIRECTION('',(-1.,0.,0.));
#1705=DIRECTION('center_axis',(0.,-1.,0.));
#1706=DIRECTION('ref_axis',(-0.707106781186547,0.,-0.707106781186548));
#1707=DIRECTION('',(0.,0.,1.));
#1708=DIRECTION('center_axis',(0.,1.,0.));
#1709=DIRECTION('ref_axis',(0.707106781186547,0.,0.707106781186548));
#1710=DIRECTION('',(-1.,0.,0.));
#1711=DIRECTION('',(0.,0.,-1.));
#1712=DIRECTION('center_axis',(0.,1.,0.));
#1713=DIRECTION('ref_axis',(-1.,0.,0.));
#1714=DIRECTION('center_axis',(0.,-1.,0.));
#1715=DIRECTION('ref_axis',(0.707106781186548,0.,0.707106781186547));
#1716=DIRECTION('',(0.,1.,0.));
#1717=DIRECTION('center_axis',(0.,-1.,0.));
#1718=DIRECTION('ref_axis',(0.707106781186548,0.,0.707106781186547));
#1719=DIRECTION('',(0.,-1.,0.));
#1720=DIRECTION('center_axis',(0.,0.,-1.));
#1721=DIRECTION('ref_axis',(0.,-1.,0.));
#1722=DIRECTION('',(1.,0.,0.));
#1723=DIRECTION('',(0.,1.,0.));
#1724=DIRECTION('center_axis',(0.,-1.,0.));
#1725=DIRECTION('ref_axis',(1.,0.,0.));
#1726=DIRECTION('',(0.,0.,-1.));
#1727=DIRECTION('',(0.,0.,1.));
#1728=DIRECTION('center_axis',(0.,-1.,0.));
#1729=DIRECTION('ref_axis',(-1.,0.,0.));
#1730=DIRECTION('center_axis',(0.,0.,1.));
#1731=DIRECTION('ref_axis',(-0.707106781186546,-0.707106781186549,0.));
#1732=DIRECTION('',(0.,0.,1.));
#1733=DIRECTION('center_axis',(0.,-0.707106781186547,0.707106781186548));
#1734=DIRECTION('ref_axis',(0.,-0.707106781186548,-0.707106781186547));
#1735=DIRECTION('center_axis',(0.,-1.,0.));
#1736=DIRECTION('ref_axis',(-0.707106781186547,0.,-0.707106781186548));
#1737=DIRECTION('',(0.,-1.,0.));
#1738=DIRECTION('center_axis',(0.,1.,0.));
#1739=DIRECTION('ref_axis',(0.707106781186547,0.,0.707106781186548));
#1740=DIRECTION('center_axis',(0.,-0.603313060594131,-0.797504451972867));
#1741=DIRECTION('ref_axis',(-5.5817670910723E-17,-0.797504451972867,0.603313060594131));
#1742=DIRECTION('',(0.,-1.,0.));
#1743=DIRECTION('',(0.,1.,0.));
#1744=DIRECTION('center_axis',(1.,0.,0.));
#1745=DIRECTION('ref_axis',(0.,0.,-1.));
#1746=DIRECTION('',(0.,0.,-1.));
#1747=DIRECTION('',(0.,0.797504451972867,-0.603313060594131));
#1748=DIRECTION('center_axis',(0.,0.,1.));
#1749=DIRECTION('ref_axis',(-1.,0.,0.));
#1750=DIRECTION('',(1.,0.,0.));
#1751=DIRECTION('',(-1.,0.,0.));
#1752=DIRECTION('',(1.,0.,0.));
#1753=DIRECTION('',(0.,1.,0.));
#1754=DIRECTION('center_axis',(0.,0.,-1.));
#1755=DIRECTION('ref_axis',(-0.707106781186548,-0.707106781186548,0.));
#1756=DIRECTION('',(-1.,0.,0.));
#1757=DIRECTION('',(0.,-1.,0.));
#1758=DIRECTION('',(-1.,0.,0.));
#1759=DIRECTION('',(0.,-1.,0.));
#1760=DIRECTION('center_axis',(0.,0.,-1.));
#1761=DIRECTION('ref_axis',(-0.707106781186548,-0.707106781186548,0.));
#1762=DIRECTION('',(0.,0.,1.));
#1763=DIRECTION('',(0.,0.,-1.));
#1764=DIRECTION('center_axis',(0.,-1.,0.));
#1765=DIRECTION('ref_axis',(0.,0.,-1.));
#1766=DIRECTION('',(0.,0.,1.));
#1767=DIRECTION('center_axis',(0.,0.,-1.));
#1768=DIRECTION('ref_axis',(0.707106781186545,0.70710678118655,0.));
#1769=DIRECTION('',(0.,0.,1.));
#1770=DIRECTION('center_axis',(0.,-0.603313060594131,-0.797504451972867));
#1771=DIRECTION('ref_axis',(7.3783983735112E-17,0.797504451972867,-0.603313060594131));
#1772=DIRECTION('center_axis',(0.,0.603313060594131,0.797504451972867));
#1773=DIRECTION('ref_axis',(1.,0.,0.));
#1774=DIRECTION('',(0.,-0.797504451972867,0.603313060594131));
#1775=DIRECTION('center_axis',(0.,-0.603313060594131,-0.797504451972867));
#1776=DIRECTION('ref_axis',(7.3783983735112E-17,-0.797504451972867,0.603313060594131));
#1777=DIRECTION('center_axis',(0.,1.,0.));
#1778=DIRECTION('ref_axis',(-1.,0.,0.));
#1779=DIRECTION('',(0.,0.,-1.));
#1780=DIRECTION('',(-1.,0.,0.));
#1781=DIRECTION('center_axis',(0.,0.,1.));
#1782=DIRECTION('ref_axis',(-0.707106781186547,0.707106781186548,0.));
#1783=DIRECTION('center_axis',(0.,-0.603313060594131,-0.797504451972867));
#1784=DIRECTION('ref_axis',(7.3783983735112E-17,0.797504451972867,-0.603313060594131));
#1785=DIRECTION('',(0.,0.,1.));
#1786=DIRECTION('center_axis',(0.,0.603313060594131,0.797504451972867));
#1787=DIRECTION('ref_axis',(1.,0.,0.));
#1788=DIRECTION('',(0.,-0.797504451972867,0.603313060594131));
#1789=DIRECTION('center_axis',(0.,-0.603313060594131,-0.797504451972867));
#1790=DIRECTION('ref_axis',(0.,-0.797504451972867,0.603313060594131));
#1791=DIRECTION('',(0.,0.797504451972867,-0.603313060594131));
#1792=DIRECTION('center_axis',(0.,0.,-1.));
#1793=DIRECTION('ref_axis',(0.707106781186548,-0.707106781186547,0.));
#1794=DIRECTION('',(0.,0.,-1.));
#1795=DIRECTION('center_axis',(0.,0.,1.));
#1796=DIRECTION('ref_axis',(0.707106781186548,-0.707106781186547,0.));
#1797=DIRECTION('',(0.,0.,1.));
#1798=DIRECTION('center_axis',(1.,0.,0.));
#1799=DIRECTION('ref_axis',(0.,0.,-1.));
#1800=DIRECTION('',(0.,0.,1.));
#1801=DIRECTION('',(0.,-1.,0.));
#1802=DIRECTION('center_axis',(0.,0.,1.));
#1803=DIRECTION('ref_axis',(-0.707106781186548,-0.707106781186548,0.));
#1804=DIRECTION('',(0.,0.,-1.));
#1805=DIRECTION('center_axis',(0.,0.,1.));
#1806=DIRECTION('ref_axis',(-0.707106781186548,-0.707106781186548,0.));
#1807=DIRECTION('center_axis',(-1.,0.,0.));
#1808=DIRECTION('ref_axis',(0.,0.,1.));
#1809=DIRECTION('',(0.,1.,0.));
#1810=DIRECTION('center_axis',(0.,-1.,0.));
#1811=DIRECTION('ref_axis',(1.,0.,0.));
#1812=DIRECTION('',(1.,0.,0.));
#1813=DIRECTION('center_axis',(-1.,0.,0.));
#1814=DIRECTION('ref_axis',(0.,-0.707106781186547,0.707106781186547));
#1815=DIRECTION('center_axis',(1.,0.,0.));
#1816=DIRECTION('ref_axis',(0.,-0.707106781186547,0.707106781186547));
#1817=DIRECTION('',(1.,0.,0.));
#1818=DIRECTION('center_axis',(-1.,0.,0.));
#1819=DIRECTION('ref_axis',(0.,-0.707106781186547,0.707106781186547));
#1820=DIRECTION('center_axis',(1.,0.,0.));
#1821=DIRECTION('ref_axis',(0.,0.,1.));
#1822=DIRECTION('',(0.,0.,1.));
#1823=DIRECTION('center_axis',(-1.,0.,0.));
#1824=DIRECTION('ref_axis',(0.,-0.707106781186547,-0.707106781186548));
#1825=DIRECTION('center_axis',(-1.,0.,0.));
#1826=DIRECTION('ref_axis',(0.,-1.,0.));
#1827=DIRECTION('center_axis',(-1.,0.,0.));
#1828=DIRECTION('ref_axis',(0.,-1.,0.));
#1829=DIRECTION('center_axis',(1.,0.,0.));
#1830=DIRECTION('ref_axis',(0.,-0.707106781186547,-0.707106781186548));
#1831=DIRECTION('',(-1.,0.,0.));
#1832=DIRECTION('center_axis',(1.,0.,0.));
#1833=DIRECTION('ref_axis',(0.,-0.707106781186547,-0.707106781186548));
#1834=DIRECTION('center_axis',(-1.,0.,0.));
#1835=DIRECTION('ref_axis',(0.,0.,-1.));
#1836=DIRECTION('',(0.,0.,-1.));
#1837=DIRECTION('center_axis',(1.,0.,0.));
#1838=DIRECTION('ref_axis',(0.,-1.,0.));
#1839=DIRECTION('center_axis',(1.,0.,0.));
#1840=DIRECTION('ref_axis',(0.,-1.,0.));
#1841=DIRECTION('center_axis',(1.,0.,0.));
#1842=DIRECTION('ref_axis',(0.,-1.,0.));
#1843=DIRECTION('',(1.,0.,0.));
#1844=DIRECTION('center_axis',(1.,0.,0.));
#1845=DIRECTION('ref_axis',(0.,-1.,0.));
#1846=DIRECTION('',(1.,0.,0.));
#1847=DIRECTION('center_axis',(0.,-1.,0.));
#1848=DIRECTION('ref_axis',(0.,0.,-1.));
#1849=DIRECTION('center_axis',(0.,-1.,0.));
#1850=DIRECTION('ref_axis',(-1.,0.,0.));
#1851=DIRECTION('',(0.,-1.,0.));
#1852=DIRECTION('center_axis',(1.,0.,0.));
#1853=DIRECTION('ref_axis',(0.,0.,1.));
#1854=DIRECTION('center_axis',(-1.,0.,0.));
#1855=DIRECTION('ref_axis',(0.,0.,-1.));
#1856=DIRECTION('center_axis',(0.,0.,1.));
#1857=DIRECTION('ref_axis',(1.,0.,0.));
#1858=DIRECTION('center_axis',(0.,0.,-1.));
#1859=DIRECTION('ref_axis',(1.,0.,0.));
#1860=DIRECTION('',(0.,0.,-1.));
#1861=DIRECTION('center_axis',(0.,0.,1.));
#1862=DIRECTION('ref_axis',(1.,0.,0.));
#1863=DIRECTION('center_axis',(0.,0.,-1.));
#1864=DIRECTION('ref_axis',(1.,0.,0.));
#1865=DIRECTION('',(0.,0.,-1.));
#1866=DIRECTION('center_axis',(0.,0.,1.));
#1867=DIRECTION('ref_axis',(1.,0.,0.));
#1868=DIRECTION('center_axis',(0.,0.,-1.));
#1869=DIRECTION('ref_axis',(1.,0.,0.));
#1870=DIRECTION('',(0.,0.,-1.));
#1871=DIRECTION('center_axis',(0.,0.,1.));
#1872=DIRECTION('ref_axis',(1.,0.,0.));
#1873=DIRECTION('center_axis',(0.,0.,-1.));
#1874=DIRECTION('ref_axis',(1.,0.,0.));
#1875=DIRECTION('',(0.,0.,-1.));
#1876=DIRECTION('center_axis',(0.,0.,1.));
#1877=DIRECTION('ref_axis',(1.,0.,0.));
#1878=DIRECTION('center_axis',(0.,0.,-1.));
#1879=DIRECTION('ref_axis',(1.,0.,0.));
#1880=DIRECTION('',(0.,0.,-1.));
#1881=DIRECTION('center_axis',(0.,0.,1.));
#1882=DIRECTION('ref_axis',(1.,0.,0.));
#1883=DIRECTION('center_axis',(0.,1.,0.));
#1884=DIRECTION('ref_axis',(-0.707106781186548,0.,-0.707106781186547));
#1885=DIRECTION('center_axis',(0.,-1.,0.));
#1886=DIRECTION('ref_axis',(-0.707106781186548,0.,-0.707106781186547));
#1887=DIRECTION('',(0.,-1.,0.));
#1888=DIRECTION('center_axis',(0.,1.,0.));
#1889=DIRECTION('ref_axis',(-0.707106781186548,0.,-0.707106781186547));
#1890=DIRECTION('',(0.,1.,0.));
#1891=DIRECTION('center_axis',(0.,0.,-1.));
#1892=DIRECTION('ref_axis',(-1.,0.,0.));
#1893=DIRECTION('',(-1.,0.,0.));
#1894=DIRECTION('center_axis',(0.,0.,1.));
#1895=DIRECTION('ref_axis',(0.707106781186546,-0.707106781186549,0.));
#1896=DIRECTION('',(0.,1.,0.));
#1897=DIRECTION('center_axis',(0.,0.,-1.));
#1898=DIRECTION('ref_axis',(-0.707106781186545,0.70710678118655,0.));
#1899=DIRECTION('',(1.,0.,0.));
#1900=DIRECTION('center_axis',(0.,0.,-1.));
#1901=DIRECTION('ref_axis',(0.707106781186547,0.707106781186548,0.));
#1902=DIRECTION('',(0.,-1.,0.));
#1903=DIRECTION('center_axis',(0.,0.,-1.));
#1904=DIRECTION('ref_axis',(0.707106781186548,-0.707106781186548,0.));
#1905=DIRECTION('',(-1.,0.,0.));
#1906=DIRECTION('',(0.,-1.,0.));
#1907=DIRECTION('',(-1.,0.,0.));
#1908=DIRECTION('',(0.,-1.,0.));
#1909=DIRECTION('',(-1.,0.,0.));
#1910=DIRECTION('center_axis',(0.,0.,1.));
#1911=DIRECTION('ref_axis',(-1.,0.,0.));
#1912=DIRECTION('center_axis',(0.,0.,1.));
#1913=DIRECTION('ref_axis',(-1.,0.,0.));
#1914=DIRECTION('center_axis',(0.,0.,1.));
#1915=DIRECTION('ref_axis',(-1.,0.,0.));
#1916=DIRECTION('center_axis',(0.,0.,1.));
#1917=DIRECTION('ref_axis',(-1.,0.,0.));
#1918=DIRECTION('center_axis',(0.,0.,1.));
#1919=DIRECTION('ref_axis',(-1.,0.,0.));
#1920=DIRECTION('center_axis',(0.,1.,0.));
#1921=DIRECTION('ref_axis',(0.,0.,-1.));
#1922=DIRECTION('',(0.,0.,-1.));
#1923=DIRECTION('',(1.,0.,0.));
#1924=DIRECTION('center_axis',(0.,-1.,0.));
#1925=DIRECTION('ref_axis',(-0.707106781186547,0.,0.707106781186548));
#1926=DIRECTION('',(0.,0.,1.));
#1927=DIRECTION('center_axis',(0.,1.,0.));
#1928=DIRECTION('ref_axis',(0.707106781186547,0.,-0.707106781186548));
#1929=DIRECTION('',(1.,0.,0.));
#1930=DIRECTION('center_axis',(0.,-1.,0.));
#1931=DIRECTION('ref_axis',(-0.707106781186548,0.,0.707106781186547));
#1932=DIRECTION('',(0.,0.,1.));
#1933=DIRECTION('center_axis',(0.,-1.,0.));
#1934=DIRECTION('ref_axis',(1.,0.,0.));
#1935=DIRECTION('center_axis',(0.,1.,0.));
#1936=DIRECTION('ref_axis',(-0.707106781186548,0.,0.707106781186547));
#1937=DIRECTION('',(0.,-1.,0.));
#1938=DIRECTION('center_axis',(0.,1.,0.));
#1939=DIRECTION('ref_axis',(-0.707106781186548,0.,0.707106781186547));
#1940=DIRECTION('',(0.,1.,0.));
#1941=DIRECTION('center_axis',(0.,0.,1.));
#1942=DIRECTION('ref_axis',(0.,-1.,0.));
#1943=DIRECTION('',(0.,1.,0.));
#1944=DIRECTION('',(-1.,0.,0.));
#1945=DIRECTION('center_axis',(0.,1.,0.));
#1946=DIRECTION('ref_axis',(-1.,0.,0.));
#1947=DIRECTION('',(0.,0.,1.));
#1948=DIRECTION('',(0.,0.,-1.));
#1949=DIRECTION('center_axis',(0.,1.,0.));
#1950=DIRECTION('ref_axis',(1.,0.,0.));
#1951=DIRECTION('center_axis',(0.,0.,-1.));
#1952=DIRECTION('ref_axis',(0.707106781186546,-0.707106781186549,0.));
#1953=DIRECTION('center_axis',(0.,0.707106781186547,-0.707106781186548));
#1954=DIRECTION('ref_axis',(0.,-0.707106781186548,-0.707106781186547));
#1955=DIRECTION('',(0.,0.,1.));
#1956=DIRECTION('center_axis',(0.,1.,0.));
#1957=DIRECTION('ref_axis',(0.707106781186547,0.,-0.707106781186548));
#1958=DIRECTION('',(0.,-1.,0.));
#1959=DIRECTION('center_axis',(0.,-1.,0.));
#1960=DIRECTION('ref_axis',(-0.707106781186547,0.,0.707106781186548));
#1961=DIRECTION('center_axis',(0.,0.603313060594131,0.797504451972867));
#1962=DIRECTION('ref_axis',(5.5817670910723E-17,-0.797504451972867,0.603313060594131));
#1963=DIRECTION('',(0.,1.,0.));
#1964=DIRECTION('',(0.,-1.,0.));
#1965=DIRECTION('center_axis',(1.,0.,0.));
#1966=DIRECTION('ref_axis',(0.,0.,-1.));
#1967=DIRECTION('',(0.,0.797504451972867,-0.603313060594131));
#1968=DIRECTION('',(0.,0.,-1.));
#1969=DIRECTION('center_axis',(0.,0.,-1.));
#1970=DIRECTION('ref_axis',(1.,0.,0.));
#1971=DIRECTION('',(0.,-1.,0.));
#1972=DIRECTION('',(1.,0.,0.));
#1973=DIRECTION('',(0.,-1.,0.));
#1974=DIRECTION('',(1.,0.,0.));
#1975=DIRECTION('center_axis',(0.,0.,1.));
#1976=DIRECTION('ref_axis',(0.707106781186548,-0.707106781186548,0.));
#1977=DIRECTION('',(0.,1.,0.));
#1978=DIRECTION('',(-1.,0.,0.));
#1979=DIRECTION('',(1.,0.,0.));
#1980=DIRECTION('',(-1.,0.,0.));
#1981=DIRECTION('center_axis',(0.,0.,1.));
#1982=DIRECTION('ref_axis',(0.707106781186548,-0.707106781186548,0.));
#1983=DIRECTION('',(0.,0.,-1.));
#1984=DIRECTION('',(0.,0.,1.));
#1985=DIRECTION('center_axis',(0.,1.,0.));
#1986=DIRECTION('ref_axis',(0.,0.,-1.));
#1987=DIRECTION('',(0.,0.,1.));
#1988=DIRECTION('center_axis',(0.,0.,1.));
#1989=DIRECTION('ref_axis',(-0.707106781186545,0.70710678118655,0.));
#1990=DIRECTION('center_axis',(0.,0.603313060594131,0.797504451972867));
#1991=DIRECTION('ref_axis',(-7.3783983735112E-17,0.797504451972867,-0.603313060594131));
#1992=DIRECTION('',(0.,0.,1.));
#1993=DIRECTION('center_axis',(0.,-0.603313060594131,-0.797504451972867));
#1994=DIRECTION('ref_axis',(-1.,0.,0.));
#1995=DIRECTION('center_axis',(0.,0.603313060594131,0.797504451972867));
#1996=DIRECTION('ref_axis',(-7.3783983735112E-17,-0.797504451972867,0.603313060594131));
#1997=DIRECTION('',(0.,-0.797504451972867,0.603313060594131));
#1998=DIRECTION('center_axis',(0.,-1.,0.));
#1999=DIRECTION('ref_axis',(1.,0.,0.));
#2000=DIRECTION('',(1.,0.,0.));
#2001=DIRECTION('',(0.,0.,-1.));
#2002=DIRECTION('center_axis',(0.,0.,-1.));
#2003=DIRECTION('ref_axis',(0.707106781186547,0.707106781186548,0.));
#2004=DIRECTION('center_axis',(0.,0.603313060594131,0.797504451972867));
#2005=DIRECTION('ref_axis',(-7.3783983735112E-17,0.797504451972867,-0.603313060594131));
#2006=DIRECTION('',(0.,0.,1.));
#2007=DIRECTION('center_axis',(0.,-0.603313060594131,-0.797504451972867));
#2008=DIRECTION('ref_axis',(-1.,0.,0.));
#2009=DIRECTION('',(0.,0.797504451972867,-0.603313060594131));
#2010=DIRECTION('center_axis',(0.,0.603313060594131,0.797504451972867));
#2011=DIRECTION('ref_axis',(0.,-0.797504451972867,0.603313060594131));
#2012=DIRECTION('',(0.,-0.797504451972867,0.603313060594131));
#2013=DIRECTION('center_axis',(0.,0.,1.));
#2014=DIRECTION('ref_axis',(-0.707106781186548,-0.707106781186547,0.));
#2015=DIRECTION('',(0.,0.,1.));
#2016=DIRECTION('center_axis',(0.,0.,-1.));
#2017=DIRECTION('ref_axis',(-0.707106781186548,-0.707106781186547,0.));
#2018=DIRECTION('',(0.,0.,-1.));
#2019=DIRECTION('center_axis',(1.,0.,0.));
#2020=DIRECTION('ref_axis',(0.,0.,-1.));
#2021=DIRECTION('',(0.,-1.,0.));
#2022=DIRECTION('',(0.,0.,1.));
#2023=DIRECTION('center_axis',(0.,0.,-1.));
#2024=DIRECTION('ref_axis',(0.707106781186548,-0.707106781186548,0.));
#2025=DIRECTION('center_axis',(0.,0.,-1.));
#2026=DIRECTION('ref_axis',(0.707106781186548,-0.707106781186548,0.));
#2027=DIRECTION('',(0.,0.,-1.));
#2028=DIRECTION('center_axis',(-1.,0.,0.));
#2029=DIRECTION('ref_axis',(0.,0.,1.));
#2030=DIRECTION('',(0.,1.,0.));
#2031=DIRECTION('center_axis',(0.,1.,0.));
#2032=DIRECTION('ref_axis',(-1.,0.,0.));
#2033=DIRECTION('',(-1.,0.,0.));
#2034=DIRECTION('center_axis',(-1.,0.,0.));
#2035=DIRECTION('ref_axis',(0.,-0.707106781186547,0.707106781186547));
#2036=DIRECTION('center_axis',(1.,0.,0.));
#2037=DIRECTION('ref_axis',(0.,-0.707106781186547,0.707106781186547));
#2038=DIRECTION('center_axis',(-1.,0.,0.));
#2039=DIRECTION('ref_axis',(0.,-0.707106781186547,0.707106781186547));
#2040=DIRECTION('',(-1.,0.,0.));
#2041=DIRECTION('center_axis',(1.,0.,0.));
#2042=DIRECTION('ref_axis',(0.,0.,1.));
#2043=DIRECTION('center_axis',(-1.,0.,0.));
#2044=DIRECTION('ref_axis',(0.,-0.707106781186547,-0.707106781186548));
#2045=DIRECTION('',(0.,0.,1.));
#2046=DIRECTION('center_axis',(-1.,0.,0.));
#2047=DIRECTION('ref_axis',(0.,-1.,0.));
#2048=DIRECTION('center_axis',(-1.,0.,0.));
#2049=DIRECTION('ref_axis',(0.,-1.,0.));
#2050=DIRECTION('center_axis',(1.,0.,0.));
#2051=DIRECTION('ref_axis',(0.,-0.707106781186547,-0.707106781186548));
#2052=DIRECTION('center_axis',(1.,0.,0.));
#2053=DIRECTION('ref_axis',(0.,-0.707106781186547,-0.707106781186548));
#2054=DIRECTION('',(1.,0.,0.));
#2055=DIRECTION('center_axis',(-1.,0.,0.));
#2056=DIRECTION('ref_axis',(0.,0.,-1.));
#2057=DIRECTION('',(0.,0.,-1.));
#2058=DIRECTION('center_axis',(1.,0.,0.));
#2059=DIRECTION('ref_axis',(0.,-1.,0.));
#2060=DIRECTION('center_axis',(1.,0.,0.));
#2061=DIRECTION('ref_axis',(0.,-1.,0.));
#2062=DIRECTION('center_axis',(1.,0.,0.));
#2063=DIRECTION('ref_axis',(0.,-1.,0.));
#2064=DIRECTION('',(-1.,0.,0.));
#2065=DIRECTION('center_axis',(1.,0.,0.));
#2066=DIRECTION('ref_axis',(0.,-1.,0.));
#2067=DIRECTION('',(-1.,0.,0.));
#2068=DIRECTION('center_axis',(0.,1.,0.));
#2069=DIRECTION('ref_axis',(0.,0.,-1.));
#2070=DIRECTION('center_axis',(0.,1.,0.));
#2071=DIRECTION('ref_axis',(1.,0.,0.));
#2072=DIRECTION('',(0.,-1.,0.));
#2073=DIRECTION('center_axis',(1.,0.,0.));
#2074=DIRECTION('ref_axis',(0.,0.,1.));
#2075=DIRECTION('center_axis',(-1.,0.,0.));
#2076=DIRECTION('ref_axis',(0.,0.,-1.));
#2077=DIRECTION('center_axis',(0.,0.,-1.));
#2078=DIRECTION('ref_axis',(-1.,0.,0.));
#2079=DIRECTION('center_axis',(0.,0.,1.));
#2080=DIRECTION('ref_axis',(-1.,0.,0.));
#2081=DIRECTION('',(0.,0.,-1.));
#2082=DIRECTION('center_axis',(0.,0.,-1.));
#2083=DIRECTION('ref_axis',(-1.,0.,0.));
#2084=DIRECTION('center_axis',(0.,0.,1.));
#2085=DIRECTION('ref_axis',(-1.,0.,0.));
#2086=DIRECTION('',(0.,0.,-1.));
#2087=DIRECTION('center_axis',(0.,0.,-1.));
#2088=DIRECTION('ref_axis',(-1.,0.,0.));
#2089=DIRECTION('center_axis',(0.,0.,1.));
#2090=DIRECTION('ref_axis',(-1.,0.,0.));
#2091=DIRECTION('',(0.,0.,-1.));
#2092=DIRECTION('center_axis',(0.,0.,-1.));
#2093=DIRECTION('ref_axis',(-1.,0.,0.));
#2094=DIRECTION('center_axis',(0.,0.,1.));
#2095=DIRECTION('ref_axis',(-1.,0.,0.));
#2096=DIRECTION('',(0.,0.,-1.));
#2097=DIRECTION('center_axis',(0.,0.,-1.));
#2098=DIRECTION('ref_axis',(-1.,0.,0.));
#2099=DIRECTION('center_axis',(0.,0.,1.));
#2100=DIRECTION('ref_axis',(-1.,0.,0.));
#2101=DIRECTION('',(0.,0.,-1.));
#2102=DIRECTION('center_axis',(0.,0.,-1.));
#2103=DIRECTION('ref_axis',(-1.,0.,0.));
#2104=CARTESIAN_POINT('',(0.,0.,0.));
#2105=CARTESIAN_POINT('Origin',(62.3,10.575,3.));
#2106=CARTESIAN_POINT('',(65.3,-8.,3.));
#2107=CARTESIAN_POINT('',(62.3,-8.,0.));
#2108=CARTESIAN_POINT('Origin',(62.3,-8.,3.));
#2109=CARTESIAN_POINT('',(62.3,0.,0.));
#2110=CARTESIAN_POINT('',(62.3,10.575,0.));
#2111=CARTESIAN_POINT('',(65.3,0.,3.));
#2112=CARTESIAN_POINT('Origin',(62.3,0.,3.));
#2113=CARTESIAN_POINT('',(65.3,10.575,3.));
#2114=CARTESIAN_POINT('Origin',(21.15,21.15,0.));
#2115=CARTESIAN_POINT('',(11.15,-8.,0.));
#2116=CARTESIAN_POINT('',(-3.,-8.,0.));
#2117=CARTESIAN_POINT('',(11.15,-25.,0.));
#2118=CARTESIAN_POINT('',(11.15,-8.,0.));
#2119=CARTESIAN_POINT('',(3.15,-25.,0.));
#2120=CARTESIAN_POINT('',(14.15,-25.,0.));
#2121=CARTESIAN_POINT('',(3.15,-8.,0.));
#2122=CARTESIAN_POINT('',(3.15,-8.,0.));
#2123=CARTESIAN_POINT('',(0.,-8.,0.));
#2124=CARTESIAN_POINT('',(-3.,-8.,0.));
#2125=CARTESIAN_POINT('',(-3.,-5.,0.));
#2126=CARTESIAN_POINT('Origin',(0.,-5.,0.));
#2127=CARTESIAN_POINT('',(-3.,39.3,0.));
#2128=CARTESIAN_POINT('',(-3.,0.,0.));
#2129=CARTESIAN_POINT('',(0.,42.3,0.));
#2130=CARTESIAN_POINT('Origin',(0.,39.3,0.));
#2131=CARTESIAN_POINT('',(42.3,42.3,0.));
#2132=CARTESIAN_POINT('',(42.3,42.3,0.));
#2133=CARTESIAN_POINT('',(45.3,39.3,0.));
#2134=CARTESIAN_POINT('Origin',(42.3,39.3,0.));
#2135=CARTESIAN_POINT('',(45.3,3.,0.));
#2136=CARTESIAN_POINT('',(45.3,0.,0.));
#2137=CARTESIAN_POINT('',(48.3,0.,0.));
#2138=CARTESIAN_POINT('Origin',(48.3,3.,0.));
#2139=CARTESIAN_POINT('',(-3.,0.,0.));
#2140=CARTESIAN_POINT('',(8.65,21.15,0.));
#2141=CARTESIAN_POINT('Origin',(21.15,21.15,0.));
#2142=CARTESIAN_POINT('',(3.4,36.65,0.));
#2143=CARTESIAN_POINT('Origin',(5.65,36.65,0.));
#2144=CARTESIAN_POINT('',(3.4,5.65,0.));
#2145=CARTESIAN_POINT('Origin',(5.65,5.65,0.));
#2146=CARTESIAN_POINT('',(34.4,36.65,0.));
#2147=CARTESIAN_POINT('Origin',(36.65,36.65,0.));
#2148=CARTESIAN_POINT('',(34.4,5.65,0.));
#2149=CARTESIAN_POINT('Origin',(36.65,5.65,0.));
#2150=CARTESIAN_POINT('Origin',(31.15,-8.,20.));
#2151=CARTESIAN_POINT('',(65.3,-8.,17.));
#2152=CARTESIAN_POINT('',(65.3,-8.,0.));
#2153=CARTESIAN_POINT('',(62.3,-8.,20.));
#2154=CARTESIAN_POINT('Origin',(62.3,-8.,17.));
#2155=CARTESIAN_POINT('',(48.3,-8.,20.));
#2156=CARTESIAN_POINT('',(48.225,-8.,20.));
#2157=CARTESIAN_POINT('',(45.3,-8.,23.));
#2158=CARTESIAN_POINT('Origin',(48.3,-8.,23.));
#2159=CARTESIAN_POINT('',(45.3,-8.,37.));
#2160=CARTESIAN_POINT('',(45.3,-8.,25.));
#2161=CARTESIAN_POINT('',(42.3,-8.,40.));
#2162=CARTESIAN_POINT('Origin',(42.3,-8.,37.));
#2163=CARTESIAN_POINT('',(11.15,-8.,40.));
#2164=CARTESIAN_POINT('',(65.3,-8.,40.));
#2165=CARTESIAN_POINT('',(11.15,-8.,10.));
#2166=CARTESIAN_POINT('',(58.05,-8.,10.));
#2167=CARTESIAN_POINT('Origin',(55.3,-8.,10.));
#2168=CARTESIAN_POINT('Origin',(62.3,0.,17.));
#2169=CARTESIAN_POINT('',(65.3,0.,17.));
#2170=CARTESIAN_POINT('',(65.3,0.,17.));
#2171=CARTESIAN_POINT('',(62.3,0.,20.));
#2172=CARTESIAN_POINT('Origin',(62.3,0.,17.));
#2173=CARTESIAN_POINT('',(62.3,0.,20.));
#2174=CARTESIAN_POINT('Origin',(65.3,0.,20.));
#2175=CARTESIAN_POINT('',(48.3,0.,20.));
#2176=CARTESIAN_POINT('',(48.225,0.,20.));
#2177=CARTESIAN_POINT('',(48.3,0.,20.));
#2178=CARTESIAN_POINT('Origin',(31.15,0.,20.));
#2179=CARTESIAN_POINT('',(48.3,0.,30.));
#2180=CARTESIAN_POINT('',(65.3,0.,0.));
#2181=CARTESIAN_POINT('',(58.05,0.,10.));
#2182=CARTESIAN_POINT('Origin',(55.3,0.,10.));
#2183=CARTESIAN_POINT('Origin',(48.3,3.,30.));
#2184=CARTESIAN_POINT('',(45.3,3.,23.));
#2185=CARTESIAN_POINT('',(45.3,3.,30.));
#2186=CARTESIAN_POINT('Origin',(48.3,3.,23.));
#2187=CARTESIAN_POINT('Origin',(48.3,0.,23.));
#2188=CARTESIAN_POINT('',(45.3,0.,23.));
#2189=CARTESIAN_POINT('Origin',(42.3,0.,37.));
#2190=CARTESIAN_POINT('',(45.3,3.965625,37.));
#2191=CARTESIAN_POINT('',(42.3,0.,40.));
#2192=CARTESIAN_POINT('Origin',(42.3,3.965625,37.));
#2193=CARTESIAN_POINT('',(42.3,0.,40.));
#2194=CARTESIAN_POINT('',(45.3,0.,37.));
#2195=CARTESIAN_POINT('Origin',(45.3,0.,40.));
#2196=CARTESIAN_POINT('',(45.3,39.3,10.2695035460993));
#2197=CARTESIAN_POINT('',(45.3,39.3,20.));
#2198=CARTESIAN_POINT('',(45.3,10.575,32.));
#2199=CARTESIAN_POINT('Origin',(65.3,0.,40.));
#2200=CARTESIAN_POINT('',(39.3,0.,40.));
#2201=CARTESIAN_POINT('',(53.8,0.,40.));
#2202=CARTESIAN_POINT('',(3.,0.,40.));
#2203=CARTESIAN_POINT('',(65.3,0.,40.));
#2204=CARTESIAN_POINT('',(-3.,0.,40.));
#2205=CARTESIAN_POINT('',(53.8,0.,40.));
#2206=CARTESIAN_POINT('',(-3.,-5.,40.));
#2207=CARTESIAN_POINT('',(-3.,0.,40.));
#2208=CARTESIAN_POINT('',(0.,-8.,40.));
#2209=CARTESIAN_POINT('Origin',(0.,-5.,40.));
#2210=CARTESIAN_POINT('',(3.15,-8.,40.));
#2211=CARTESIAN_POINT('',(65.3,-8.,40.));
#2212=CARTESIAN_POINT('',(3.15,-25.,40.));
#2213=CARTESIAN_POINT('',(3.15,-8.,40.));
#2214=CARTESIAN_POINT('',(11.15,-25.,40.));
#2215=CARTESIAN_POINT('',(36.225,-25.,40.));
#2216=CARTESIAN_POINT('',(11.15,-8.,40.));
#2217=CARTESIAN_POINT('Origin',(0.,-5.,30.));
#2218=CARTESIAN_POINT('',(0.,-8.,30.));
#2219=CARTESIAN_POINT('',(-3.,-5.,30.));
#2220=CARTESIAN_POINT('Origin',(31.15,-8.,20.));
#2221=CARTESIAN_POINT('',(3.15,-8.,30.));
#2222=CARTESIAN_POINT('Origin',(42.3,39.3,20.));
#2223=CARTESIAN_POINT('',(42.3,42.3,8.));
#2224=CARTESIAN_POINT('',(42.3,42.3,20.));
#2225=CARTESIAN_POINT('Origin',(42.3,39.3,10.2695035460993));
#2226=CARTESIAN_POINT('Origin',(53.8,21.15,24.));
#2227=CARTESIAN_POINT('',(42.3,3.,37.7304964539007));
#2228=CARTESIAN_POINT('',(42.3,20.1978970351439,24.7202670183308));
#2229=CARTESIAN_POINT('Origin',(39.3,3.,37.7304964539007));
#2230=CARTESIAN_POINT('Origin',(42.3,42.3,0.));
#2231=CARTESIAN_POINT('',(0.,42.3,8.));
#2232=CARTESIAN_POINT('',(0.,42.3,20.));
#2233=CARTESIAN_POINT('',(42.3,42.3,8.));
#2234=CARTESIAN_POINT('Origin',(0.,39.3,20.));
#2235=CARTESIAN_POINT('',(-3.,39.3,10.2695035460993));
#2236=CARTESIAN_POINT('Origin',(0.,39.3,10.2695035460993));
#2237=CARTESIAN_POINT('',(-3.,39.3,20.));
#2238=CARTESIAN_POINT('Origin',(53.8,21.15,24.));
#2239=CARTESIAN_POINT('',(-3.,10.575,32.));
#2240=CARTESIAN_POINT('',(0.,3.,37.7304964539007));
#2241=CARTESIAN_POINT('Origin',(3.,3.,37.7304964539007));
#2242=CARTESIAN_POINT('',(4.44089209850063E-15,10.575,32.));
#2243=CARTESIAN_POINT('Origin',(39.3,3.,10.));
#2244=CARTESIAN_POINT('',(42.3,3.,8.));
#2245=CARTESIAN_POINT('',(42.3,3.,10.));
#2246=CARTESIAN_POINT('',(39.3,0.,8.));
#2247=CARTESIAN_POINT('Origin',(39.3,3.,8.));
#2248=CARTESIAN_POINT('',(39.3,0.,10.));
#2249=CARTESIAN_POINT('Origin',(0.,0.,40.));
#2250=CARTESIAN_POINT('',(0.,3.,8.));
#2251=CARTESIAN_POINT('',(0.,3.,30.));
#2252=CARTESIAN_POINT('',(0.,42.3,8.));
#2253=CARTESIAN_POINT('Origin',(3.,3.,30.));
#2254=CARTESIAN_POINT('',(3.,0.,8.));
#2255=CARTESIAN_POINT('',(3.,0.,30.));
#2256=CARTESIAN_POINT('Origin',(3.,3.,8.));
#2257=CARTESIAN_POINT('Origin',(42.3,0.,0.));
#2258=CARTESIAN_POINT('',(42.3,0.,8.));
#2259=CARTESIAN_POINT('Origin',(31.15,0.,20.));
#2260=CARTESIAN_POINT('',(0.,0.,8.));
#2261=CARTESIAN_POINT('Origin',(36.225,-25.,37.));
#2262=CARTESIAN_POINT('',(3.15,-28.,37.));
#2263=CARTESIAN_POINT('Origin',(3.15,-25.,37.));
#2264=CARTESIAN_POINT('',(11.15,-28.,37.));
#2265=CARTESIAN_POINT('',(36.225,-28.,37.));
#2266=CARTESIAN_POINT('Origin',(11.15,-25.,37.));
#2267=CARTESIAN_POINT('Origin',(11.15,-8.,0.));
#2268=CARTESIAN_POINT('',(11.15,-28.,3.));
#2269=CARTESIAN_POINT('',(11.15,-28.,0.));
#2270=CARTESIAN_POINT('Origin',(11.15,-25.,3.));
#2271=CARTESIAN_POINT('',(11.15,-15.25,30.));
#2272=CARTESIAN_POINT('Origin',(11.15,-18.,30.));
#2273=CARTESIAN_POINT('',(11.15,-15.25,10.));
#2274=CARTESIAN_POINT('Origin',(11.15,-18.,10.));
#2275=CARTESIAN_POINT('Origin',(14.15,-25.,3.));
#2276=CARTESIAN_POINT('',(3.15,-28.,3.));
#2277=CARTESIAN_POINT('',(14.15,-28.,3.));
#2278=CARTESIAN_POINT('Origin',(3.15,-25.,3.));
#2279=CARTESIAN_POINT('Origin',(3.15,-8.,40.));
#2280=CARTESIAN_POINT('',(3.15,-28.,40.));
#2281=CARTESIAN_POINT('',(3.15,-15.25,30.));
#2282=CARTESIAN_POINT('Origin',(3.15,-18.,30.));
#2283=CARTESIAN_POINT('',(3.15,-15.25,10.));
#2284=CARTESIAN_POINT('Origin',(3.15,-18.,10.));
#2285=CARTESIAN_POINT('Origin',(3.15,-18.,10.));
#2286=CARTESIAN_POINT('',(3.15,-15.25,10.));
#2287=CARTESIAN_POINT('Origin',(3.15,-18.,30.));
#2288=CARTESIAN_POINT('',(3.15,-15.25,30.));
#2289=CARTESIAN_POINT('Origin',(7.15,-28.,20.));
#2290=CARTESIAN_POINT('Origin',(55.3,0.,10.));
#2291=CARTESIAN_POINT('',(58.05,0.,10.));
#2292=CARTESIAN_POINT('Origin',(65.3,0.,0.));
#2293=CARTESIAN_POINT('Origin',(-3.,0.,40.));
#2294=CARTESIAN_POINT('Origin',(21.15,21.15,0.));
#2295=CARTESIAN_POINT('',(8.65,21.15,8.));
#2296=CARTESIAN_POINT('Origin',(21.15,21.15,8.));
#2297=CARTESIAN_POINT('',(8.65,21.15,0.));
#2298=CARTESIAN_POINT('Origin',(5.65,36.65,0.));
#2299=CARTESIAN_POINT('',(3.39999999999999,36.65,8.));
#2300=CARTESIAN_POINT('Origin',(5.65,36.65,8.));
#2301=CARTESIAN_POINT('',(3.4,36.65,0.));
#2302=CARTESIAN_POINT('Origin',(5.65,5.65,0.));
#2303=CARTESIAN_POINT('',(3.39999999999999,5.65,8.));
#2304=CARTESIAN_POINT('Origin',(5.65,5.65,8.));
#2305=CARTESIAN_POINT('',(3.4,5.65,0.));
#2306=CARTESIAN_POINT('Origin',(36.65,36.65,0.));
#2307=CARTESIAN_POINT('',(34.4,36.65,8.));
#2308=CARTESIAN_POINT('Origin',(36.65,36.65,8.));
#2309=CARTESIAN_POINT('',(34.4,36.65,0.));
#2310=CARTESIAN_POINT('Origin',(36.65,5.65,0.));
#2311=CARTESIAN_POINT('',(34.4,5.65,8.));
#2312=CARTESIAN_POINT('Origin',(36.65,5.65,8.));
#2313=CARTESIAN_POINT('',(34.4,5.65,0.));
#2314=CARTESIAN_POINT('Origin',(21.15,21.15,8.));
#2315=CARTESIAN_POINT('Origin',(87.7,10.575,3.));
#2316=CARTESIAN_POINT('',(84.7,-8.,3.));
#2317=CARTESIAN_POINT('',(87.7,-8.,0.));
#2318=CARTESIAN_POINT('Origin',(87.7,-8.,3.));
#2319=CARTESIAN_POINT('',(84.7,0.,3.));
#2320=CARTESIAN_POINT('',(84.7,10.575,3.));
#2321=CARTESIAN_POINT('',(87.7,0.,0.));
#2322=CARTESIAN_POINT('Origin',(87.7,0.,3.));
#2323=CARTESIAN_POINT('',(87.7,10.575,0.));
#2324=CARTESIAN_POINT('Origin',(128.85,21.15,0.));
#2325=CARTESIAN_POINT('',(101.7,0.,0.));
#2326=CARTESIAN_POINT('',(153.,0.,0.));
#2327=CARTESIAN_POINT('',(104.7,3.,0.));
#2328=CARTESIAN_POINT('Origin',(101.7,3.,0.));
#2329=CARTESIAN_POINT('',(104.7,39.3,0.));
#2330=CARTESIAN_POINT('',(104.7,0.,0.));
#2331=CARTESIAN_POINT('',(107.7,42.3,0.));
#2332=CARTESIAN_POINT('Origin',(107.7,39.3,0.));
#2333=CARTESIAN_POINT('',(150.,42.3,0.));
#2334=CARTESIAN_POINT('',(107.7,42.3,0.));
#2335=CARTESIAN_POINT('',(153.,39.3,0.));
#2336=CARTESIAN_POINT('Origin',(150.,39.3,0.));
#2337=CARTESIAN_POINT('',(153.,-5.,0.));
#2338=CARTESIAN_POINT('',(153.,0.,0.));
#2339=CARTESIAN_POINT('',(150.,-8.,0.));
#2340=CARTESIAN_POINT('Origin',(150.,-5.,0.));
#2341=CARTESIAN_POINT('',(146.85,-8.,0.));
#2342=CARTESIAN_POINT('',(153.,-8.,0.));
#2343=CARTESIAN_POINT('',(146.85,-25.,0.));
#2344=CARTESIAN_POINT('',(146.85,-8.,0.));
#2345=CARTESIAN_POINT('',(138.85,-25.,0.));
#2346=CARTESIAN_POINT('',(135.85,-25.,0.));
#2347=CARTESIAN_POINT('',(138.85,-8.,0.));
#2348=CARTESIAN_POINT('',(138.85,-8.,0.));
#2349=CARTESIAN_POINT('',(153.,-8.,0.));
#2350=CARTESIAN_POINT('',(141.35,21.15,0.));
#2351=CARTESIAN_POINT('Origin',(128.85,21.15,0.));
#2352=CARTESIAN_POINT('',(146.6,36.65,0.));
#2353=CARTESIAN_POINT('Origin',(144.35,36.65,0.));
#2354=CARTESIAN_POINT('',(146.6,5.65,0.));
#2355=CARTESIAN_POINT('Origin',(144.35,5.65,0.));
#2356=CARTESIAN_POINT('',(115.6,36.65,0.));
#2357=CARTESIAN_POINT('Origin',(113.35,36.65,0.));
#2358=CARTESIAN_POINT('',(115.6,5.65,0.));
#2359=CARTESIAN_POINT('Origin',(113.35,5.65,0.));
#2360=CARTESIAN_POINT('Origin',(118.85,-8.,20.));
#2361=CARTESIAN_POINT('',(138.85,-8.,40.));
#2362=CARTESIAN_POINT('',(138.85,-8.,10.));
#2363=CARTESIAN_POINT('',(107.7,-8.,40.));
#2364=CARTESIAN_POINT('',(84.7,-8.,40.));
#2365=CARTESIAN_POINT('',(104.7,-8.,37.));
#2366=CARTESIAN_POINT('Origin',(107.7,-8.,37.));
#2367=CARTESIAN_POINT('',(104.7,-8.,23.));
#2368=CARTESIAN_POINT('',(104.7,-8.,25.));
#2369=CARTESIAN_POINT('',(101.7,-8.,20.));
#2370=CARTESIAN_POINT('Origin',(101.7,-8.,23.));
#2371=CARTESIAN_POINT('',(87.7,-8.,20.));
#2372=CARTESIAN_POINT('',(101.775,-8.,20.));
#2373=CARTESIAN_POINT('',(84.7,-8.,17.));
#2374=CARTESIAN_POINT('Origin',(87.7,-8.,17.));
#2375=CARTESIAN_POINT('',(84.7,-8.,0.));
#2376=CARTESIAN_POINT('',(91.95,-8.,10.));
#2377=CARTESIAN_POINT('Origin',(94.7,-8.,10.));
#2378=CARTESIAN_POINT('Origin',(87.7,0.,17.));
#2379=CARTESIAN_POINT('',(87.7,0.,20.));
#2380=CARTESIAN_POINT('',(87.7,0.,20.));
#2381=CARTESIAN_POINT('',(84.7,0.,17.));
#2382=CARTESIAN_POINT('Origin',(87.7,0.,17.));
#2383=CARTESIAN_POINT('',(84.7,0.,17.));
#2384=CARTESIAN_POINT('Origin',(84.7,0.,20.));
#2385=CARTESIAN_POINT('',(101.7,0.,20.));
#2386=CARTESIAN_POINT('',(101.7,0.,20.));
#2387=CARTESIAN_POINT('',(101.775,0.,20.));
#2388=CARTESIAN_POINT('Origin',(118.85,0.,20.));
#2389=CARTESIAN_POINT('',(84.7,0.,0.));
#2390=CARTESIAN_POINT('',(101.7,0.,30.));
#2391=CARTESIAN_POINT('',(91.95,0.,10.));
#2392=CARTESIAN_POINT('Origin',(94.7,0.,10.));
#2393=CARTESIAN_POINT('Origin',(101.7,3.,30.));
#2394=CARTESIAN_POINT('',(104.7,3.,23.));
#2395=CARTESIAN_POINT('Origin',(101.7,3.,23.));
#2396=CARTESIAN_POINT('',(104.7,3.,30.));
#2397=CARTESIAN_POINT('Origin',(101.7,0.,23.));
#2398=CARTESIAN_POINT('',(104.7,0.,23.));
#2399=CARTESIAN_POINT('Origin',(107.7,0.,37.));
#2400=CARTESIAN_POINT('',(104.7,3.965625,37.));
#2401=CARTESIAN_POINT('',(107.7,0.,40.));
#2402=CARTESIAN_POINT('Origin',(107.7,3.965625,37.));
#2403=CARTESIAN_POINT('',(104.7,0.,37.));
#2404=CARTESIAN_POINT('',(107.7,0.,40.));
#2405=CARTESIAN_POINT('Origin',(104.7,0.,40.));
#2406=CARTESIAN_POINT('',(104.7,39.3,10.2695035460993));
#2407=CARTESIAN_POINT('',(104.7,10.575,32.));
#2408=CARTESIAN_POINT('',(104.7,39.3,20.));
#2409=CARTESIAN_POINT('Origin',(84.7,0.,40.));
#2410=CARTESIAN_POINT('',(138.85,-25.,40.));
#2411=CARTESIAN_POINT('',(138.85,-8.,40.));
#2412=CARTESIAN_POINT('',(146.85,-25.,40.));
#2413=CARTESIAN_POINT('',(113.775,-25.,40.));
#2414=CARTESIAN_POINT('',(146.85,-8.,40.));
#2415=CARTESIAN_POINT('',(146.85,-8.,40.));
#2416=CARTESIAN_POINT('',(150.,-8.,40.));
#2417=CARTESIAN_POINT('',(84.7,-8.,40.));
#2418=CARTESIAN_POINT('',(153.,-5.,40.));
#2419=CARTESIAN_POINT('Origin',(150.,-5.,40.));
#2420=CARTESIAN_POINT('',(153.,0.,40.));
#2421=CARTESIAN_POINT('',(153.,0.,40.));
#2422=CARTESIAN_POINT('',(147.,0.,40.));
#2423=CARTESIAN_POINT('',(96.2,0.,40.));
#2424=CARTESIAN_POINT('',(110.7,0.,40.));
#2425=CARTESIAN_POINT('',(84.7,0.,40.));
#2426=CARTESIAN_POINT('',(96.2,0.,40.));
#2427=CARTESIAN_POINT('Origin',(150.,-5.,30.));
#2428=CARTESIAN_POINT('',(153.,-5.,30.));
#2429=CARTESIAN_POINT('',(150.,-8.,30.));
#2430=CARTESIAN_POINT('Origin',(118.85,-8.,20.));
#2431=CARTESIAN_POINT('',(146.85,-8.,30.));
#2432=CARTESIAN_POINT('Origin',(107.7,39.3,20.));
#2433=CARTESIAN_POINT('',(107.7,42.3,8.));
#2434=CARTESIAN_POINT('Origin',(107.7,39.3,10.2695035460993));
#2435=CARTESIAN_POINT('',(107.7,42.3,20.));
#2436=CARTESIAN_POINT('Origin',(96.2,21.15,24.));
#2437=CARTESIAN_POINT('',(107.7,3.,37.7304964539007));
#2438=CARTESIAN_POINT('Origin',(110.7,3.,37.7304964539007));
#2439=CARTESIAN_POINT('',(107.7,20.1978970351439,24.7202670183308));
#2440=CARTESIAN_POINT('Origin',(107.7,42.3,0.));
#2441=CARTESIAN_POINT('',(150.,42.3,8.));
#2442=CARTESIAN_POINT('',(107.7,42.3,8.));
#2443=CARTESIAN_POINT('',(150.,42.3,20.));
#2444=CARTESIAN_POINT('Origin',(150.,39.3,20.));
#2445=CARTESIAN_POINT('',(153.,39.3,10.2695035460993));
#2446=CARTESIAN_POINT('Origin',(150.,39.3,10.2695035460993));
#2447=CARTESIAN_POINT('',(153.,39.3,20.));
#2448=CARTESIAN_POINT('Origin',(96.2,21.15,24.));
#2449=CARTESIAN_POINT('',(150.,3.,37.7304964539007));
#2450=CARTESIAN_POINT('',(150.,10.575,32.));
#2451=CARTESIAN_POINT('Origin',(147.,3.,37.7304964539007));
#2452=CARTESIAN_POINT('',(153.,10.575,32.));
#2453=CARTESIAN_POINT('Origin',(110.7,3.,10.));
#2454=CARTESIAN_POINT('',(110.7,0.,8.));
#2455=CARTESIAN_POINT('',(110.7,0.,10.));
#2456=CARTESIAN_POINT('',(107.7,3.,8.));
#2457=CARTESIAN_POINT('Origin',(110.7,3.,8.));
#2458=CARTESIAN_POINT('',(107.7,3.,10.));
#2459=CARTESIAN_POINT('Origin',(150.,0.,40.));
#2460=CARTESIAN_POINT('',(150.,3.,8.));
#2461=CARTESIAN_POINT('',(150.,42.3,8.));
#2462=CARTESIAN_POINT('',(150.,3.,30.));
#2463=CARTESIAN_POINT('Origin',(147.,3.,30.));
#2464=CARTESIAN_POINT('',(147.,0.,8.));
#2465=CARTESIAN_POINT('Origin',(147.,3.,8.));
#2466=CARTESIAN_POINT('',(147.,0.,30.));
#2467=CARTESIAN_POINT('Origin',(107.7,0.,0.));
#2468=CARTESIAN_POINT('',(107.7,0.,8.));
#2469=CARTESIAN_POINT('Origin',(118.85,0.,20.));
#2470=CARTESIAN_POINT('',(150.,0.,8.));
#2471=CARTESIAN_POINT('Origin',(113.775,-25.,37.));
#2472=CARTESIAN_POINT('',(146.85,-28.,37.));
#2473=CARTESIAN_POINT('Origin',(146.85,-25.,37.));
#2474=CARTESIAN_POINT('',(138.85,-28.,37.));
#2475=CARTESIAN_POINT('Origin',(138.85,-25.,37.));
#2476=CARTESIAN_POINT('',(113.775,-28.,37.));
#2477=CARTESIAN_POINT('Origin',(138.85,-8.,0.));
#2478=CARTESIAN_POINT('',(138.85,-28.,3.));
#2479=CARTESIAN_POINT('Origin',(138.85,-25.,3.));
#2480=CARTESIAN_POINT('',(138.85,-28.,0.));
#2481=CARTESIAN_POINT('',(138.85,-15.25,30.));
#2482=CARTESIAN_POINT('Origin',(138.85,-18.,30.));
#2483=CARTESIAN_POINT('',(138.85,-15.25,10.));
#2484=CARTESIAN_POINT('Origin',(138.85,-18.,10.));
#2485=CARTESIAN_POINT('Origin',(135.85,-25.,3.));
#2486=CARTESIAN_POINT('',(146.85,-28.,3.));
#2487=CARTESIAN_POINT('Origin',(146.85,-25.,3.));
#2488=CARTESIAN_POINT('',(135.85,-28.,3.));
#2489=CARTESIAN_POINT('Origin',(146.85,-8.,40.));
#2490=CARTESIAN_POINT('',(146.85,-28.,40.));
#2491=CARTESIAN_POINT('',(146.85,-15.25,30.));
#2492=CARTESIAN_POINT('Origin',(146.85,-18.,30.));
#2493=CARTESIAN_POINT('',(146.85,-15.25,10.));
#2494=CARTESIAN_POINT('Origin',(146.85,-18.,10.));
#2495=CARTESIAN_POINT('Origin',(146.85,-18.,10.));
#2496=CARTESIAN_POINT('',(146.85,-15.25,10.));
#2497=CARTESIAN_POINT('Origin',(146.85,-18.,30.));
#2498=CARTESIAN_POINT('',(146.85,-15.25,30.));
#2499=CARTESIAN_POINT('Origin',(142.85,-28.,20.));
#2500=CARTESIAN_POINT('Origin',(94.7,0.,10.));
#2501=CARTESIAN_POINT('',(91.95,0.,10.));
#2502=CARTESIAN_POINT('Origin',(84.7,0.,0.));
#2503=CARTESIAN_POINT('Origin',(153.,0.,40.));
#2504=CARTESIAN_POINT('Origin',(128.85,21.15,0.));
#2505=CARTESIAN_POINT('',(141.35,21.15,8.));
#2506=CARTESIAN_POINT('Origin',(128.85,21.15,8.));
#2507=CARTESIAN_POINT('',(141.35,21.15,0.));
#2508=CARTESIAN_POINT('Origin',(144.35,36.65,0.));
#2509=CARTESIAN_POINT('',(146.6,36.65,8.));
#2510=CARTESIAN_POINT('Origin',(144.35,36.65,8.));
#2511=CARTESIAN_POINT('',(146.6,36.65,0.));
#2512=CARTESIAN_POINT('Origin',(144.35,5.65,0.));
#2513=CARTESIAN_POINT('',(146.6,5.65,8.));
#2514=CARTESIAN_POINT('Origin',(144.35,5.65,8.));
#2515=CARTESIAN_POINT('',(146.6,5.65,0.));
#2516=CARTESIAN_POINT('Origin',(113.35,36.65,0.));
#2517=CARTESIAN_POINT('',(115.6,36.65,8.));
#2518=CARTESIAN_POINT('Origin',(113.35,36.65,8.));
#2519=CARTESIAN_POINT('',(115.6,36.65,0.));
#2520=CARTESIAN_POINT('Origin',(113.35,5.65,0.));
#2521=CARTESIAN_POINT('',(115.6,5.65,8.));
#2522=CARTESIAN_POINT('Origin',(113.35,5.65,8.));
#2523=CARTESIAN_POINT('',(115.6,5.65,0.));
#2524=CARTESIAN_POINT('Origin',(128.85,21.15,8.));
#2525=UNCERTAINTY_MEASURE_WITH_UNIT(LENGTH_MEASURE(0.01),#2529,
'DISTANCE_ACCURACY_VALUE',
'Maximum model space distance between geometric entities at asserted c
onnectivities');
#2526=UNCERTAINTY_MEASURE_WITH_UNIT(LENGTH_MEASURE(0.01),#2529,
'DISTANCE_ACCURACY_VALUE',
'Maximum model space distance between geometric entities at asserted c
onnectivities');
#2527=(
GEOMETRIC_REPRESENTATION_CONTEXT(3)
GLOBAL_UNCERTAINTY_ASSIGNED_CONTEXT((#2525))
GLOBAL_UNIT_ASSIGNED_CONTEXT((#2529,#2531,#2532))
REPRESENTATION_CONTEXT('','3D')
);
#2528=(
GEOMETRIC_REPRESENTATION_CONTEXT(3)
GLOBAL_UNCERTAINTY_ASSIGNED_CONTEXT((#2526))
GLOBAL_UNIT_ASSIGNED_CONTEXT((#2529,#2531,#2532))
REPRESENTATION_CONTEXT('','3D')
);
#2529=(
LENGTH_UNIT()
NAMED_UNIT(*)
SI_UNIT(.MILLI.,.METRE.)
);
#2530=(
LENGTH_UNIT()
NAMED_UNIT(*)
SI_UNIT($,.METRE.)
);
#2531=(
NAMED_UNIT(*)
PLANE_ANGLE_UNIT()
SI_UNIT($,.RADIAN.)
);
#2532=(
NAMED_UNIT(*)
SI_UNIT($,.STERADIAN.)
SOLID_ANGLE_UNIT()
);
#2533=SHAPE_DEFINITION_REPRESENTATION(#2534,#2535);
#2534=PRODUCT_DEFINITION_SHAPE('',$,#2537);
#2535=SHAPE_REPRESENTATION('',(#1503),#2527);
#2536=PRODUCT_DEFINITION_CONTEXT('part definition',#2541,'design');
#2537=PRODUCT_DEFINITION('(Unsaved)','(Unsaved)',#2538,#2536);
#2538=PRODUCT_DEFINITION_FORMATION('',$,#2543);
#2539=PRODUCT_RELATED_PRODUCT_CATEGORY('(Unsaved)','(Unsaved)',(#2543));
#2540=APPLICATION_PROTOCOL_DEFINITION('international standard',
'automotive_design',2009,#2541);
#2541=APPLICATION_CONTEXT(
'Core Data for Automotive Mechanical Design Process');
#2542=PRODUCT_CONTEXT('part definition',#2541,'mechanical');
#2543=PRODUCT('(Unsaved)','(Unsaved)',$,(#2542));
#2544=PRESENTATION_STYLE_ASSIGNMENT((#2545));
#2545=SURFACE_STYLE_USAGE(.BOTH.,#2546);
#2546=SURFACE_SIDE_STYLE('',(#2547));
#2547=SURFACE_STYLE_FILL_AREA(#2548);
#2548=FILL_AREA_STYLE('Steel - Satin',(#2549));
#2549=FILL_AREA_STYLE_COLOUR('Steel - Satin',#2550);
#2550=COLOUR_RGB('Steel - Satin',0.627450980392157,0.627450980392157,0.627450980392157);
ENDSEC;
END-ISO-10303-21;
