ISO-10303-21;
HEADER;
/* Generated by software containing ST-Developer
 * from STEP Tools, Inc. (www.steptools.com) 
 */

FILE_DESCRIPTION(
/* description */ (''),
/* implementation_level */ '2;1');

FILE_NAME(
/* name */ 'X stepper mount Back - Adjusted for dual Y.step',
/* time_stamp */ '2026-03-24T20:09:13+01:00',
/* author */ (''),
/* organization */ (''),
/* preprocessor_version */ 'ST-DEVELOPER v20.1',
/* originating_system */ 'Autodesk Translation Framework v14.24.0.0',
/* authorisation */ '');

FILE_SCHEMA (('AUTOMOTIVE_DESIGN { 1 0 10303 214 3 1 1 }'));
ENDSEC;

DATA;
#10=MECHANICAL_DESIGN_GEOMETRIC_PRESENTATION_REPRESENTATION('',(#13),#2384);
#11=SHAPE_REPRESENTATION_RELATIONSHIP('SRR','None',#2391,#12);
#12=ADVANCED_BREP_SHAPE_REPRESENTATION('',(#14),#2383);
#13=STYLED_ITEM('',(#2401),#14);
#14=MANIFOLD_SOLID_BREP('Body1',#1205);
#15=SPHERICAL_SURFACE('',#1301,5.);
#16=ELLIPSE('',#1253,3.17024746957779,2.);
#17=ELLIPSE('',#1256,10.3107113963838,8.);
#18=ELLIPSE('',#1257,25.7767784909596,20.);
#19=ELLIPSE('',#1258,6.34049493915558,4.);
#20=ELLIPSE('',#1263,8.73775299289442,8.);
#21=ELLIPSE('',#1265,9.9461656408479,4.);
#22=ELLIPSE('',#1266,5.46109562055901,5.);
#23=ELLIPSE('',#1267,6.96238089407625,5.);
#24=ELLIPSE('',#1268,12.4327070510599,5.);
#25=ELLIPSE('',#1269,12.4327070510599,5.);
#26=ELLIPSE('',#1275,7.07106781186548,5.);
#27=ELLIPSE('',#1276,7.07106781186548,5.);
#28=ELLIPSE('',#1284,25.,20.);
#29=ELLIPSE('',#1285,21.2132034355964,15.);
#30=ELLIPSE('',#1291,20.,10.);
#31=ELLIPSE('',#1292,10.,5.);
#32=ELLIPSE('',#1310,7.07106781186548,5.);
#33=ELLIPSE('',#1312,7.07106781186548,5.);
#34=ELLIPSE('',#1323,18.02775637732,5.);
#35=CYLINDRICAL_SURFACE('',#1244,1.5);
#36=CYLINDRICAL_SURFACE('',#1245,2.);
#37=CYLINDRICAL_SURFACE('',#1248,2.);
#38=CYLINDRICAL_SURFACE('',#1252,2.);
#39=CYLINDRICAL_SURFACE('',#1259,4.);
#40=CYLINDRICAL_SURFACE('',#1261,8.);
#41=CYLINDRICAL_SURFACE('',#1270,8.);
#42=CYLINDRICAL_SURFACE('',#1283,20.);
#43=CYLINDRICAL_SURFACE('',#1288,5.);
#44=CYLINDRICAL_SURFACE('',#1293,5.);
#45=CYLINDRICAL_SURFACE('',#1295,5.);
#46=CYLINDRICAL_SURFACE('',#1297,5.);
#47=CYLINDRICAL_SURFACE('',#1303,5.);
#48=CYLINDRICAL_SURFACE('',#1304,11.);
#49=CYLINDRICAL_SURFACE('',#1307,2.5);
#50=CYLINDRICAL_SURFACE('',#1308,5.);
#51=CYLINDRICAL_SURFACE('',#1315,2.5);
#52=CYLINDRICAL_SURFACE('',#1325,5.);
#53=CYLINDRICAL_SURFACE('',#1326,5.);
#54=CYLINDRICAL_SURFACE('',#1328,5.);
#55=CYLINDRICAL_SURFACE('',#1330,5.);
#56=CYLINDRICAL_SURFACE('',#1336,1.5);
#57=CYLINDRICAL_SURFACE('',#1337,1.5);
#58=CYLINDRICAL_SURFACE('',#1338,1.5);
#59=CYLINDRICAL_SURFACE('',#1339,1.5);
#60=CYLINDRICAL_SURFACE('',#1340,4.);
#61=CYLINDRICAL_SURFACE('',#1341,2.5);
#62=CYLINDRICAL_SURFACE('',#1342,4.25);
#63=CYLINDRICAL_SURFACE('',#1343,4.);
#64=CYLINDRICAL_SURFACE('',#1345,4.);
#65=B_SPLINE_CURVE_WITH_KNOTS('',3,(#1800,#1801,#1802,#1803,#1804),
 .UNSPECIFIED.,.F.,.F.,(4,1,4),(0.,0.0349917105756057,0.0699834211512115),
 .UNSPECIFIED.);
#66=B_SPLINE_CURVE_WITH_KNOTS('',3,(#1806,#1807,#1808,#1809,#1810,#1811,
#1812),.UNSPECIFIED.,.F.,.F.,(4,1,1,1,4),(-0.680203830897921,-0.590274033825331,
-0.50034423675274,-0.410414439680149,-0.365490538469342),.UNSPECIFIED.);
#67=B_SPLINE_CURVE_WITH_KNOTS('',3,(#1814,#1815,#1816,#1817,#1818,#1819,
#1820,#1821,#1822,#1823,#1824,#1825,#1826,#1827,#1828,#1829,#1830,#1831,
#1832,#1833,#1834,#1835,#1836,#1837,#1838,#1839,#1840,#1841,#1842,#1843,
#1844,#1845),.UNSPECIFIED.,.F.,.F.,(4,2,2,2,2,2,2,2,2,2,2,2,2,2,2,4),(-0.365449541144217,
-0.354924764325864,-0.339927108209623,-0.320447797921372,-0.303321504051481,
-0.275222088474342,-0.252732779799537,-0.223941572995463,-0.195429077159903,
-0.188736683561417,-0.164736391485196,-0.140736099408975,-0.118712408783047,
-0.0934540305972182,-0.0687289952707671,-0.0506952513897853),
 .UNSPECIFIED.);
#68=B_SPLINE_CURVE_WITH_KNOTS('',3,(#1847,#1848,#1849,#1850,#1851),
 .UNSPECIFIED.,.F.,.F.,(4,1,4),(0.,0.0349917105756016,0.0699834211512032),
 .UNSPECIFIED.);
#69=B_SPLINE_CURVE_WITH_KNOTS('',3,(#1852,#1853,#1854,#1855,#1856,#1857,
#1858,#1859,#1860,#1861,#1862,#1863,#1864,#1865,#1866,#1867,#1868,#1869,
#1870,#1871,#1872,#1873,#1874,#1875,#1876,#1877,#1878,#1879,#1880,#1881,
#1882,#1883,#1884,#1885,#1886,#1887,#1888,#1889,#1890,#1891,#1892,#1893,
#1894,#1895,#1896,#1897,#1898,#1899,#1900,#1901,#1902,#1903,#1904,#1905,
#1906,#1907,#1908,#1909,#1910,#1911,#1912,#1913,#1914,#1915,#1916,#1917,
#1918,#1919,#1920,#1921,#1922,#1923,#1924,#1925,#1926,#1927,#1928,#1929,
#1930,#1931,#1932,#1933,#1934,#1935,#1936,#1937,#1938,#1939),
 .UNSPECIFIED.,.F.,.F.,(4,3,3,3,3,3,3,3,3,3,3,3,3,3,3,3,3,3,3,3,3,3,3,3,
3,3,3,3,3,4),(0.0506952513897852,0.0731777006579329,0.0945688317726382,
0.11596124899036,0.137374780220676,0.140625048462376,0.164835196899371,
0.18904040188936,0.213240156366343,0.23743395435997,0.261622985891642,0.285803354967322,
0.30997565206541,0.320484642607558,0.342967091875706,0.364924364138319,
0.387669401909234,0.410414439680149,0.435549672209381,0.460729360512904,
0.485951799204349,0.50034423675274,0.524312334259803,0.548266740790909,
0.572210787843187,0.590274033825331,0.614033038541445,0.637776919177333,
0.66151102243673,0.680203830897921),.UNSPECIFIED.);
#70=B_SPLINE_CURVE_WITH_KNOTS('',3,(#2070,#2071,#2072,#2073,#2074,#2075,
#2076,#2077,#2078,#2079),.UNSPECIFIED.,.F.,.F.,(4,2,2,2,4),(-0.784695311776311,
-0.582881796123135,-0.398898745595577,-0.188976045105566,-9.99513037669431E-7),
 .UNSPECIFIED.);
#71=B_SPLINE_CURVE_WITH_KNOTS('',3,(#2095,#2096,#2097,#2098,#2099,#2100,
#2101,#2102,#2103,#2104,#2105,#2106,#2107,#2108,#2109),.UNSPECIFIED.,.F.,
 .F.,(4,2,2,3,2,2,4),(2.65960023629147,2.66870941729832,2.85751358422519,
3.04631775115206,3.23512191807893,3.4239260850058,3.49309097349951),
 .UNSPECIFIED.);
#72=B_SPLINE_CURVE_WITH_KNOTS('',3,(#2113,#2114,#2115,#2116,#2117,#2118,
#2119,#2120,#2121,#2122,#2123),.UNSPECIFIED.,.F.,.F.,(4,2,3,2,4),(2.26796041887894,
2.42554337219083,2.58585875048079,2.74617412877075,2.90375708208264),
 .UNSPECIFIED.);
#73=B_SPLINE_CURVE_WITH_KNOTS('',3,(#2159,#2160,#2161,#2162,#2163,#2164),
 .UNSPECIFIED.,.F.,.F.,(4,2,4),(0.,0.0307583570353942,0.0615004591115327),
 .UNSPECIFIED.);
#74=B_SPLINE_CURVE_WITH_KNOTS('',3,(#2190,#2191,#2192,#2193,#2194,#2195,
#2196,#2197,#2198,#2199,#2200,#2201),.UNSPECIFIED.,.F.,.F.,(4,2,2,2,2,4),
(1.98132602212236,1.98235201906833,2.10751562227818,2.35784282869788,2.60817003511757,
2.67333462594202),.UNSPECIFIED.);
#75=B_SPLINE_CURVE_WITH_KNOTS('',3,(#2213,#2214,#2215,#2216,#2217,#2218,
#2219,#2220,#2221,#2222,#2223,#2224),.UNSPECIFIED.,.F.,.F.,(4,2,2,2,2,4),
(1.69509531813144,1.73409288538293,1.88771519984025,2.04133751429757,2.18688538446095,
2.21392910055599),.UNSPECIFIED.);
#76=B_SPLINE_CURVE_WITH_KNOTS('',3,(#2241,#2242,#2243,#2244,#2245,#2246,
#2247,#2248,#2249,#2250),.UNSPECIFIED.,.F.,.F.,(4,2,2,2,4),(-0.827240024153128,
-0.702730688072244,-0.594233705310896,-0.485736722549548,-0.384111745734866),
 .UNSPECIFIED.);
#77=B_SPLINE_CURVE_WITH_KNOTS('',3,(#2253,#2254,#2255,#2256,#2257,#2258,
#2259,#2260,#2261,#2262,#2263,#2264,#2265,#2266,#2267,#2268,#2269,#2270,
#2271,#2272),.UNSPECIFIED.,.F.,.F.,(4,2,2,2,2,2,2,2,2,4),(-3.86860206867385,
-3.86779375356339,-3.86698543845293,-3.86536880823201,-3.86213554779018,
-3.8556690269065,-3.82894404492164,-3.73227102689137,-3.60581414594069,
-3.54346332111843),.UNSPECIFIED.);
#78=B_SPLINE_CURVE_WITH_KNOTS('',3,(#2277,#2278,#2279,#2280,#2281,#2282,
#2283,#2284,#2285,#2286,#2287,#2288,#2289,#2290,#2291,#2292,#2293,#2294,
#2295,#2296,#2297,#2298),.UNSPECIFIED.,.F.,.F.,(4,2,2,2,2,2,2,2,2,2,4),
(-0.639310667518305,-0.454920126592042,-0.26660446061817,-0.133302230309087,
-0.0666511151545455,-0.0333255575772747,-0.0166627787886394,-0.00833138939432168,
-0.00416569469716284,-0.00208284734858342,-3.99680288865056E-15),
 .UNSPECIFIED.);
#79=B_SPLINE_SURFACE_WITH_KNOTS('',3,3,((#1753,#1754,#1755,#1756,#1757,
#1758,#1759,#1760,#1761),(#1762,#1763,#1764,#1765,#1766,#1767,#1768,#1769,
#1770),(#1771,#1772,#1773,#1774,#1775,#1776,#1777,#1778,#1779),(#1780,#1781,
#1782,#1783,#1784,#1785,#1786,#1787,#1788),(#1789,#1790,#1791,#1792,#1793,
#1794,#1795,#1796,#1797)),.UNSPECIFIED.,.F.,.F.,.F.,(4,1,4),(4,1,1,1,1,
1,4),(-3.30276594257278E-5,0.5,1.),(0.0506622237303608,0.140625048462376,
0.320484642607558,0.410414439680149,0.50034423675274,0.590274033825331,
0.680236858557347),.UNSPECIFIED.);
#80=B_SPLINE_SURFACE_WITH_KNOTS('',3,3,((#2125,#2126,#2127,#2128,#2129,
#2130),(#2131,#2132,#2133,#2134,#2135,#2136),(#2137,#2138,#2139,#2140,#2141,
#2142),(#2143,#2144,#2145,#2146,#2147,#2148),(#2149,#2150,#2151,#2152,#2153,
#2154)),.UNSPECIFIED.,.F.,.F.,.F.,(4,1,4),(4,1,1,4),(-0.00163692612118793,
0.571428571428571,1.00015648366725),(-0.00163691268932393,0.524504410773338,
0.874174017957697,1.22400010880931),.UNSPECIFIED.);
#81=B_SPLINE_SURFACE_WITH_KNOTS('',3,3,((#2323,#2324,#2325,#2326),(#2327,
#2328,#2329,#2330),(#2331,#2332,#2333,#2334),(#2335,#2336,#2337,#2338)),
 .UNSPECIFIED.,.F.,.F.,.F.,(4,4),(4,4),(0.,1.00006581687052),(-0.615545525540911,
-0.307244989122375),.UNSPECIFIED.);
#82=TOROIDAL_SURFACE('',#1228,2.,0.5);
#83=FACE_BOUND('',#161,.T.);
#84=FACE_BOUND('',#162,.T.);
#85=FACE_BOUND('',#163,.T.);
#86=FACE_BOUND('',#168,.T.);
#87=FACE_BOUND('',#169,.T.);
#88=FACE_BOUND('',#170,.T.);
#89=FACE_BOUND('',#171,.T.);
#90=FACE_BOUND('',#189,.T.);
#91=FACE_BOUND('',#190,.T.);
#92=FACE_BOUND('',#191,.T.);
#93=FACE_BOUND('',#192,.T.);
#94=FACE_BOUND('',#193,.T.);
#95=FACE_BOUND('',#206,.T.);
#96=FACE_BOUND('',#210,.T.);
#97=FACE_BOUND('',#224,.T.);
#98=FACE_OUTER_BOUND('',#160,.T.);
#99=FACE_OUTER_BOUND('',#164,.T.);
#100=FACE_OUTER_BOUND('',#165,.T.);
#101=FACE_OUTER_BOUND('',#166,.T.);
#102=FACE_OUTER_BOUND('',#167,.T.);
#103=FACE_OUTER_BOUND('',#172,.T.);
#104=FACE_OUTER_BOUND('',#173,.T.);
#105=FACE_OUTER_BOUND('',#174,.T.);
#106=FACE_OUTER_BOUND('',#175,.T.);
#107=FACE_OUTER_BOUND('',#176,.T.);
#108=FACE_OUTER_BOUND('',#177,.T.);
#109=FACE_OUTER_BOUND('',#178,.T.);
#110=FACE_OUTER_BOUND('',#179,.T.);
#111=FACE_OUTER_BOUND('',#180,.T.);
#112=FACE_OUTER_BOUND('',#181,.T.);
#113=FACE_OUTER_BOUND('',#182,.T.);
#114=FACE_OUTER_BOUND('',#183,.T.);
#115=FACE_OUTER_BOUND('',#184,.T.);
#116=FACE_OUTER_BOUND('',#185,.T.);
#117=FACE_OUTER_BOUND('',#186,.T.);
#118=FACE_OUTER_BOUND('',#187,.T.);
#119=FACE_OUTER_BOUND('',#188,.T.);
#120=FACE_OUTER_BOUND('',#194,.T.);
#121=FACE_OUTER_BOUND('',#195,.T.);
#122=FACE_OUTER_BOUND('',#196,.T.);
#123=FACE_OUTER_BOUND('',#197,.T.);
#124=FACE_OUTER_BOUND('',#198,.T.);
#125=FACE_OUTER_BOUND('',#199,.T.);
#126=FACE_OUTER_BOUND('',#200,.T.);
#127=FACE_OUTER_BOUND('',#201,.T.);
#128=FACE_OUTER_BOUND('',#202,.T.);
#129=FACE_OUTER_BOUND('',#203,.T.);
#130=FACE_OUTER_BOUND('',#204,.T.);
#131=FACE_OUTER_BOUND('',#205,.T.);
#132=FACE_OUTER_BOUND('',#207,.T.);
#133=FACE_OUTER_BOUND('',#208,.T.);
#134=FACE_OUTER_BOUND('',#209,.T.);
#135=FACE_OUTER_BOUND('',#211,.T.);
#136=FACE_OUTER_BOUND('',#212,.T.);
#137=FACE_OUTER_BOUND('',#213,.T.);
#138=FACE_OUTER_BOUND('',#214,.T.);
#139=FACE_OUTER_BOUND('',#215,.T.);
#140=FACE_OUTER_BOUND('',#216,.T.);
#141=FACE_OUTER_BOUND('',#217,.T.);
#142=FACE_OUTER_BOUND('',#218,.T.);
#143=FACE_OUTER_BOUND('',#219,.T.);
#144=FACE_OUTER_BOUND('',#220,.T.);
#145=FACE_OUTER_BOUND('',#221,.T.);
#146=FACE_OUTER_BOUND('',#222,.T.);
#147=FACE_OUTER_BOUND('',#223,.T.);
#148=FACE_OUTER_BOUND('',#225,.T.);
#149=FACE_OUTER_BOUND('',#226,.T.);
#150=FACE_OUTER_BOUND('',#227,.T.);
#151=FACE_OUTER_BOUND('',#228,.T.);
#152=FACE_OUTER_BOUND('',#229,.T.);
#153=FACE_OUTER_BOUND('',#230,.T.);
#154=FACE_OUTER_BOUND('',#231,.T.);
#155=FACE_OUTER_BOUND('',#232,.T.);
#156=FACE_OUTER_BOUND('',#233,.T.);
#157=FACE_OUTER_BOUND('',#234,.T.);
#158=FACE_OUTER_BOUND('',#235,.T.);
#159=FACE_OUTER_BOUND('',#236,.T.);
#160=EDGE_LOOP('',(#764,#765,#766,#767,#768,#769,#770,#771,#772,#773,#774,
#775,#776,#777));
#161=EDGE_LOOP('',(#778));
#162=EDGE_LOOP('',(#779));
#163=EDGE_LOOP('',(#780));
#164=EDGE_LOOP('',(#781,#782,#783,#784));
#165=EDGE_LOOP('',(#785,#786,#787,#788,#789,#790));
#166=EDGE_LOOP('',(#791,#792,#793,#794,#795));
#167=EDGE_LOOP('',(#796,#797,#798,#799,#800,#801,#802,#803,#804,#805,#806,
#807,#808,#809,#810,#811));
#168=EDGE_LOOP('',(#812));
#169=EDGE_LOOP('',(#813));
#170=EDGE_LOOP('',(#814));
#171=EDGE_LOOP('',(#815));
#172=EDGE_LOOP('',(#816,#817,#818,#819));
#173=EDGE_LOOP('',(#820,#821,#822,#823));
#174=EDGE_LOOP('',(#824,#825,#826,#827,#828,#829,#830));
#175=EDGE_LOOP('',(#831,#832,#833,#834));
#176=EDGE_LOOP('',(#835,#836,#837,#838,#839));
#177=EDGE_LOOP('',(#840,#841,#842,#843,#844,#845,#846));
#178=EDGE_LOOP('',(#847,#848,#849,#850));
#179=EDGE_LOOP('',(#851,#852,#853,#854));
#180=EDGE_LOOP('',(#855,#856,#857,#858,#859,#860,#861,#862));
#181=EDGE_LOOP('',(#863,#864,#865,#866));
#182=EDGE_LOOP('',(#867,#868,#869,#870,#871));
#183=EDGE_LOOP('',(#872,#873,#874,#875,#876,#877));
#184=EDGE_LOOP('',(#878,#879,#880,#881,#882,#883,#884,#885,#886,#887,#888,
#889));
#185=EDGE_LOOP('',(#890,#891,#892,#893,#894,#895));
#186=EDGE_LOOP('',(#896,#897,#898,#899,#900));
#187=EDGE_LOOP('',(#901,#902,#903,#904));
#188=EDGE_LOOP('',(#905,#906,#907,#908,#909,#910,#911,#912,#913,#914,#915));
#189=EDGE_LOOP('',(#916));
#190=EDGE_LOOP('',(#917));
#191=EDGE_LOOP('',(#918));
#192=EDGE_LOOP('',(#919));
#193=EDGE_LOOP('',(#920));
#194=EDGE_LOOP('',(#921,#922,#923,#924,#925,#926,#927,#928));
#195=EDGE_LOOP('',(#929,#930,#931,#932,#933));
#196=EDGE_LOOP('',(#934,#935,#936,#937));
#197=EDGE_LOOP('',(#938,#939,#940,#941));
#198=EDGE_LOOP('',(#942,#943,#944,#945,#946,#947,#948));
#199=EDGE_LOOP('',(#949,#950,#951,#952));
#200=EDGE_LOOP('',(#953,#954,#955,#956,#957));
#201=EDGE_LOOP('',(#958,#959,#960,#961,#962,#963,#964,#965));
#202=EDGE_LOOP('',(#966,#967,#968));
#203=EDGE_LOOP('',(#969,#970,#971,#972));
#204=EDGE_LOOP('',(#973,#974,#975,#976,#977,#978));
#205=EDGE_LOOP('',(#979));
#206=EDGE_LOOP('',(#980));
#207=EDGE_LOOP('',(#981,#982,#983,#984));
#208=EDGE_LOOP('',(#985,#986,#987,#988,#989,#990,#991,#992,#993,#994,#995,
#996,#997,#998));
#209=EDGE_LOOP('',(#999));
#210=EDGE_LOOP('',(#1000));
#211=EDGE_LOOP('',(#1001,#1002,#1003,#1004));
#212=EDGE_LOOP('',(#1005,#1006,#1007,#1008,#1009,#1010));
#213=EDGE_LOOP('',(#1011,#1012,#1013,#1014,#1015));
#214=EDGE_LOOP('',(#1016,#1017,#1018,#1019,#1020,#1021,#1022,#1023,#1024,
#1025,#1026,#1027,#1028,#1029,#1030));
#215=EDGE_LOOP('',(#1031,#1032,#1033,#1034));
#216=EDGE_LOOP('',(#1035,#1036,#1037,#1038));
#217=EDGE_LOOP('',(#1039,#1040,#1041,#1042));
#218=EDGE_LOOP('',(#1043,#1044,#1045,#1046));
#219=EDGE_LOOP('',(#1047,#1048,#1049,#1050));
#220=EDGE_LOOP('',(#1051,#1052,#1053,#1054,#1055));
#221=EDGE_LOOP('',(#1056,#1057,#1058,#1059));
#222=EDGE_LOOP('',(#1060,#1061,#1062));
#223=EDGE_LOOP('',(#1063));
#224=EDGE_LOOP('',(#1064));
#225=EDGE_LOOP('',(#1065,#1066,#1067,#1068));
#226=EDGE_LOOP('',(#1069,#1070,#1071,#1072));
#227=EDGE_LOOP('',(#1073,#1074,#1075,#1076));
#228=EDGE_LOOP('',(#1077,#1078,#1079,#1080));
#229=EDGE_LOOP('',(#1081,#1082,#1083,#1084));
#230=EDGE_LOOP('',(#1085,#1086,#1087,#1088));
#231=EDGE_LOOP('',(#1089,#1090,#1091,#1092));
#232=EDGE_LOOP('',(#1093,#1094,#1095,#1096,#1097,#1098));
#233=EDGE_LOOP('',(#1099,#1100,#1101,#1102));
#234=EDGE_LOOP('',(#1103,#1104,#1105,#1106,#1107));
#235=EDGE_LOOP('',(#1108,#1109,#1110,#1111));
#236=EDGE_LOOP('',(#1112,#1113,#1114,#1115));
#237=CIRCLE('',#1220,2.);
#238=CIRCLE('',#1221,4.);
#239=CIRCLE('',#1222,4.);
#240=CIRCLE('',#1223,4.);
#241=CIRCLE('',#1224,4.);
#242=CIRCLE('',#1225,2.5);
#243=CIRCLE('',#1226,2.5);
#244=CIRCLE('',#1227,2.5);
#245=CIRCLE('',#1229,0.5);
#246=CIRCLE('',#1230,2.);
#247=CIRCLE('',#1231,0.5);
#248=CIRCLE('',#1232,1.5);
#249=CIRCLE('',#1235,8.);
#250=CIRCLE('',#1236,2.);
#251=CIRCLE('',#1237,2.);
#252=CIRCLE('',#1238,8.);
#253=CIRCLE('',#1239,11.);
#254=CIRCLE('',#1240,1.5);
#255=CIRCLE('',#1241,1.5);
#256=CIRCLE('',#1242,1.5);
#257=CIRCLE('',#1243,1.5);
#258=CIRCLE('',#1246,2.);
#259=CIRCLE('',#1249,2.);
#260=CIRCLE('',#1262,8.);
#261=CIRCLE('',#1271,8.);
#262=CIRCLE('',#1277,20.);
#263=CIRCLE('',#1278,11.);
#264=CIRCLE('',#1279,1.5);
#265=CIRCLE('',#1280,1.5);
#266=CIRCLE('',#1281,1.5);
#267=CIRCLE('',#1282,1.5);
#268=CIRCLE('',#1286,5.);
#269=CIRCLE('',#1289,5.);
#270=CIRCLE('',#1294,5.);
#271=CIRCLE('',#1296,5.);
#272=CIRCLE('',#1298,5.);
#273=CIRCLE('',#1299,5.);
#274=CIRCLE('',#1300,5.);
#275=CIRCLE('',#1302,5.);
#276=CIRCLE('',#1306,2.5);
#277=CIRCLE('',#1309,5.);
#278=CIRCLE('',#1311,5.);
#279=CIRCLE('',#1314,2.5);
#280=CIRCLE('',#1319,4.);
#281=CIRCLE('',#1320,4.);
#282=CIRCLE('',#1321,4.25);
#283=CIRCLE('',#1322,4.25);
#284=CIRCLE('',#1324,5.);
#285=CIRCLE('',#1333,4.25);
#286=CIRCLE('',#1334,2.5);
#287=LINE('',#1702,#380);
#288=LINE('',#1704,#381);
#289=LINE('',#1706,#382);
#290=LINE('',#1710,#383);
#291=LINE('',#1714,#384);
#292=LINE('',#1718,#385);
#293=LINE('',#1722,#386);
#294=LINE('',#1726,#387);
#295=LINE('',#1727,#388);
#296=LINE('',#1745,#389);
#297=LINE('',#1747,#390);
#298=LINE('',#1749,#391);
#299=LINE('',#1751,#392);
#300=LINE('',#1752,#393);
#301=LINE('',#1944,#394);
#302=LINE('',#1948,#395);
#303=LINE('',#1952,#396);
#304=LINE('',#1954,#397);
#305=LINE('',#1956,#398);
#306=LINE('',#1968,#399);
#307=LINE('',#1971,#400);
#308=LINE('',#1973,#401);
#309=LINE('',#1975,#402);
#310=LINE('',#1977,#403);
#311=LINE('',#1978,#404);
#312=LINE('',#1983,#405);
#313=LINE('',#1984,#406);
#314=LINE('',#1986,#407);
#315=LINE('',#1988,#408);
#316=LINE('',#1989,#409);
#317=LINE('',#1992,#410);
#318=LINE('',#1994,#411);
#319=LINE('',#1995,#412);
#320=LINE('',#1999,#413);
#321=LINE('',#2002,#414);
#322=LINE('',#2003,#415);
#323=LINE('',#2008,#416);
#324=LINE('',#2012,#417);
#325=LINE('',#2015,#418);
#326=LINE('',#2018,#419);
#327=LINE('',#2019,#420);
#328=LINE('',#2025,#421);
#329=LINE('',#2030,#422);
#330=LINE('',#2034,#423);
#331=LINE('',#2038,#424);
#332=LINE('',#2042,#425);
#333=LINE('',#2045,#426);
#334=LINE('',#2049,#427);
#335=LINE('',#2052,#428);
#336=LINE('',#2054,#429);
#337=LINE('',#2055,#430);
#338=LINE('',#2058,#431);
#339=LINE('',#2059,#432);
#340=LINE('',#2064,#433);
#341=LINE('',#2068,#434);
#342=LINE('',#2111,#435);
#343=LINE('',#2124,#436);
#344=LINE('',#2167,#437);
#345=LINE('',#2168,#438);
#346=LINE('',#2171,#439);
#347=LINE('',#2175,#440);
#348=LINE('',#2179,#441);
#349=LINE('',#2182,#442);
#350=LINE('',#2189,#443);
#351=LINE('',#2206,#444);
#352=LINE('',#2225,#445);
#353=LINE('',#2227,#446);
#354=LINE('',#2232,#447);
#355=LINE('',#2237,#448);
#356=LINE('',#2273,#449);
#357=LINE('',#2275,#450);
#358=LINE('',#2304,#451);
#359=LINE('',#2307,#452);
#360=LINE('',#2308,#453);
#361=LINE('',#2310,#454);
#362=LINE('',#2312,#455);
#363=LINE('',#2314,#456);
#364=LINE('',#2318,#457);
#365=LINE('',#2343,#458);
#366=LINE('',#2345,#459);
#367=LINE('',#2348,#460);
#368=LINE('',#2349,#461);
#369=LINE('',#2351,#462);
#370=LINE('',#2361,#463);
#371=LINE('',#2363,#464);
#372=LINE('',#2365,#465);
#373=LINE('',#2367,#466);
#374=LINE('',#2369,#467);
#375=LINE('',#2371,#468);
#376=LINE('',#2373,#469);
#377=LINE('',#2375,#470);
#378=LINE('',#2376,#471);
#379=LINE('',#2379,#472);
#380=VECTOR('',#1351,10.);
#381=VECTOR('',#1352,10.);
#382=VECTOR('',#1353,10.);
#383=VECTOR('',#1356,10.);
#384=VECTOR('',#1359,10.);
#385=VECTOR('',#1362,10.);
#386=VECTOR('',#1365,10.);
#387=VECTOR('',#1368,10.);
#388=VECTOR('',#1369,10.);
#389=VECTOR('',#1388,10.);
#390=VECTOR('',#1389,10.);
#391=VECTOR('',#1390,10.);
#392=VECTOR('',#1391,10.);
#393=VECTOR('',#1392,10.);
#394=VECTOR('',#1397,10.);
#395=VECTOR('',#1400,10.);
#396=VECTOR('',#1403,10.);
#397=VECTOR('',#1406,10.);
#398=VECTOR('',#1409,10.);
#399=VECTOR('',#1422,10.);
#400=VECTOR('',#1425,10.);
#401=VECTOR('',#1428,10.);
#402=VECTOR('',#1429,10.);
#403=VECTOR('',#1430,10.);
#404=VECTOR('',#1431,10.);
#405=VECTOR('',#1436,10.);
#406=VECTOR('',#1437,10.);
#407=VECTOR('',#1440,10.);
#408=VECTOR('',#1441,10.);
#409=VECTOR('',#1442,10.);
#410=VECTOR('',#1445,10.);
#411=VECTOR('',#1446,10.);
#412=VECTOR('',#1447,10.);
#413=VECTOR('',#1452,10.);
#414=VECTOR('',#1455,10.);
#415=VECTOR('',#1456,10.);
#416=VECTOR('',#1461,10.);
#417=VECTOR('',#1464,10.);
#418=VECTOR('',#1469,10.);
#419=VECTOR('',#1472,10.);
#420=VECTOR('',#1473,10.);
#421=VECTOR('',#1480,10.);
#422=VECTOR('',#1485,10.);
#423=VECTOR('',#1488,10.);
#424=VECTOR('',#1491,10.);
#425=VECTOR('',#1494,10.);
#426=VECTOR('',#1497,10.);
#427=VECTOR('',#1502,10.);
#428=VECTOR('',#1505,10.);
#429=VECTOR('',#1506,10.);
#430=VECTOR('',#1507,10.);
#431=VECTOR('',#1510,10.);
#432=VECTOR('',#1511,10.);
#433=VECTOR('',#1516,10.);
#434=VECTOR('',#1519,10.);
#435=VECTOR('',#1536,10.);
#436=VECTOR('',#1537,10.);
#437=VECTOR('',#1544,5.);
#438=VECTOR('',#1545,10.);
#439=VECTOR('',#1548,10.);
#440=VECTOR('',#1553,10.);
#441=VECTOR('',#1556,10.);
#442=VECTOR('',#1559,5.);
#443=VECTOR('',#1568,10.);
#444=VECTOR('',#1573,5.);
#445=VECTOR('',#1584,5.);
#446=VECTOR('',#1587,11.);
#447=VECTOR('',#1594,2.5);
#448=VECTOR('',#1599,5.);
#449=VECTOR('',#1604,10.);
#450=VECTOR('',#1605,10.);
#451=VECTOR('',#1614,2.5);
#452=VECTOR('',#1617,10.);
#453=VECTOR('',#1618,10.);
#454=VECTOR('',#1621,10.);
#455=VECTOR('',#1624,10.);
#456=VECTOR('',#1625,10.);
#457=VECTOR('',#1628,10.);
#458=VECTOR('',#1641,10.);
#459=VECTOR('',#1644,10.);
#460=VECTOR('',#1649,10.);
#461=VECTOR('',#1650,10.);
#462=VECTOR('',#1653,10.);
#463=VECTOR('',#1668,1.5);
#464=VECTOR('',#1671,1.5);
#465=VECTOR('',#1674,1.5);
#466=VECTOR('',#1677,1.5);
#467=VECTOR('',#1680,10.);
#468=VECTOR('',#1683,2.5);
#469=VECTOR('',#1686,4.25);
#470=VECTOR('',#1689,10.);
#471=VECTOR('',#1690,10.);
#472=VECTOR('',#1695,10.);
#473=VERTEX_POINT('',#1700);
#474=VERTEX_POINT('',#1701);
#475=VERTEX_POINT('',#1703);
#476=VERTEX_POINT('',#1705);
#477=VERTEX_POINT('',#1707);
#478=VERTEX_POINT('',#1709);
#479=VERTEX_POINT('',#1711);
#480=VERTEX_POINT('',#1713);
#481=VERTEX_POINT('',#1715);
#482=VERTEX_POINT('',#1717);
#483=VERTEX_POINT('',#1719);
#484=VERTEX_POINT('',#1721);
#485=VERTEX_POINT('',#1723);
#486=VERTEX_POINT('',#1725);
#487=VERTEX_POINT('',#1728);
#488=VERTEX_POINT('',#1730);
#489=VERTEX_POINT('',#1732);
#490=VERTEX_POINT('',#1735);
#491=VERTEX_POINT('',#1736);
#492=VERTEX_POINT('',#1738);
#493=VERTEX_POINT('',#1740);
#494=VERTEX_POINT('',#1744);
#495=VERTEX_POINT('',#1746);
#496=VERTEX_POINT('',#1748);
#497=VERTEX_POINT('',#1750);
#498=VERTEX_POINT('',#1798);
#499=VERTEX_POINT('',#1799);
#500=VERTEX_POINT('',#1805);
#501=VERTEX_POINT('',#1813);
#502=VERTEX_POINT('',#1846);
#503=VERTEX_POINT('',#1941);
#504=VERTEX_POINT('',#1943);
#505=VERTEX_POINT('',#1945);
#506=VERTEX_POINT('',#1947);
#507=VERTEX_POINT('',#1949);
#508=VERTEX_POINT('',#1951);
#509=VERTEX_POINT('',#1957);
#510=VERTEX_POINT('',#1959);
#511=VERTEX_POINT('',#1961);
#512=VERTEX_POINT('',#1963);
#513=VERTEX_POINT('',#1967);
#514=VERTEX_POINT('',#1969);
#515=VERTEX_POINT('',#1974);
#516=VERTEX_POINT('',#1976);
#517=VERTEX_POINT('',#1980);
#518=VERTEX_POINT('',#1981);
#519=VERTEX_POINT('',#1987);
#520=VERTEX_POINT('',#1991);
#521=VERTEX_POINT('',#1993);
#522=VERTEX_POINT('',#1997);
#523=VERTEX_POINT('',#2001);
#524=VERTEX_POINT('',#2005);
#525=VERTEX_POINT('',#2007);
#526=VERTEX_POINT('',#2009);
#527=VERTEX_POINT('',#2011);
#528=VERTEX_POINT('',#2017);
#529=VERTEX_POINT('',#2021);
#530=VERTEX_POINT('',#2023);
#531=VERTEX_POINT('',#2027);
#532=VERTEX_POINT('',#2029);
#533=VERTEX_POINT('',#2031);
#534=VERTEX_POINT('',#2033);
#535=VERTEX_POINT('',#2035);
#536=VERTEX_POINT('',#2037);
#537=VERTEX_POINT('',#2039);
#538=VERTEX_POINT('',#2041);
#539=VERTEX_POINT('',#2043);
#540=VERTEX_POINT('',#2047);
#541=VERTEX_POINT('',#2051);
#542=VERTEX_POINT('',#2053);
#543=VERTEX_POINT('',#2057);
#544=VERTEX_POINT('',#2061);
#545=VERTEX_POINT('',#2063);
#546=VERTEX_POINT('',#2065);
#547=VERTEX_POINT('',#2067);
#548=VERTEX_POINT('',#2069);
#549=VERTEX_POINT('',#2081);
#550=VERTEX_POINT('',#2083);
#551=VERTEX_POINT('',#2085);
#552=VERTEX_POINT('',#2087);
#553=VERTEX_POINT('',#2089);
#554=VERTEX_POINT('',#2092);
#555=VERTEX_POINT('',#2094);
#556=VERTEX_POINT('',#2110);
#557=VERTEX_POINT('',#2112);
#558=VERTEX_POINT('',#2155);
#559=VERTEX_POINT('',#2157);
#560=VERTEX_POINT('',#2166);
#561=VERTEX_POINT('',#2170);
#562=VERTEX_POINT('',#2174);
#563=VERTEX_POINT('',#2176);
#564=VERTEX_POINT('',#2178);
#565=VERTEX_POINT('',#2180);
#566=VERTEX_POINT('',#2186);
#567=VERTEX_POINT('',#2188);
#568=VERTEX_POINT('',#2203);
#569=VERTEX_POINT('',#2205);
#570=VERTEX_POINT('',#2212);
#571=VERTEX_POINT('',#2229);
#572=VERTEX_POINT('',#2234);
#573=VERTEX_POINT('',#2236);
#574=VERTEX_POINT('',#2238);
#575=VERTEX_POINT('',#2240);
#576=VERTEX_POINT('',#2252);
#577=VERTEX_POINT('',#2274);
#578=VERTEX_POINT('',#2276);
#579=VERTEX_POINT('',#2301);
#580=VERTEX_POINT('',#2306);
#581=VERTEX_POINT('',#2313);
#582=VERTEX_POINT('',#2315);
#583=VERTEX_POINT('',#2317);
#584=VERTEX_POINT('',#2320);
#585=VERTEX_POINT('',#2339);
#586=VERTEX_POINT('',#2355);
#587=VERTEX_POINT('',#2357);
#588=EDGE_CURVE('',#473,#474,#287,.T.);
#589=EDGE_CURVE('',#475,#474,#288,.T.);
#590=EDGE_CURVE('',#476,#475,#289,.T.);
#591=EDGE_CURVE('',#477,#476,#237,.T.);
#592=EDGE_CURVE('',#478,#477,#290,.T.);
#593=EDGE_CURVE('',#479,#478,#238,.T.);
#594=EDGE_CURVE('',#480,#479,#291,.T.);
#595=EDGE_CURVE('',#481,#480,#239,.T.);
#596=EDGE_CURVE('',#482,#481,#292,.T.);
#597=EDGE_CURVE('',#482,#483,#240,.T.);
#598=EDGE_CURVE('',#484,#483,#293,.T.);
#599=EDGE_CURVE('',#485,#484,#241,.T.);
#600=EDGE_CURVE('',#485,#486,#294,.F.);
#601=EDGE_CURVE('',#486,#473,#295,.T.);
#602=EDGE_CURVE('',#487,#487,#242,.F.);
#603=EDGE_CURVE('',#488,#488,#243,.F.);
#604=EDGE_CURVE('',#489,#489,#244,.F.);
#605=EDGE_CURVE('',#490,#491,#245,.T.);
#606=EDGE_CURVE('',#491,#492,#246,.T.);
#607=EDGE_CURVE('',#492,#493,#247,.T.);
#608=EDGE_CURVE('',#493,#490,#248,.T.);
#609=EDGE_CURVE('',#494,#491,#296,.T.);
#610=EDGE_CURVE('',#495,#494,#297,.T.);
#611=EDGE_CURVE('',#495,#496,#298,.T.);
#612=EDGE_CURVE('',#497,#496,#299,.T.);
#613=EDGE_CURVE('',#492,#497,#300,.T.);
#614=EDGE_CURVE('',#498,#499,#65,.T.);
#615=EDGE_CURVE('',#499,#500,#66,.T.);
#616=EDGE_CURVE('',#500,#501,#67,.T.);
#617=EDGE_CURVE('',#501,#502,#68,.T.);
#618=EDGE_CURVE('',#502,#498,#69,.T.);
#619=EDGE_CURVE('',#503,#497,#249,.T.);
#620=EDGE_CURVE('',#503,#504,#301,.F.);
#621=EDGE_CURVE('',#505,#504,#250,.T.);
#622=EDGE_CURVE('',#505,#506,#302,.T.);
#623=EDGE_CURVE('',#507,#506,#251,.T.);
#624=EDGE_CURVE('',#507,#508,#303,.T.);
#625=EDGE_CURVE('',#494,#508,#252,.T.);
#626=EDGE_CURVE('',#490,#502,#304,.T.);
#627=EDGE_CURVE('',#501,#499,#253,.T.);
#628=EDGE_CURVE('',#498,#493,#305,.T.);
#629=EDGE_CURVE('',#509,#509,#254,.T.);
#630=EDGE_CURVE('',#510,#510,#255,.T.);
#631=EDGE_CURVE('',#511,#511,#256,.T.);
#632=EDGE_CURVE('',#512,#512,#257,.T.);
#633=EDGE_CURVE('',#506,#513,#306,.T.);
#634=EDGE_CURVE('',#513,#514,#258,.T.);
#635=EDGE_CURVE('',#514,#507,#307,.T.);
#636=EDGE_CURVE('',#486,#514,#308,.T.);
#637=EDGE_CURVE('',#515,#485,#309,.T.);
#638=EDGE_CURVE('',#516,#515,#310,.T.);
#639=EDGE_CURVE('',#508,#516,#311,.T.);
#640=EDGE_CURVE('',#517,#518,#259,.T.);
#641=EDGE_CURVE('',#518,#505,#312,.T.);
#642=EDGE_CURVE('',#504,#517,#313,.T.);
#643=EDGE_CURVE('',#517,#475,#314,.F.);
#644=EDGE_CURVE('',#474,#519,#315,.T.);
#645=EDGE_CURVE('',#519,#518,#316,.T.);
#646=EDGE_CURVE('',#520,#503,#317,.T.);
#647=EDGE_CURVE('',#520,#521,#318,.T.);
#648=EDGE_CURVE('',#476,#521,#319,.T.);
#649=EDGE_CURVE('',#521,#522,#16,.T.);
#650=EDGE_CURVE('',#522,#477,#320,.T.);
#651=EDGE_CURVE('',#522,#523,#321,.T.);
#652=EDGE_CURVE('',#478,#523,#322,.T.);
#653=EDGE_CURVE('',#524,#520,#17,.T.);
#654=EDGE_CURVE('',#525,#524,#323,.T.);
#655=EDGE_CURVE('',#526,#525,#18,.T.);
#656=EDGE_CURVE('',#527,#526,#324,.T.);
#657=EDGE_CURVE('',#523,#527,#19,.T.);
#658=EDGE_CURVE('',#527,#479,#325,.T.);
#659=EDGE_CURVE('',#526,#528,#326,.T.);
#660=EDGE_CURVE('',#480,#528,#327,.T.);
#661=EDGE_CURVE('',#529,#495,#260,.T.);
#662=EDGE_CURVE('',#516,#530,#20,.T.);
#663=EDGE_CURVE('',#530,#529,#328,.T.);
#664=EDGE_CURVE('',#531,#515,#21,.T.);
#665=EDGE_CURVE('',#531,#532,#329,.T.);
#666=EDGE_CURVE('',#532,#533,#22,.F.);
#667=EDGE_CURVE('',#533,#534,#330,.F.);
#668=EDGE_CURVE('',#534,#535,#23,.F.);
#669=EDGE_CURVE('',#536,#535,#331,.T.);
#670=EDGE_CURVE('',#536,#537,#24,.T.);
#671=EDGE_CURVE('',#538,#537,#332,.T.);
#672=EDGE_CURVE('',#539,#538,#25,.T.);
#673=EDGE_CURVE('',#530,#539,#333,.T.);
#674=EDGE_CURVE('',#496,#540,#261,.T.);
#675=EDGE_CURVE('',#540,#524,#334,.T.);
#676=EDGE_CURVE('',#541,#539,#335,.T.);
#677=EDGE_CURVE('',#542,#541,#336,.T.);
#678=EDGE_CURVE('',#542,#529,#337,.T.);
#679=EDGE_CURVE('',#543,#540,#338,.T.);
#680=EDGE_CURVE('',#543,#525,#339,.T.);
#681=EDGE_CURVE('',#544,#542,#26,.T.);
#682=EDGE_CURVE('',#545,#544,#340,.T.);
#683=EDGE_CURVE('',#546,#545,#27,.T.);
#684=EDGE_CURVE('',#547,#546,#341,.T.);
#685=EDGE_CURVE('',#548,#547,#70,.T.);
#686=EDGE_CURVE('',#543,#548,#262,.T.);
#687=EDGE_CURVE('',#549,#549,#263,.T.);
#688=EDGE_CURVE('',#550,#550,#264,.T.);
#689=EDGE_CURVE('',#551,#551,#265,.T.);
#690=EDGE_CURVE('',#552,#552,#266,.T.);
#691=EDGE_CURVE('',#553,#553,#267,.T.);
#692=EDGE_CURVE('',#554,#548,#28,.T.);
#693=EDGE_CURVE('',#555,#554,#71,.F.);
#694=EDGE_CURVE('',#555,#556,#342,.T.);
#695=EDGE_CURVE('',#557,#556,#72,.F.);
#696=EDGE_CURVE('',#557,#526,#343,.T.);
#697=EDGE_CURVE('',#547,#558,#29,.T.);
#698=EDGE_CURVE('',#558,#559,#268,.T.);
#699=EDGE_CURVE('',#554,#559,#73,.T.);
#700=EDGE_CURVE('',#560,#546,#344,.T.);
#701=EDGE_CURVE('',#558,#560,#345,.T.);
#702=EDGE_CURVE('',#545,#561,#346,.T.);
#703=EDGE_CURVE('',#560,#561,#269,.T.);
#704=EDGE_CURVE('',#562,#544,#347,.T.);
#705=EDGE_CURVE('',#563,#562,#30,.T.);
#706=EDGE_CURVE('',#564,#563,#348,.T.);
#707=EDGE_CURVE('',#564,#565,#31,.T.);
#708=EDGE_CURVE('',#561,#565,#349,.T.);
#709=EDGE_CURVE('',#541,#562,#270,.T.);
#710=EDGE_CURVE('',#560,#566,#271,.T.);
#711=EDGE_CURVE('',#566,#567,#350,.T.);
#712=EDGE_CURVE('',#567,#559,#74,.T.);
#713=EDGE_CURVE('',#568,#568,#272,.T.);
#714=EDGE_CURVE('',#568,#569,#351,.T.);
#715=EDGE_CURVE('',#555,#569,#273,.T.);
#716=EDGE_CURVE('',#569,#567,#274,.T.);
#717=EDGE_CURVE('',#561,#566,#275,.T.);
#718=EDGE_CURVE('',#565,#570,#75,.T.);
#719=EDGE_CURVE('',#570,#566,#352,.T.);
#720=EDGE_CURVE('',#549,#500,#353,.T.);
#721=EDGE_CURVE('',#571,#571,#276,.T.);
#722=EDGE_CURVE('',#487,#571,#354,.T.);
#723=EDGE_CURVE('',#572,#572,#277,.T.);
#724=EDGE_CURVE('',#572,#573,#355,.T.);
#725=EDGE_CURVE('',#574,#573,#32,.T.);
#726=EDGE_CURVE('',#575,#574,#76,.T.);
#727=EDGE_CURVE('',#570,#575,#278,.T.);
#728=EDGE_CURVE('',#576,#564,#77,.T.);
#729=EDGE_CURVE('',#537,#576,#356,.T.);
#730=EDGE_CURVE('',#577,#536,#357,.T.);
#731=EDGE_CURVE('',#578,#577,#78,.T.);
#732=EDGE_CURVE('',#573,#578,#33,.T.);
#733=EDGE_CURVE('',#579,#579,#279,.T.);
#734=EDGE_CURVE('',#489,#579,#358,.T.);
#735=EDGE_CURVE('',#580,#519,#359,.T.);
#736=EDGE_CURVE('',#580,#513,#360,.T.);
#737=EDGE_CURVE('',#473,#580,#361,.T.);
#738=EDGE_CURVE('',#532,#575,#362,.T.);
#739=EDGE_CURVE('',#532,#581,#363,.T.);
#740=EDGE_CURVE('',#581,#582,#280,.T.);
#741=EDGE_CURVE('',#582,#583,#364,.T.);
#742=EDGE_CURVE('',#583,#528,#281,.T.);
#743=EDGE_CURVE('',#557,#584,#282,.T.);
#744=EDGE_CURVE('',#584,#556,#283,.T.);
#745=EDGE_CURVE('',#585,#541,#34,.F.);
#746=EDGE_CURVE('',#563,#585,#284,.T.);
#747=EDGE_CURVE('',#538,#585,#365,.T.);
#748=EDGE_CURVE('',#585,#576,#366,.T.);
#749=EDGE_CURVE('',#534,#578,#367,.T.);
#750=EDGE_CURVE('',#577,#535,#368,.T.);
#751=EDGE_CURVE('',#574,#533,#369,.T.);
#752=EDGE_CURVE('',#586,#586,#285,.T.);
#753=EDGE_CURVE('',#587,#587,#286,.T.);
#754=EDGE_CURVE('',#553,#512,#370,.T.);
#755=EDGE_CURVE('',#550,#511,#371,.T.);
#756=EDGE_CURVE('',#551,#510,#372,.T.);
#757=EDGE_CURVE('',#552,#509,#373,.T.);
#758=EDGE_CURVE('',#484,#531,#374,.T.);
#759=EDGE_CURVE('',#488,#587,#375,.T.);
#760=EDGE_CURVE('',#586,#584,#376,.T.);
#761=EDGE_CURVE('',#482,#582,#377,.T.);
#762=EDGE_CURVE('',#483,#581,#378,.T.);
#763=EDGE_CURVE('',#481,#583,#379,.T.);
#764=ORIENTED_EDGE('',*,*,#588,.T.);
#765=ORIENTED_EDGE('',*,*,#589,.F.);
#766=ORIENTED_EDGE('',*,*,#590,.F.);
#767=ORIENTED_EDGE('',*,*,#591,.F.);
#768=ORIENTED_EDGE('',*,*,#592,.F.);
#769=ORIENTED_EDGE('',*,*,#593,.F.);
#770=ORIENTED_EDGE('',*,*,#594,.F.);
#771=ORIENTED_EDGE('',*,*,#595,.F.);
#772=ORIENTED_EDGE('',*,*,#596,.F.);
#773=ORIENTED_EDGE('',*,*,#597,.T.);
#774=ORIENTED_EDGE('',*,*,#598,.F.);
#775=ORIENTED_EDGE('',*,*,#599,.F.);
#776=ORIENTED_EDGE('',*,*,#600,.T.);
#777=ORIENTED_EDGE('',*,*,#601,.T.);
#778=ORIENTED_EDGE('',*,*,#602,.F.);
#779=ORIENTED_EDGE('',*,*,#603,.F.);
#780=ORIENTED_EDGE('',*,*,#604,.F.);
#781=ORIENTED_EDGE('',*,*,#605,.T.);
#782=ORIENTED_EDGE('',*,*,#606,.T.);
#783=ORIENTED_EDGE('',*,*,#607,.T.);
#784=ORIENTED_EDGE('',*,*,#608,.T.);
#785=ORIENTED_EDGE('',*,*,#606,.F.);
#786=ORIENTED_EDGE('',*,*,#609,.F.);
#787=ORIENTED_EDGE('',*,*,#610,.F.);
#788=ORIENTED_EDGE('',*,*,#611,.T.);
#789=ORIENTED_EDGE('',*,*,#612,.F.);
#790=ORIENTED_EDGE('',*,*,#613,.F.);
#791=ORIENTED_EDGE('',*,*,#614,.T.);
#792=ORIENTED_EDGE('',*,*,#615,.T.);
#793=ORIENTED_EDGE('',*,*,#616,.T.);
#794=ORIENTED_EDGE('',*,*,#617,.T.);
#795=ORIENTED_EDGE('',*,*,#618,.T.);
#796=ORIENTED_EDGE('',*,*,#607,.F.);
#797=ORIENTED_EDGE('',*,*,#613,.T.);
#798=ORIENTED_EDGE('',*,*,#619,.F.);
#799=ORIENTED_EDGE('',*,*,#620,.T.);
#800=ORIENTED_EDGE('',*,*,#621,.F.);
#801=ORIENTED_EDGE('',*,*,#622,.T.);
#802=ORIENTED_EDGE('',*,*,#623,.F.);
#803=ORIENTED_EDGE('',*,*,#624,.T.);
#804=ORIENTED_EDGE('',*,*,#625,.F.);
#805=ORIENTED_EDGE('',*,*,#609,.T.);
#806=ORIENTED_EDGE('',*,*,#605,.F.);
#807=ORIENTED_EDGE('',*,*,#626,.T.);
#808=ORIENTED_EDGE('',*,*,#617,.F.);
#809=ORIENTED_EDGE('',*,*,#627,.T.);
#810=ORIENTED_EDGE('',*,*,#614,.F.);
#811=ORIENTED_EDGE('',*,*,#628,.T.);
#812=ORIENTED_EDGE('',*,*,#629,.T.);
#813=ORIENTED_EDGE('',*,*,#630,.T.);
#814=ORIENTED_EDGE('',*,*,#631,.T.);
#815=ORIENTED_EDGE('',*,*,#632,.T.);
#816=ORIENTED_EDGE('',*,*,#608,.F.);
#817=ORIENTED_EDGE('',*,*,#628,.F.);
#818=ORIENTED_EDGE('',*,*,#618,.F.);
#819=ORIENTED_EDGE('',*,*,#626,.F.);
#820=ORIENTED_EDGE('',*,*,#623,.T.);
#821=ORIENTED_EDGE('',*,*,#633,.T.);
#822=ORIENTED_EDGE('',*,*,#634,.T.);
#823=ORIENTED_EDGE('',*,*,#635,.T.);
#824=ORIENTED_EDGE('',*,*,#635,.F.);
#825=ORIENTED_EDGE('',*,*,#636,.F.);
#826=ORIENTED_EDGE('',*,*,#600,.F.);
#827=ORIENTED_EDGE('',*,*,#637,.F.);
#828=ORIENTED_EDGE('',*,*,#638,.F.);
#829=ORIENTED_EDGE('',*,*,#639,.F.);
#830=ORIENTED_EDGE('',*,*,#624,.F.);
#831=ORIENTED_EDGE('',*,*,#640,.T.);
#832=ORIENTED_EDGE('',*,*,#641,.T.);
#833=ORIENTED_EDGE('',*,*,#621,.T.);
#834=ORIENTED_EDGE('',*,*,#642,.T.);
#835=ORIENTED_EDGE('',*,*,#643,.T.);
#836=ORIENTED_EDGE('',*,*,#589,.T.);
#837=ORIENTED_EDGE('',*,*,#644,.T.);
#838=ORIENTED_EDGE('',*,*,#645,.T.);
#839=ORIENTED_EDGE('',*,*,#640,.F.);
#840=ORIENTED_EDGE('',*,*,#590,.T.);
#841=ORIENTED_EDGE('',*,*,#643,.F.);
#842=ORIENTED_EDGE('',*,*,#642,.F.);
#843=ORIENTED_EDGE('',*,*,#620,.F.);
#844=ORIENTED_EDGE('',*,*,#646,.F.);
#845=ORIENTED_EDGE('',*,*,#647,.T.);
#846=ORIENTED_EDGE('',*,*,#648,.F.);
#847=ORIENTED_EDGE('',*,*,#649,.T.);
#848=ORIENTED_EDGE('',*,*,#650,.T.);
#849=ORIENTED_EDGE('',*,*,#591,.T.);
#850=ORIENTED_EDGE('',*,*,#648,.T.);
#851=ORIENTED_EDGE('',*,*,#650,.F.);
#852=ORIENTED_EDGE('',*,*,#651,.T.);
#853=ORIENTED_EDGE('',*,*,#652,.F.);
#854=ORIENTED_EDGE('',*,*,#592,.T.);
#855=ORIENTED_EDGE('',*,*,#649,.F.);
#856=ORIENTED_EDGE('',*,*,#647,.F.);
#857=ORIENTED_EDGE('',*,*,#653,.F.);
#858=ORIENTED_EDGE('',*,*,#654,.F.);
#859=ORIENTED_EDGE('',*,*,#655,.F.);
#860=ORIENTED_EDGE('',*,*,#656,.F.);
#861=ORIENTED_EDGE('',*,*,#657,.F.);
#862=ORIENTED_EDGE('',*,*,#651,.F.);
#863=ORIENTED_EDGE('',*,*,#593,.T.);
#864=ORIENTED_EDGE('',*,*,#652,.T.);
#865=ORIENTED_EDGE('',*,*,#657,.T.);
#866=ORIENTED_EDGE('',*,*,#658,.T.);
#867=ORIENTED_EDGE('',*,*,#658,.F.);
#868=ORIENTED_EDGE('',*,*,#656,.T.);
#869=ORIENTED_EDGE('',*,*,#659,.T.);
#870=ORIENTED_EDGE('',*,*,#660,.F.);
#871=ORIENTED_EDGE('',*,*,#594,.T.);
#872=ORIENTED_EDGE('',*,*,#661,.T.);
#873=ORIENTED_EDGE('',*,*,#610,.T.);
#874=ORIENTED_EDGE('',*,*,#625,.T.);
#875=ORIENTED_EDGE('',*,*,#639,.T.);
#876=ORIENTED_EDGE('',*,*,#662,.T.);
#877=ORIENTED_EDGE('',*,*,#663,.T.);
#878=ORIENTED_EDGE('',*,*,#662,.F.);
#879=ORIENTED_EDGE('',*,*,#638,.T.);
#880=ORIENTED_EDGE('',*,*,#664,.F.);
#881=ORIENTED_EDGE('',*,*,#665,.T.);
#882=ORIENTED_EDGE('',*,*,#666,.T.);
#883=ORIENTED_EDGE('',*,*,#667,.T.);
#884=ORIENTED_EDGE('',*,*,#668,.T.);
#885=ORIENTED_EDGE('',*,*,#669,.F.);
#886=ORIENTED_EDGE('',*,*,#670,.T.);
#887=ORIENTED_EDGE('',*,*,#671,.F.);
#888=ORIENTED_EDGE('',*,*,#672,.F.);
#889=ORIENTED_EDGE('',*,*,#673,.F.);
#890=ORIENTED_EDGE('',*,*,#653,.T.);
#891=ORIENTED_EDGE('',*,*,#646,.T.);
#892=ORIENTED_EDGE('',*,*,#619,.T.);
#893=ORIENTED_EDGE('',*,*,#612,.T.);
#894=ORIENTED_EDGE('',*,*,#674,.T.);
#895=ORIENTED_EDGE('',*,*,#675,.T.);
#896=ORIENTED_EDGE('',*,*,#663,.F.);
#897=ORIENTED_EDGE('',*,*,#673,.T.);
#898=ORIENTED_EDGE('',*,*,#676,.F.);
#899=ORIENTED_EDGE('',*,*,#677,.F.);
#900=ORIENTED_EDGE('',*,*,#678,.T.);
#901=ORIENTED_EDGE('',*,*,#675,.F.);
#902=ORIENTED_EDGE('',*,*,#679,.F.);
#903=ORIENTED_EDGE('',*,*,#680,.T.);
#904=ORIENTED_EDGE('',*,*,#654,.T.);
#905=ORIENTED_EDGE('',*,*,#661,.F.);
#906=ORIENTED_EDGE('',*,*,#678,.F.);
#907=ORIENTED_EDGE('',*,*,#681,.F.);
#908=ORIENTED_EDGE('',*,*,#682,.F.);
#909=ORIENTED_EDGE('',*,*,#683,.F.);
#910=ORIENTED_EDGE('',*,*,#684,.F.);
#911=ORIENTED_EDGE('',*,*,#685,.F.);
#912=ORIENTED_EDGE('',*,*,#686,.F.);
#913=ORIENTED_EDGE('',*,*,#679,.T.);
#914=ORIENTED_EDGE('',*,*,#674,.F.);
#915=ORIENTED_EDGE('',*,*,#611,.F.);
#916=ORIENTED_EDGE('',*,*,#687,.T.);
#917=ORIENTED_EDGE('',*,*,#688,.T.);
#918=ORIENTED_EDGE('',*,*,#689,.T.);
#919=ORIENTED_EDGE('',*,*,#690,.T.);
#920=ORIENTED_EDGE('',*,*,#691,.T.);
#921=ORIENTED_EDGE('',*,*,#686,.T.);
#922=ORIENTED_EDGE('',*,*,#692,.F.);
#923=ORIENTED_EDGE('',*,*,#693,.F.);
#924=ORIENTED_EDGE('',*,*,#694,.T.);
#925=ORIENTED_EDGE('',*,*,#695,.F.);
#926=ORIENTED_EDGE('',*,*,#696,.T.);
#927=ORIENTED_EDGE('',*,*,#655,.T.);
#928=ORIENTED_EDGE('',*,*,#680,.F.);
#929=ORIENTED_EDGE('',*,*,#685,.T.);
#930=ORIENTED_EDGE('',*,*,#697,.T.);
#931=ORIENTED_EDGE('',*,*,#698,.T.);
#932=ORIENTED_EDGE('',*,*,#699,.F.);
#933=ORIENTED_EDGE('',*,*,#692,.T.);
#934=ORIENTED_EDGE('',*,*,#684,.T.);
#935=ORIENTED_EDGE('',*,*,#700,.F.);
#936=ORIENTED_EDGE('',*,*,#701,.F.);
#937=ORIENTED_EDGE('',*,*,#697,.F.);
#938=ORIENTED_EDGE('',*,*,#683,.T.);
#939=ORIENTED_EDGE('',*,*,#702,.T.);
#940=ORIENTED_EDGE('',*,*,#703,.F.);
#941=ORIENTED_EDGE('',*,*,#700,.T.);
#942=ORIENTED_EDGE('',*,*,#682,.T.);
#943=ORIENTED_EDGE('',*,*,#704,.F.);
#944=ORIENTED_EDGE('',*,*,#705,.F.);
#945=ORIENTED_EDGE('',*,*,#706,.F.);
#946=ORIENTED_EDGE('',*,*,#707,.T.);
#947=ORIENTED_EDGE('',*,*,#708,.F.);
#948=ORIENTED_EDGE('',*,*,#702,.F.);
#949=ORIENTED_EDGE('',*,*,#681,.T.);
#950=ORIENTED_EDGE('',*,*,#677,.T.);
#951=ORIENTED_EDGE('',*,*,#709,.T.);
#952=ORIENTED_EDGE('',*,*,#704,.T.);
#953=ORIENTED_EDGE('',*,*,#698,.F.);
#954=ORIENTED_EDGE('',*,*,#701,.T.);
#955=ORIENTED_EDGE('',*,*,#710,.T.);
#956=ORIENTED_EDGE('',*,*,#711,.T.);
#957=ORIENTED_EDGE('',*,*,#712,.T.);
#958=ORIENTED_EDGE('',*,*,#713,.T.);
#959=ORIENTED_EDGE('',*,*,#714,.T.);
#960=ORIENTED_EDGE('',*,*,#715,.F.);
#961=ORIENTED_EDGE('',*,*,#693,.T.);
#962=ORIENTED_EDGE('',*,*,#699,.T.);
#963=ORIENTED_EDGE('',*,*,#712,.F.);
#964=ORIENTED_EDGE('',*,*,#716,.F.);
#965=ORIENTED_EDGE('',*,*,#714,.F.);
#966=ORIENTED_EDGE('',*,*,#717,.T.);
#967=ORIENTED_EDGE('',*,*,#710,.F.);
#968=ORIENTED_EDGE('',*,*,#703,.T.);
#969=ORIENTED_EDGE('',*,*,#718,.T.);
#970=ORIENTED_EDGE('',*,*,#719,.T.);
#971=ORIENTED_EDGE('',*,*,#717,.F.);
#972=ORIENTED_EDGE('',*,*,#708,.T.);
#973=ORIENTED_EDGE('',*,*,#687,.F.);
#974=ORIENTED_EDGE('',*,*,#720,.T.);
#975=ORIENTED_EDGE('',*,*,#615,.F.);
#976=ORIENTED_EDGE('',*,*,#627,.F.);
#977=ORIENTED_EDGE('',*,*,#616,.F.);
#978=ORIENTED_EDGE('',*,*,#720,.F.);
#979=ORIENTED_EDGE('',*,*,#713,.F.);
#980=ORIENTED_EDGE('',*,*,#721,.T.);
#981=ORIENTED_EDGE('',*,*,#602,.T.);
#982=ORIENTED_EDGE('',*,*,#722,.T.);
#983=ORIENTED_EDGE('',*,*,#721,.F.);
#984=ORIENTED_EDGE('',*,*,#722,.F.);
#985=ORIENTED_EDGE('',*,*,#723,.T.);
#986=ORIENTED_EDGE('',*,*,#724,.T.);
#987=ORIENTED_EDGE('',*,*,#725,.F.);
#988=ORIENTED_EDGE('',*,*,#726,.F.);
#989=ORIENTED_EDGE('',*,*,#727,.F.);
#990=ORIENTED_EDGE('',*,*,#718,.F.);
#991=ORIENTED_EDGE('',*,*,#707,.F.);
#992=ORIENTED_EDGE('',*,*,#728,.F.);
#993=ORIENTED_EDGE('',*,*,#729,.F.);
#994=ORIENTED_EDGE('',*,*,#670,.F.);
#995=ORIENTED_EDGE('',*,*,#730,.F.);
#996=ORIENTED_EDGE('',*,*,#731,.F.);
#997=ORIENTED_EDGE('',*,*,#732,.F.);
#998=ORIENTED_EDGE('',*,*,#724,.F.);
#999=ORIENTED_EDGE('',*,*,#723,.F.);
#1000=ORIENTED_EDGE('',*,*,#733,.T.);
#1001=ORIENTED_EDGE('',*,*,#604,.T.);
#1002=ORIENTED_EDGE('',*,*,#734,.T.);
#1003=ORIENTED_EDGE('',*,*,#733,.F.);
#1004=ORIENTED_EDGE('',*,*,#734,.F.);
#1005=ORIENTED_EDGE('',*,*,#633,.F.);
#1006=ORIENTED_EDGE('',*,*,#622,.F.);
#1007=ORIENTED_EDGE('',*,*,#641,.F.);
#1008=ORIENTED_EDGE('',*,*,#645,.F.);
#1009=ORIENTED_EDGE('',*,*,#735,.F.);
#1010=ORIENTED_EDGE('',*,*,#736,.T.);
#1011=ORIENTED_EDGE('',*,*,#737,.F.);
#1012=ORIENTED_EDGE('',*,*,#601,.F.);
#1013=ORIENTED_EDGE('',*,*,#636,.T.);
#1014=ORIENTED_EDGE('',*,*,#634,.F.);
#1015=ORIENTED_EDGE('',*,*,#736,.F.);
#1016=ORIENTED_EDGE('',*,*,#711,.F.);
#1017=ORIENTED_EDGE('',*,*,#719,.F.);
#1018=ORIENTED_EDGE('',*,*,#727,.T.);
#1019=ORIENTED_EDGE('',*,*,#738,.F.);
#1020=ORIENTED_EDGE('',*,*,#739,.T.);
#1021=ORIENTED_EDGE('',*,*,#740,.T.);
#1022=ORIENTED_EDGE('',*,*,#741,.T.);
#1023=ORIENTED_EDGE('',*,*,#742,.T.);
#1024=ORIENTED_EDGE('',*,*,#659,.F.);
#1025=ORIENTED_EDGE('',*,*,#696,.F.);
#1026=ORIENTED_EDGE('',*,*,#743,.T.);
#1027=ORIENTED_EDGE('',*,*,#744,.T.);
#1028=ORIENTED_EDGE('',*,*,#694,.F.);
#1029=ORIENTED_EDGE('',*,*,#715,.T.);
#1030=ORIENTED_EDGE('',*,*,#716,.T.);
#1031=ORIENTED_EDGE('',*,*,#709,.F.);
#1032=ORIENTED_EDGE('',*,*,#745,.F.);
#1033=ORIENTED_EDGE('',*,*,#746,.F.);
#1034=ORIENTED_EDGE('',*,*,#705,.T.);
#1035=ORIENTED_EDGE('',*,*,#672,.T.);
#1036=ORIENTED_EDGE('',*,*,#747,.T.);
#1037=ORIENTED_EDGE('',*,*,#745,.T.);
#1038=ORIENTED_EDGE('',*,*,#676,.T.);
#1039=ORIENTED_EDGE('',*,*,#728,.T.);
#1040=ORIENTED_EDGE('',*,*,#706,.T.);
#1041=ORIENTED_EDGE('',*,*,#746,.T.);
#1042=ORIENTED_EDGE('',*,*,#748,.T.);
#1043=ORIENTED_EDGE('',*,*,#747,.F.);
#1044=ORIENTED_EDGE('',*,*,#671,.T.);
#1045=ORIENTED_EDGE('',*,*,#729,.T.);
#1046=ORIENTED_EDGE('',*,*,#748,.F.);
#1047=ORIENTED_EDGE('',*,*,#668,.F.);
#1048=ORIENTED_EDGE('',*,*,#749,.T.);
#1049=ORIENTED_EDGE('',*,*,#731,.T.);
#1050=ORIENTED_EDGE('',*,*,#750,.T.);
#1051=ORIENTED_EDGE('',*,*,#749,.F.);
#1052=ORIENTED_EDGE('',*,*,#667,.F.);
#1053=ORIENTED_EDGE('',*,*,#751,.F.);
#1054=ORIENTED_EDGE('',*,*,#725,.T.);
#1055=ORIENTED_EDGE('',*,*,#732,.T.);
#1056=ORIENTED_EDGE('',*,*,#666,.F.);
#1057=ORIENTED_EDGE('',*,*,#738,.T.);
#1058=ORIENTED_EDGE('',*,*,#726,.T.);
#1059=ORIENTED_EDGE('',*,*,#751,.T.);
#1060=ORIENTED_EDGE('',*,*,#750,.F.);
#1061=ORIENTED_EDGE('',*,*,#730,.T.);
#1062=ORIENTED_EDGE('',*,*,#669,.T.);
#1063=ORIENTED_EDGE('',*,*,#752,.F.);
#1064=ORIENTED_EDGE('',*,*,#753,.T.);
#1065=ORIENTED_EDGE('',*,*,#737,.T.);
#1066=ORIENTED_EDGE('',*,*,#735,.T.);
#1067=ORIENTED_EDGE('',*,*,#644,.F.);
#1068=ORIENTED_EDGE('',*,*,#588,.F.);
#1069=ORIENTED_EDGE('',*,*,#691,.F.);
#1070=ORIENTED_EDGE('',*,*,#754,.T.);
#1071=ORIENTED_EDGE('',*,*,#632,.F.);
#1072=ORIENTED_EDGE('',*,*,#754,.F.);
#1073=ORIENTED_EDGE('',*,*,#688,.F.);
#1074=ORIENTED_EDGE('',*,*,#755,.T.);
#1075=ORIENTED_EDGE('',*,*,#631,.F.);
#1076=ORIENTED_EDGE('',*,*,#755,.F.);
#1077=ORIENTED_EDGE('',*,*,#689,.F.);
#1078=ORIENTED_EDGE('',*,*,#756,.T.);
#1079=ORIENTED_EDGE('',*,*,#630,.F.);
#1080=ORIENTED_EDGE('',*,*,#756,.F.);
#1081=ORIENTED_EDGE('',*,*,#690,.F.);
#1082=ORIENTED_EDGE('',*,*,#757,.T.);
#1083=ORIENTED_EDGE('',*,*,#629,.F.);
#1084=ORIENTED_EDGE('',*,*,#757,.F.);
#1085=ORIENTED_EDGE('',*,*,#664,.T.);
#1086=ORIENTED_EDGE('',*,*,#637,.T.);
#1087=ORIENTED_EDGE('',*,*,#599,.T.);
#1088=ORIENTED_EDGE('',*,*,#758,.T.);
#1089=ORIENTED_EDGE('',*,*,#603,.T.);
#1090=ORIENTED_EDGE('',*,*,#759,.T.);
#1091=ORIENTED_EDGE('',*,*,#753,.F.);
#1092=ORIENTED_EDGE('',*,*,#759,.F.);
#1093=ORIENTED_EDGE('',*,*,#752,.T.);
#1094=ORIENTED_EDGE('',*,*,#760,.T.);
#1095=ORIENTED_EDGE('',*,*,#743,.F.);
#1096=ORIENTED_EDGE('',*,*,#695,.T.);
#1097=ORIENTED_EDGE('',*,*,#744,.F.);
#1098=ORIENTED_EDGE('',*,*,#760,.F.);
#1099=ORIENTED_EDGE('',*,*,#597,.F.);
#1100=ORIENTED_EDGE('',*,*,#761,.T.);
#1101=ORIENTED_EDGE('',*,*,#740,.F.);
#1102=ORIENTED_EDGE('',*,*,#762,.F.);
#1103=ORIENTED_EDGE('',*,*,#665,.F.);
#1104=ORIENTED_EDGE('',*,*,#758,.F.);
#1105=ORIENTED_EDGE('',*,*,#598,.T.);
#1106=ORIENTED_EDGE('',*,*,#762,.T.);
#1107=ORIENTED_EDGE('',*,*,#739,.F.);
#1108=ORIENTED_EDGE('',*,*,#595,.T.);
#1109=ORIENTED_EDGE('',*,*,#660,.T.);
#1110=ORIENTED_EDGE('',*,*,#742,.F.);
#1111=ORIENTED_EDGE('',*,*,#763,.F.);
#1112=ORIENTED_EDGE('',*,*,#596,.T.);
#1113=ORIENTED_EDGE('',*,*,#763,.T.);
#1114=ORIENTED_EDGE('',*,*,#741,.F.);
#1115=ORIENTED_EDGE('',*,*,#761,.F.);
#1116=PLANE('',#1219);
#1117=PLANE('',#1233);
#1118=PLANE('',#1234);
#1119=PLANE('',#1247);
#1120=PLANE('',#1250);
#1121=PLANE('',#1251);
#1122=PLANE('',#1254);
#1123=PLANE('',#1255);
#1124=PLANE('',#1260);
#1125=PLANE('',#1264);
#1126=PLANE('',#1272);
#1127=PLANE('',#1273);
#1128=PLANE('',#1274);
#1129=PLANE('',#1287);
#1130=PLANE('',#1290);
#1131=PLANE('',#1305);
#1132=PLANE('',#1313);
#1133=PLANE('',#1316);
#1134=PLANE('',#1317);
#1135=PLANE('',#1318);
#1136=PLANE('',#1327);
#1137=PLANE('',#1329);
#1138=PLANE('',#1331);
#1139=PLANE('',#1332);
#1140=PLANE('',#1335);
#1141=PLANE('',#1344);
#1142=PLANE('',#1346);
#1143=ADVANCED_FACE('',(#98,#83,#84,#85),#1116,.F.);
#1144=ADVANCED_FACE('',(#99),#82,.T.);
#1145=ADVANCED_FACE('',(#100),#1117,.T.);
#1146=ADVANCED_FACE('',(#101),#79,.F.);
#1147=ADVANCED_FACE('',(#102,#86,#87,#88,#89),#1118,.T.);
#1148=ADVANCED_FACE('',(#103),#35,.F.);
#1149=ADVANCED_FACE('',(#104),#36,.T.);
#1150=ADVANCED_FACE('',(#105),#1119,.T.);
#1151=ADVANCED_FACE('',(#106),#37,.T.);
#1152=ADVANCED_FACE('',(#107),#1120,.T.);
#1153=ADVANCED_FACE('',(#108),#1121,.T.);
#1154=ADVANCED_FACE('',(#109),#38,.T.);
#1155=ADVANCED_FACE('',(#110),#1122,.T.);
#1156=ADVANCED_FACE('',(#111),#1123,.T.);
#1157=ADVANCED_FACE('',(#112),#39,.T.);
#1158=ADVANCED_FACE('',(#113),#1124,.T.);
#1159=ADVANCED_FACE('',(#114),#40,.T.);
#1160=ADVANCED_FACE('',(#115),#1125,.T.);
#1161=ADVANCED_FACE('',(#116),#41,.T.);
#1162=ADVANCED_FACE('',(#117),#1126,.T.);
#1163=ADVANCED_FACE('',(#118),#1127,.F.);
#1164=ADVANCED_FACE('',(#119,#90,#91,#92,#93,#94),#1128,.T.);
#1165=ADVANCED_FACE('',(#120),#42,.F.);
#1166=ADVANCED_FACE('',(#121),#80,.T.);
#1167=ADVANCED_FACE('',(#122),#1129,.T.);
#1168=ADVANCED_FACE('',(#123),#43,.F.);
#1169=ADVANCED_FACE('',(#124),#1130,.T.);
#1170=ADVANCED_FACE('',(#125),#44,.F.);
#1171=ADVANCED_FACE('',(#126),#45,.F.);
#1172=ADVANCED_FACE('',(#127),#46,.F.);
#1173=ADVANCED_FACE('',(#128),#15,.F.);
#1174=ADVANCED_FACE('',(#129),#47,.F.);
#1175=ADVANCED_FACE('',(#130),#48,.F.);
#1176=ADVANCED_FACE('',(#131,#95),#1131,.T.);
#1177=ADVANCED_FACE('',(#132),#49,.F.);
#1178=ADVANCED_FACE('',(#133),#50,.F.);
#1179=ADVANCED_FACE('',(#134,#96),#1132,.T.);
#1180=ADVANCED_FACE('',(#135),#51,.F.);
#1181=ADVANCED_FACE('',(#136),#1133,.T.);
#1182=ADVANCED_FACE('',(#137),#1134,.T.);
#1183=ADVANCED_FACE('',(#138),#1135,.T.);
#1184=ADVANCED_FACE('',(#139),#81,.T.);
#1185=ADVANCED_FACE('',(#140),#52,.T.);
#1186=ADVANCED_FACE('',(#141),#53,.F.);
#1187=ADVANCED_FACE('',(#142),#1136,.T.);
#1188=ADVANCED_FACE('',(#143),#54,.F.);
#1189=ADVANCED_FACE('',(#144),#1137,.T.);
#1190=ADVANCED_FACE('',(#145),#55,.F.);
#1191=ADVANCED_FACE('',(#146),#1138,.T.);
#1192=ADVANCED_FACE('',(#147,#97),#1139,.T.);
#1193=ADVANCED_FACE('',(#148),#1140,.T.);
#1194=ADVANCED_FACE('',(#149),#56,.F.);
#1195=ADVANCED_FACE('',(#150),#57,.F.);
#1196=ADVANCED_FACE('',(#151),#58,.F.);
#1197=ADVANCED_FACE('',(#152),#59,.F.);
#1198=ADVANCED_FACE('',(#153),#60,.T.);
#1199=ADVANCED_FACE('',(#154),#61,.F.);
#1200=ADVANCED_FACE('',(#155),#62,.F.);
#1201=ADVANCED_FACE('',(#156),#63,.F.);
#1202=ADVANCED_FACE('',(#157),#1141,.T.);
#1203=ADVANCED_FACE('',(#158),#64,.T.);
#1204=ADVANCED_FACE('',(#159),#1142,.T.);
#1205=CLOSED_SHELL('',(#1143,#1144,#1145,#1146,#1147,#1148,#1149,#1150,
#1151,#1152,#1153,#1154,#1155,#1156,#1157,#1158,#1159,#1160,#1161,#1162,
#1163,#1164,#1165,#1166,#1167,#1168,#1169,#1170,#1171,#1172,#1173,#1174,
#1175,#1176,#1177,#1178,#1179,#1180,#1181,#1182,#1183,#1184,#1185,#1186,
#1187,#1188,#1189,#1190,#1191,#1192,#1193,#1194,#1195,#1196,#1197,#1198,
#1199,#1200,#1201,#1202,#1203,#1204));
#1206=DERIVED_UNIT_ELEMENT(#1208,1.);
#1207=DERIVED_UNIT_ELEMENT(#2386,-3.);
#1208=(
MASS_UNIT()
NAMED_UNIT(*)
SI_UNIT(.KILO.,.GRAM.)
);
#1209=DERIVED_UNIT((#1206,#1207));
#1210=MEASURE_REPRESENTATION_ITEM('density measure',
POSITIVE_RATIO_MEASURE(7850.),#1209);
#1211=PROPERTY_DEFINITION_REPRESENTATION(#1216,#1213);
#1212=PROPERTY_DEFINITION_REPRESENTATION(#1217,#1214);
#1213=REPRESENTATION('material name',(#1215),#2383);
#1214=REPRESENTATION('density',(#1210),#2383);
#1215=DESCRIPTIVE_REPRESENTATION_ITEM('Steel','Steel');
#1216=PROPERTY_DEFINITION('material property','material name',#2393);
#1217=PROPERTY_DEFINITION('material property','density of part',#2393);
#1218=AXIS2_PLACEMENT_3D('',#1698,#1347,#1348);
#1219=AXIS2_PLACEMENT_3D('',#1699,#1349,#1350);
#1220=AXIS2_PLACEMENT_3D('',#1708,#1354,#1355);
#1221=AXIS2_PLACEMENT_3D('',#1712,#1357,#1358);
#1222=AXIS2_PLACEMENT_3D('',#1716,#1360,#1361);
#1223=AXIS2_PLACEMENT_3D('',#1720,#1363,#1364);
#1224=AXIS2_PLACEMENT_3D('',#1724,#1366,#1367);
#1225=AXIS2_PLACEMENT_3D('',#1729,#1370,#1371);
#1226=AXIS2_PLACEMENT_3D('',#1731,#1372,#1373);
#1227=AXIS2_PLACEMENT_3D('',#1733,#1374,#1375);
#1228=AXIS2_PLACEMENT_3D('',#1734,#1376,#1377);
#1229=AXIS2_PLACEMENT_3D('',#1737,#1378,#1379);
#1230=AXIS2_PLACEMENT_3D('',#1739,#1380,#1381);
#1231=AXIS2_PLACEMENT_3D('',#1741,#1382,#1383);
#1232=AXIS2_PLACEMENT_3D('',#1742,#1384,#1385);
#1233=AXIS2_PLACEMENT_3D('',#1743,#1386,#1387);
#1234=AXIS2_PLACEMENT_3D('',#1940,#1393,#1394);
#1235=AXIS2_PLACEMENT_3D('',#1942,#1395,#1396);
#1236=AXIS2_PLACEMENT_3D('',#1946,#1398,#1399);
#1237=AXIS2_PLACEMENT_3D('',#1950,#1401,#1402);
#1238=AXIS2_PLACEMENT_3D('',#1953,#1404,#1405);
#1239=AXIS2_PLACEMENT_3D('',#1955,#1407,#1408);
#1240=AXIS2_PLACEMENT_3D('',#1958,#1410,#1411);
#1241=AXIS2_PLACEMENT_3D('',#1960,#1412,#1413);
#1242=AXIS2_PLACEMENT_3D('',#1962,#1414,#1415);
#1243=AXIS2_PLACEMENT_3D('',#1964,#1416,#1417);
#1244=AXIS2_PLACEMENT_3D('',#1965,#1418,#1419);
#1245=AXIS2_PLACEMENT_3D('',#1966,#1420,#1421);
#1246=AXIS2_PLACEMENT_3D('',#1970,#1423,#1424);
#1247=AXIS2_PLACEMENT_3D('',#1972,#1426,#1427);
#1248=AXIS2_PLACEMENT_3D('',#1979,#1432,#1433);
#1249=AXIS2_PLACEMENT_3D('',#1982,#1434,#1435);
#1250=AXIS2_PLACEMENT_3D('',#1985,#1438,#1439);
#1251=AXIS2_PLACEMENT_3D('',#1990,#1443,#1444);
#1252=AXIS2_PLACEMENT_3D('',#1996,#1448,#1449);
#1253=AXIS2_PLACEMENT_3D('',#1998,#1450,#1451);
#1254=AXIS2_PLACEMENT_3D('',#2000,#1453,#1454);
#1255=AXIS2_PLACEMENT_3D('',#2004,#1457,#1458);
#1256=AXIS2_PLACEMENT_3D('',#2006,#1459,#1460);
#1257=AXIS2_PLACEMENT_3D('',#2010,#1462,#1463);
#1258=AXIS2_PLACEMENT_3D('',#2013,#1465,#1466);
#1259=AXIS2_PLACEMENT_3D('',#2014,#1467,#1468);
#1260=AXIS2_PLACEMENT_3D('',#2016,#1470,#1471);
#1261=AXIS2_PLACEMENT_3D('',#2020,#1474,#1475);
#1262=AXIS2_PLACEMENT_3D('',#2022,#1476,#1477);
#1263=AXIS2_PLACEMENT_3D('',#2024,#1478,#1479);
#1264=AXIS2_PLACEMENT_3D('',#2026,#1481,#1482);
#1265=AXIS2_PLACEMENT_3D('',#2028,#1483,#1484);
#1266=AXIS2_PLACEMENT_3D('',#2032,#1486,#1487);
#1267=AXIS2_PLACEMENT_3D('',#2036,#1489,#1490);
#1268=AXIS2_PLACEMENT_3D('',#2040,#1492,#1493);
#1269=AXIS2_PLACEMENT_3D('',#2044,#1495,#1496);
#1270=AXIS2_PLACEMENT_3D('',#2046,#1498,#1499);
#1271=AXIS2_PLACEMENT_3D('',#2048,#1500,#1501);
#1272=AXIS2_PLACEMENT_3D('',#2050,#1503,#1504);
#1273=AXIS2_PLACEMENT_3D('',#2056,#1508,#1509);
#1274=AXIS2_PLACEMENT_3D('',#2060,#1512,#1513);
#1275=AXIS2_PLACEMENT_3D('',#2062,#1514,#1515);
#1276=AXIS2_PLACEMENT_3D('',#2066,#1517,#1518);
#1277=AXIS2_PLACEMENT_3D('',#2080,#1520,#1521);
#1278=AXIS2_PLACEMENT_3D('',#2082,#1522,#1523);
#1279=AXIS2_PLACEMENT_3D('',#2084,#1524,#1525);
#1280=AXIS2_PLACEMENT_3D('',#2086,#1526,#1527);
#1281=AXIS2_PLACEMENT_3D('',#2088,#1528,#1529);
#1282=AXIS2_PLACEMENT_3D('',#2090,#1530,#1531);
#1283=AXIS2_PLACEMENT_3D('',#2091,#1532,#1533);
#1284=AXIS2_PLACEMENT_3D('',#2093,#1534,#1535);
#1285=AXIS2_PLACEMENT_3D('',#2156,#1538,#1539);
#1286=AXIS2_PLACEMENT_3D('',#2158,#1540,#1541);
#1287=AXIS2_PLACEMENT_3D('',#2165,#1542,#1543);
#1288=AXIS2_PLACEMENT_3D('',#2169,#1546,#1547);
#1289=AXIS2_PLACEMENT_3D('',#2172,#1549,#1550);
#1290=AXIS2_PLACEMENT_3D('',#2173,#1551,#1552);
#1291=AXIS2_PLACEMENT_3D('',#2177,#1554,#1555);
#1292=AXIS2_PLACEMENT_3D('',#2181,#1557,#1558);
#1293=AXIS2_PLACEMENT_3D('',#2183,#1560,#1561);
#1294=AXIS2_PLACEMENT_3D('',#2184,#1562,#1563);
#1295=AXIS2_PLACEMENT_3D('',#2185,#1564,#1565);
#1296=AXIS2_PLACEMENT_3D('',#2187,#1566,#1567);
#1297=AXIS2_PLACEMENT_3D('',#2202,#1569,#1570);
#1298=AXIS2_PLACEMENT_3D('',#2204,#1571,#1572);
#1299=AXIS2_PLACEMENT_3D('',#2207,#1574,#1575);
#1300=AXIS2_PLACEMENT_3D('',#2208,#1576,#1577);
#1301=AXIS2_PLACEMENT_3D('',#2209,#1578,#1579);
#1302=AXIS2_PLACEMENT_3D('',#2210,#1580,#1581);
#1303=AXIS2_PLACEMENT_3D('',#2211,#1582,#1583);
#1304=AXIS2_PLACEMENT_3D('',#2226,#1585,#1586);
#1305=AXIS2_PLACEMENT_3D('',#2228,#1588,#1589);
#1306=AXIS2_PLACEMENT_3D('',#2230,#1590,#1591);
#1307=AXIS2_PLACEMENT_3D('',#2231,#1592,#1593);
#1308=AXIS2_PLACEMENT_3D('',#2233,#1595,#1596);
#1309=AXIS2_PLACEMENT_3D('',#2235,#1597,#1598);
#1310=AXIS2_PLACEMENT_3D('',#2239,#1600,#1601);
#1311=AXIS2_PLACEMENT_3D('',#2251,#1602,#1603);
#1312=AXIS2_PLACEMENT_3D('',#2299,#1606,#1607);
#1313=AXIS2_PLACEMENT_3D('',#2300,#1608,#1609);
#1314=AXIS2_PLACEMENT_3D('',#2302,#1610,#1611);
#1315=AXIS2_PLACEMENT_3D('',#2303,#1612,#1613);
#1316=AXIS2_PLACEMENT_3D('',#2305,#1615,#1616);
#1317=AXIS2_PLACEMENT_3D('',#2309,#1619,#1620);
#1318=AXIS2_PLACEMENT_3D('',#2311,#1622,#1623);
#1319=AXIS2_PLACEMENT_3D('',#2316,#1626,#1627);
#1320=AXIS2_PLACEMENT_3D('',#2319,#1629,#1630);
#1321=AXIS2_PLACEMENT_3D('',#2321,#1631,#1632);
#1322=AXIS2_PLACEMENT_3D('',#2322,#1633,#1634);
#1323=AXIS2_PLACEMENT_3D('',#2340,#1635,#1636);
#1324=AXIS2_PLACEMENT_3D('',#2341,#1637,#1638);
#1325=AXIS2_PLACEMENT_3D('',#2342,#1639,#1640);
#1326=AXIS2_PLACEMENT_3D('',#2344,#1642,#1643);
#1327=AXIS2_PLACEMENT_3D('',#2346,#1645,#1646);
#1328=AXIS2_PLACEMENT_3D('',#2347,#1647,#1648);
#1329=AXIS2_PLACEMENT_3D('',#2350,#1651,#1652);
#1330=AXIS2_PLACEMENT_3D('',#2352,#1654,#1655);
#1331=AXIS2_PLACEMENT_3D('',#2353,#1656,#1657);
#1332=AXIS2_PLACEMENT_3D('',#2354,#1658,#1659);
#1333=AXIS2_PLACEMENT_3D('',#2356,#1660,#1661);
#1334=AXIS2_PLACEMENT_3D('',#2358,#1662,#1663);
#1335=AXIS2_PLACEMENT_3D('',#2359,#1664,#1665);
#1336=AXIS2_PLACEMENT_3D('',#2360,#1666,#1667);
#1337=AXIS2_PLACEMENT_3D('',#2362,#1669,#1670);
#1338=AXIS2_PLACEMENT_3D('',#2364,#1672,#1673);
#1339=AXIS2_PLACEMENT_3D('',#2366,#1675,#1676);
#1340=AXIS2_PLACEMENT_3D('',#2368,#1678,#1679);
#1341=AXIS2_PLACEMENT_3D('',#2370,#1681,#1682);
#1342=AXIS2_PLACEMENT_3D('',#2372,#1684,#1685);
#1343=AXIS2_PLACEMENT_3D('',#2374,#1687,#1688);
#1344=AXIS2_PLACEMENT_3D('',#2377,#1691,#1692);
#1345=AXIS2_PLACEMENT_3D('',#2378,#1693,#1694);
#1346=AXIS2_PLACEMENT_3D('',#2380,#1696,#1697);
#1347=DIRECTION('axis',(0.,0.,1.));
#1348=DIRECTION('refdir',(1.,0.,0.));
#1349=DIRECTION('center_axis',(1.,-4.1550926002798E-17,2.22044604925031E-16));
#1350=DIRECTION('ref_axis',(4.1550926002798E-17,1.,1.33596388134454E-39));
#1351=DIRECTION('',(0.,-1.,0.));
#1352=DIRECTION('',(-2.22044604925031E-16,9.22615894856049E-33,1.));
#1353=DIRECTION('',(4.1550926002798E-17,1.,0.));
#1354=DIRECTION('center_axis',(1.,-4.1550926002798E-17,2.22044604925031E-16));
#1355=DIRECTION('ref_axis',(-7.84737965645827E-49,-0.382683432365089,-0.923879532511287));
#1356=DIRECTION('',(1.86390187409536E-16,0.707106781186548,-0.707106781186548));
#1357=DIRECTION('center_axis',(1.,-4.1550926002798E-17,2.22044604925031E-16));
#1358=DIRECTION('ref_axis',(-1.89452503957123E-48,-0.923879532511287,-0.38268343236509));
#1359=DIRECTION('',(2.22044604925031E-16,-9.22615761259661E-33,-1.));
#1360=DIRECTION('center_axis',(1.,-4.1550926002798E-17,2.22044604925031E-16));
#1361=DIRECTION('ref_axis',(-2.22261445359528E-16,9.22615761259661E-33,
1.));
#1362=DIRECTION('',(-4.1550926002798E-17,-1.,-1.3359638703969E-39));
#1363=DIRECTION('center_axis',(1.,-4.1550926002798E-17,2.22044604925031E-16));
#1364=DIRECTION('ref_axis',(2.22261445359528E-16,-1.11022302462516E-15,
-1.));
#1365=DIRECTION('',(2.22044604925031E-16,2.77555756156289E-16,-1.));
#1366=DIRECTION('center_axis',(1.,-4.1550926002798E-17,2.22044604925031E-16));
#1367=DIRECTION('ref_axis',(-1.57162575210046E-16,-0.707106781186547,0.707106781186548));
#1368=DIRECTION('',(-4.1550926002798E-17,-1.,-1.3359638703969E-39));
#1369=DIRECTION('',(2.22044604925031E-16,-9.22615894856049E-33,-1.));
#1370=DIRECTION('center_axis',(1.,-4.1550926002798E-17,2.22044604925031E-16));
#1371=DIRECTION('ref_axis',(2.03264494814511E-48,1.,-9.19011792920378E-33));
#1372=DIRECTION('center_axis',(1.,-4.1550926002798E-17,2.22044604925031E-16));
#1373=DIRECTION('ref_axis',(2.04861852206484E-48,1.,-9.22615761259608E-33));
#1374=DIRECTION('center_axis',(1.,-4.1550926002798E-17,2.22044604925031E-16));
#1375=DIRECTION('ref_axis',(0.,1.,1.33596388134454E-39));
#1376=DIRECTION('center_axis',(-1.,3.61048138089482E-17,-2.16628882853689E-16));
#1377=DIRECTION('ref_axis',(0.,0.,1.));
#1378=DIRECTION('center_axis',(-3.61048138089482E-17,-1.,1.20927849449689E-33));
#1379=DIRECTION('ref_axis',(-2.16628882853689E-16,9.03062397556978E-33,
1.));
#1380=DIRECTION('center_axis',(1.,-3.61048138089482E-17,2.16628882853689E-16));
#1381=DIRECTION('ref_axis',(-3.61048138089489E-17,-1.,3.23165262644358E-15));
#1382=DIRECTION('center_axis',(-3.61048138089482E-17,-1.,1.20927849449689E-33));
#1383=DIRECTION('ref_axis',(2.16628882853689E-16,-9.03062397556978E-33,
-1.));
#1384=DIRECTION('center_axis',(-1.,3.61048138089482E-17,-2.16628882853689E-16));
#1385=DIRECTION('ref_axis',(-3.61048138089489E-17,-1.,3.23165262644358E-15));
#1386=DIRECTION('center_axis',(1.,-3.61048138089482E-17,2.16628882853689E-16));
#1387=DIRECTION('ref_axis',(2.16628882853689E-16,0.,-1.));
#1388=DIRECTION('',(0.,0.,-1.));
#1389=DIRECTION('',(3.61048138089482E-17,1.,-1.21045943183134E-33));
#1390=DIRECTION('',(2.22044604925031E-16,5.01735405359446E-16,-1.));
#1391=DIRECTION('',(-3.61048138089482E-17,-1.,0.));
#1392=DIRECTION('',(0.,0.,-1.));
#1393=DIRECTION('center_axis',(3.61048138089482E-17,1.,-1.20927849449689E-33));
#1394=DIRECTION('ref_axis',(-2.22044604925031E-16,9.2261576125966E-33,1.));
#1395=DIRECTION('center_axis',(-3.61048138089482E-17,-1.,1.20927849449689E-33));
#1396=DIRECTION('ref_axis',(0.707106781186548,-2.5529958677785E-17,-0.707106781186548));
#1397=DIRECTION('',(1.,-3.61048138089482E-17,0.));
#1398=DIRECTION('center_axis',(-3.61048138089482E-17,-1.,1.20927849449689E-33));
#1399=DIRECTION('ref_axis',(-0.707106781186546,2.55299586777849E-17,-0.707106781186549));
#1400=DIRECTION('',(5.77778983316172E-34,-4.18151148845058E-84,1.));
#1401=DIRECTION('center_axis',(-3.61048138089482E-17,-1.,1.20927849449689E-33));
#1402=DIRECTION('ref_axis',(-0.707106781186546,2.55299586777849E-17,0.707106781186549));
#1403=DIRECTION('',(1.,-1.27715582149466E-51,2.22261445359528E-16));
#1404=DIRECTION('center_axis',(-3.61048138089482E-17,-1.,1.20927849449689E-33));
#1405=DIRECTION('ref_axis',(0.707106781186548,-2.5529958677785E-17,0.707106781186548));
#1406=DIRECTION('',(-1.,0.,-1.03276560430249E-16));
#1407=DIRECTION('center_axis',(-3.61048138089482E-17,-1.,1.20927849449689E-33));
#1408=DIRECTION('ref_axis',(-1.,3.61048138089482E-17,-5.68366074235925E-34));
#1409=DIRECTION('',(1.,0.,1.03276560430249E-16));
#1410=DIRECTION('center_axis',(-3.61048138089482E-17,-1.,1.20927849449689E-33));
#1411=DIRECTION('ref_axis',(-1.,3.61048138089482E-17,-5.77778983316172E-34));
#1412=DIRECTION('center_axis',(-3.61048138089482E-17,-1.,1.20927849449689E-33));
#1413=DIRECTION('ref_axis',(-1.,3.61048138089482E-17,-5.77778983316172E-34));
#1414=DIRECTION('center_axis',(-3.61048138089482E-17,-1.,1.20927849449689E-33));
#1415=DIRECTION('ref_axis',(-1.,3.61048138089482E-17,-5.77778983316172E-34));
#1416=DIRECTION('center_axis',(-3.61048138089482E-17,-1.,1.20927849449689E-33));
#1417=DIRECTION('ref_axis',(-1.,3.61048138089482E-17,-5.77778983316172E-34));
#1418=DIRECTION('center_axis',(1.,0.,1.03276560430249E-16));
#1419=DIRECTION('ref_axis',(1.03276560430249E-16,0.,-1.));
#1420=DIRECTION('center_axis',(0.,1.,-9.23516753344481E-33));
#1421=DIRECTION('ref_axis',(-0.707106781186546,6.53024958829268E-33,0.707106781186549));
#1422=DIRECTION('',(0.,-1.,9.23516753344481E-33));
#1423=DIRECTION('center_axis',(0.,1.,-9.22615894856049E-33));
#1424=DIRECTION('ref_axis',(-0.707106781186546,6.52387955683208E-33,0.707106781186549));
#1425=DIRECTION('',(0.,1.,-9.23516753344481E-33));
#1426=DIRECTION('center_axis',(-2.22261445359528E-16,9.23516753344481E-33,
1.));
#1427=DIRECTION('ref_axis',(-4.1550926002798E-17,-1.,-1.3359638703969E-39));
#1428=DIRECTION('',(-1.,1.27715582149466E-51,-2.22261445359528E-16));
#1429=DIRECTION('',(-1.,0.,-2.22261445359528E-16));
#1430=DIRECTION('',(-0.915567195193734,-0.402165029664538,2.96627608452242E-35));
#1431=DIRECTION('',(-3.61048138089482E-17,-1.,1.21045943183134E-33));
#1432=DIRECTION('center_axis',(0.,-1.,0.));
#1433=DIRECTION('ref_axis',(-0.707106781186546,0.,-0.707106781186549));
#1434=DIRECTION('center_axis',(0.,1.,0.));
#1435=DIRECTION('ref_axis',(-0.707106781186546,0.,-0.707106781186549));
#1436=DIRECTION('',(0.,1.,0.));
#1437=DIRECTION('',(0.,-1.,0.));
#1438=DIRECTION('center_axis',(0.,-1.,0.));
#1439=DIRECTION('ref_axis',(0.,0.,-1.));
#1440=DIRECTION('',(-1.,0.,0.));
#1441=DIRECTION('',(-1.,0.,0.));
#1442=DIRECTION('',(2.22044604925031E-16,-9.22615894856049E-33,-1.));
#1443=DIRECTION('center_axis',(0.,0.,-1.));
#1444=DIRECTION('ref_axis',(-1.,0.,0.));
#1445=DIRECTION('',(3.61048138089482E-17,1.,0.));
#1446=DIRECTION('',(-0.775892146763583,-0.630865577275063,0.));
#1447=DIRECTION('',(1.,-2.05061912609054E-48,0.));
#1448=DIRECTION('center_axis',(1.,-2.05061912609054E-48,0.));
#1449=DIRECTION('ref_axis',(-7.84737965645827E-49,-0.382683432365089,-0.923879532511287));
#1450=DIRECTION('center_axis',(-0.630865577275063,0.775892146763583,0.));
#1451=DIRECTION('ref_axis',(-0.775892146763583,-0.630865577275063,-8.7550186166777E-17));
#1452=DIRECTION('',(-1.,2.05061912609054E-48,0.));
#1453=DIRECTION('center_axis',(-1.45000668968945E-48,-0.707106781186548,
-0.707106781186548));
#1454=DIRECTION('ref_axis',(-1.,-2.58279442684666E-63,2.05061912609054E-48));
#1455=DIRECTION('',(-0.656219467226962,-0.533561622885474,0.533561622885474));
#1456=DIRECTION('',(1.,-2.05061912609054E-48,0.));
#1457=DIRECTION('center_axis',(0.630865577275063,-0.775892146763583,0.));
#1458=DIRECTION('ref_axis',(-0.775892146763583,-0.630865577275063,-7.09267330971357E-17));
#1459=DIRECTION('center_axis',(-0.630865577275063,0.775892146763583,0.));
#1460=DIRECTION('ref_axis',(0.775892146763583,0.630865577275063,-5.38383328726732E-17));
#1461=DIRECTION('',(0.775892146763583,0.630865577275063,7.09267330971357E-17));
#1462=DIRECTION('center_axis',(0.630865577275063,-0.775892146763583,0.));
#1463=DIRECTION('ref_axis',(-0.775892146763583,-0.630865577275063,-1.07676665745346E-16));
#1464=DIRECTION('',(-2.22044604925031E-16,-1.80540940453063E-16,1.));
#1465=DIRECTION('center_axis',(-0.630865577275063,0.775892146763583,0.));
#1466=DIRECTION('ref_axis',(-0.775892146763583,-0.630865577275063,0.));
#1467=DIRECTION('center_axis',(-1.,2.05061912609054E-48,0.));
#1468=DIRECTION('ref_axis',(-1.89452503957123E-48,-0.923879532511287,-0.38268343236509));
#1469=DIRECTION('',(-1.,2.05061912609054E-48,-2.803443348591E-96));
#1470=DIRECTION('center_axis',(-2.05061912609054E-48,-1.,9.22615761259661E-33));
#1471=DIRECTION('ref_axis',(2.22044604925031E-16,-9.22615761259661E-33,
-1.));
#1472=DIRECTION('',(-2.22044604925031E-16,-1.80540940453063E-16,1.));
#1473=DIRECTION('',(1.,0.,2.22261445359528E-16));
#1474=DIRECTION('center_axis',(-3.61048138089482E-17,-1.,1.21045943183134E-33));
#1475=DIRECTION('ref_axis',(0.707106781186548,-2.5529958677785E-17,0.707106781186548));
#1476=DIRECTION('center_axis',(3.61048138089481E-17,1.,5.01735405359446E-16));
#1477=DIRECTION('ref_axis',(0.707106781186548,-3.8031046616883E-16,0.707106781186548));
#1478=DIRECTION('center_axis',(-0.402165029664538,0.915567195193734,0.));
#1479=DIRECTION('ref_axis',(0.915567195193734,0.402165029664538,6.35302362934724E-17));
#1480=DIRECTION('',(3.61048138089482E-17,1.,-1.21045943183134E-33));
#1481=DIRECTION('center_axis',(0.402165029664538,-0.915567195193734,0.));
#1482=DIRECTION('ref_axis',(-0.915567195193734,-0.402165029664538,2.96627608452242E-35));
#1483=DIRECTION('center_axis',(-0.402165029664538,0.915567195193734,0.));
#1484=DIRECTION('ref_axis',(-0.915567195193734,-0.402165029664538,-2.51152242543354E-16));
#1485=DIRECTION('',(2.22044604925031E-16,2.77555756156289E-16,-1.));
#1486=DIRECTION('center_axis',(0.402165029664538,-0.915567195193734,0.));
#1487=DIRECTION('ref_axis',(-0.915567195193734,-0.402165029664538,4.06593512278223E-16));
#1488=DIRECTION('',(-0.675283854791568,-0.296620010983213,-0.675283854791568));
#1489=DIRECTION('center_axis',(0.402165029664538,-0.915567195193734,0.));
#1490=DIRECTION('ref_axis',(-0.832123438809318,-0.365512164710636,-0.41709883724688));
#1491=DIRECTION('',(-0.90815630183129,-0.398909777439913,-0.126976851854792));
#1492=DIRECTION('center_axis',(-0.402165029664538,0.915567195193734,0.));
#1493=DIRECTION('ref_axis',(0.915567195193734,0.402165029664538,-4.24305690824149E-33));
#1494=DIRECTION('',(-0.90815630183129,-0.398909777439913,0.126976851854792));
#1495=DIRECTION('center_axis',(-0.402165029664538,0.915567195193734,0.));
#1496=DIRECTION('ref_axis',(-0.915567195193734,-0.402165029664538,-3.34869656724471E-17));
#1497=DIRECTION('',(-0.915567195193734,-0.402165029664538,0.));
#1498=DIRECTION('center_axis',(-3.61048138089482E-17,-1.,0.));
#1499=DIRECTION('ref_axis',(0.707106781186548,-2.5529958677785E-17,-0.707106781186548));
#1500=DIRECTION('center_axis',(3.61048138089481E-17,1.,5.01735405359446E-16));
#1501=DIRECTION('ref_axis',(0.707106781186548,3.29250548813261E-16,-0.707106781186548));
#1502=DIRECTION('',(-3.61048138089482E-17,-1.,0.));
#1503=DIRECTION('center_axis',(0.,0.,-1.));
#1504=DIRECTION('ref_axis',(-1.,0.,0.));
#1505=DIRECTION('',(1.,6.98255330847504E-16,0.));
#1506=DIRECTION('',(-0.707106781186548,-0.707106781186547,0.));
#1507=DIRECTION('',(1.,-3.61048138089481E-17,0.));
#1508=DIRECTION('center_axis',(2.33307969129602E-33,1.12427648063307E-16,
-1.));
#1509=DIRECTION('ref_axis',(1.,-1.98621486063526E-49,2.33307969129602E-33));
#1510=DIRECTION('',(1.,-3.61048138089481E-17,-1.72609960900762E-33));
#1511=DIRECTION('',(-4.1550926002798E-17,-1.,-1.12427648063306E-16));
#1512=DIRECTION('center_axis',(-3.61048138089481E-17,-1.,-5.01735405359446E-16));
#1513=DIRECTION('ref_axis',(2.22044604925031E-16,5.01735405359446E-16,-1.));
#1514=DIRECTION('center_axis',(3.61048138089481E-17,1.,5.01735405359446E-16));
#1515=DIRECTION('ref_axis',(-1.,3.61048138089479E-17,4.31775426138038E-16));
#1516=DIRECTION('',(0.816496580927726,-3.1915652837628E-16,0.577350269189625));
#1517=DIRECTION('center_axis',(3.61048138089481E-17,1.,5.01735405359446E-16));
#1518=DIRECTION('ref_axis',(-1.,3.61048138089478E-17,5.10280049072226E-16));
#1519=DIRECTION('',(-2.22044604925032E-16,-5.01735405359446E-16,1.));
#1520=DIRECTION('center_axis',(3.61048138089481E-17,1.,5.01735405359446E-16));
#1521=DIRECTION('ref_axis',(-0.980785280403229,1.33294791733987E-16,-0.195090322016137));
#1522=DIRECTION('center_axis',(3.61048138089481E-17,1.,5.01735405359446E-16));
#1523=DIRECTION('ref_axis',(-1.,3.61048138089481E-17,1.7546697317624E-32));
#1524=DIRECTION('center_axis',(3.61048138089481E-17,1.,5.01735405359446E-16));
#1525=DIRECTION('ref_axis',(-1.,3.61048138089481E-17,1.75372844085437E-32));
#1526=DIRECTION('center_axis',(3.61048138089481E-17,1.,5.01735405359446E-16));
#1527=DIRECTION('ref_axis',(-1.,3.61048138089481E-17,1.75372844085437E-32));
#1528=DIRECTION('center_axis',(3.61048138089481E-17,1.,5.01735405359446E-16));
#1529=DIRECTION('ref_axis',(-1.,3.61048138089481E-17,1.75372844085437E-32));
#1530=DIRECTION('center_axis',(3.61048138089481E-17,1.,5.01735405359446E-16));
#1531=DIRECTION('ref_axis',(-1.,3.61048138089481E-17,1.75372844085437E-32));
#1532=DIRECTION('center_axis',(4.1550926002798E-17,1.,1.12427648063306E-16));
#1533=DIRECTION('ref_axis',(-0.980785280403229,6.26860826748553E-17,-0.195090322016137));
#1534=DIRECTION('center_axis',(0.6,-0.8,-8.88178419700126E-17));
#1535=DIRECTION('ref_axis',(-0.8,-0.6,4.44089209850063E-17));
#1536=DIRECTION('',(-4.1550926002798E-17,-1.,-1.12427648063306E-16));
#1537=DIRECTION('',(-4.1550926002798E-17,-1.,-1.12427648063306E-16));
#1538=DIRECTION('center_axis',(-0.707106781186547,0.707106781186548,1.97771261622668E-16));
#1539=DIRECTION('ref_axis',(-0.707106781186548,-0.707106781186547,2.61682076447296E-17));
#1540=DIRECTION('center_axis',(-1.3429038891115E-8,-1.34333806422761E-8,
1.));
#1541=DIRECTION('ref_axis',(-0.996763521070619,0.0803895706102518,-1.23056723699833E-8));
#1542=DIRECTION('center_axis',(0.707106781186547,-0.707106781186548,-1.97771261622668E-16));
#1543=DIRECTION('ref_axis',(-2.79690800434415E-16,-1.23259516440783E-31,
-1.));
#1544=DIRECTION('',(0.707106781186548,0.707106781186547,0.));
#1545=DIRECTION('',(-2.22044604925031E-16,-5.01735405359445E-16,1.));
#1546=DIRECTION('center_axis',(0.707106781186548,0.707106781186547,0.));
#1547=DIRECTION('ref_axis',(-0.653281482438188,0.653281482438189,0.38268343236509));
#1548=DIRECTION('',(-0.707106781186548,-0.707106781186547,-3.92523114670944E-17));
#1549=DIRECTION('center_axis',(0.707106781186548,0.707106781186547,0.));
#1550=DIRECTION('ref_axis',(-0.653281482438188,0.653281482438189,0.38268343236509));
#1551=DIRECTION('center_axis',(0.499999999999999,-0.5,-0.707106781186548));
#1552=DIRECTION('ref_axis',(-0.816496580927727,2.22044604925031E-16,-0.577350269189625));
#1553=DIRECTION('',(0.707106781186548,0.707106781186547,3.92523114670944E-17));
#1554=DIRECTION('center_axis',(0.499999999999999,-0.5,-0.707106781186548));
#1555=DIRECTION('ref_axis',(-0.866025403784439,-0.288675134594813,-0.408248290463862));
#1556=DIRECTION('',(0.464097233293021,0.844055465547588,-0.268671042594858));
#1557=DIRECTION('center_axis',(-0.499999999999999,0.5,0.707106781186548));
#1558=DIRECTION('ref_axis',(0.866025403784439,0.288675134594812,0.408248290463863));
#1559=DIRECTION('',(-1.62123701441236E-16,-0.816496580927726,0.577350269189626));
#1560=DIRECTION('center_axis',(0.707106781186548,0.707106781186547,0.));
#1561=DIRECTION('ref_axis',(-0.270598050073098,0.270598050073099,0.923879532511287));
#1562=DIRECTION('center_axis',(-0.707106781186548,-0.707106781186547,0.));
#1563=DIRECTION('ref_axis',(0.,0.,1.));
#1564=DIRECTION('center_axis',(2.22044604925031E-16,5.01735405359445E-16,
-1.));
#1565=DIRECTION('ref_axis',(-0.923879532511287,0.38268343236509,-1.31366387327489E-17));
#1566=DIRECTION('center_axis',(0.,0.,1.));
#1567=DIRECTION('ref_axis',(-0.707106781186547,0.707106781186548,0.));
#1568=DIRECTION('',(2.22044604925031E-16,5.01735405359445E-16,-1.));
#1569=DIRECTION('center_axis',(1.,0.,2.22261445359528E-16));
#1570=DIRECTION('ref_axis',(2.05262168412083E-48,1.,-9.23516753344481E-33));
#1571=DIRECTION('center_axis',(-1.,4.1550926002798E-17,-2.22044604925031E-16));
#1572=DIRECTION('ref_axis',(4.1550926002798E-17,1.,-9.00858488432951E-36));
#1573=DIRECTION('',(1.,0.,2.22261445359528E-16));
#1574=DIRECTION('center_axis',(-1.,4.1550926002798E-17,-2.22044604925031E-16));
#1575=DIRECTION('ref_axis',(4.1550926002798E-17,1.,1.33596388134454E-39));
#1576=DIRECTION('center_axis',(-1.,4.1550926002798E-17,-2.22044604925031E-16));
#1577=DIRECTION('ref_axis',(4.1550926002798E-17,1.,1.33596388134454E-39));
#1578=DIRECTION('center_axis',(0.,0.,1.));
#1579=DIRECTION('ref_axis',(1.,0.,0.));
#1580=DIRECTION('center_axis',(0.,-0.816496580927726,0.577350269189626));
#1581=DIRECTION('ref_axis',(-0.499999999999999,0.5,0.707106781186548));
#1582=DIRECTION('center_axis',(-1.62123701441236E-16,-0.816496580927726,
0.577350269189626));
#1583=DIRECTION('ref_axis',(-0.499999999999999,0.5,0.707106781186548));
#1584=DIRECTION('',(1.62123701441236E-16,0.816496580927726,-0.577350269189626));
#1585=DIRECTION('center_axis',(0.,1.,2.21045738660205E-18));
#1586=DIRECTION('ref_axis',(-1.,1.25634898708881E-51,-5.68366074235925E-34));
#1587=DIRECTION('',(0.,1.,2.21045738660205E-18));
#1588=DIRECTION('center_axis',(1.,-4.1550926002798E-17,2.22044604925031E-16));
#1589=DIRECTION('ref_axis',(4.1550926002798E-17,1.,1.33596388134454E-39));
#1590=DIRECTION('center_axis',(-1.,4.1550926002798E-17,-2.22044604925031E-16));
#1591=DIRECTION('ref_axis',(4.1550926002798E-17,1.,1.33596388134454E-39));
#1592=DIRECTION('center_axis',(1.,0.,2.21177243187043E-16));
#1593=DIRECTION('ref_axis',(2.03264494814511E-48,1.,-9.19011792920378E-33));
#1594=DIRECTION('',(1.,0.,2.21177243187043E-16));
#1595=DIRECTION('center_axis',(1.,0.,2.22261445359528E-16));
#1596=DIRECTION('ref_axis',(2.05262168412083E-48,1.,-9.23516753344481E-33));
#1597=DIRECTION('center_axis',(-1.,4.1550926002798E-17,-2.22044604925031E-16));
#1598=DIRECTION('ref_axis',(4.1550926002798E-17,1.,-9.00858488432951E-36));
#1599=DIRECTION('',(1.,0.,2.22261445359528E-16));
#1600=DIRECTION('center_axis',(-0.707106781186548,2.93809415411589E-17,
0.707106781186548));
#1601=DIRECTION('ref_axis',(0.707106781186548,-1.54074395550979E-32,0.707106781186548));
#1602=DIRECTION('center_axis',(-1.,4.1550926002798E-17,-2.22044604925031E-16));
#1603=DIRECTION('ref_axis',(4.1550926002798E-17,1.,1.33596388134454E-39));
#1604=DIRECTION('',(-1.,0.,-2.22261445359528E-16));
#1605=DIRECTION('',(1.,0.,2.22261445359528E-16));
#1606=DIRECTION('center_axis',(-0.707106781186548,2.93809415411589E-17,
0.707106781186548));
#1607=DIRECTION('ref_axis',(0.707106781186548,-1.54074395550979E-32,0.707106781186548));
#1608=DIRECTION('center_axis',(1.,-4.1550926002798E-17,2.22044604925031E-16));
#1609=DIRECTION('ref_axis',(4.1550926002798E-17,1.,1.33596388134454E-39));
#1610=DIRECTION('center_axis',(-1.,4.1550926002798E-17,-2.22044604925031E-16));
#1611=DIRECTION('ref_axis',(4.1550926002798E-17,1.,1.33596388134454E-39));
#1612=DIRECTION('center_axis',(1.,0.,0.));
#1613=DIRECTION('ref_axis',(0.,1.,1.33596388134454E-39));
#1614=DIRECTION('',(1.,0.,0.));
#1615=DIRECTION('center_axis',(-1.,0.,0.));
#1616=DIRECTION('ref_axis',(0.,0.,1.));
#1617=DIRECTION('',(0.,-1.,0.));
#1618=DIRECTION('',(5.77778983316172E-34,-4.18151148845058E-84,1.));
#1619=DIRECTION('center_axis',(0.,-1.,9.22615894856049E-33));
#1620=DIRECTION('ref_axis',(-2.22044604925031E-16,9.22615894856049E-33,
1.));
#1621=DIRECTION('',(-1.,1.27715582149466E-51,0.));
#1622=DIRECTION('center_axis',(1.,-4.1550926002798E-17,2.22044604925031E-16));
#1623=DIRECTION('ref_axis',(4.1550926002798E-17,1.,1.33596388134454E-39));
#1624=DIRECTION('',(4.1550926002798E-17,1.,-1.3684555315672E-48));
#1625=DIRECTION('',(2.22044604925031E-16,2.77555756156289E-16,-1.));
#1626=DIRECTION('center_axis',(-1.,4.1550926002798E-17,-2.22044604925031E-16));
#1627=DIRECTION('ref_axis',(2.22044604925031E-16,-1.11022302462516E-15,
-1.));
#1628=DIRECTION('',(-4.1550926002798E-17,-1.,-1.33596388134454E-39));
#1629=DIRECTION('center_axis',(1.,-4.1550926002798E-17,2.22044604925031E-16));
#1630=DIRECTION('ref_axis',(-2.22044604925031E-16,9.22615761259661E-33,
1.));
#1631=DIRECTION('center_axis',(-1.,4.1550926002798E-17,-2.22044604925031E-16));
#1632=DIRECTION('ref_axis',(4.1550926002798E-17,1.,1.33596388134454E-39));
#1633=DIRECTION('center_axis',(-1.,4.1550926002798E-17,-2.22044604925031E-16));
#1634=DIRECTION('ref_axis',(4.1550926002798E-17,1.,1.33596388134454E-39));
#1635=DIRECTION('center_axis',(-0.277350098112614,0.55470019622523,0.784464540552736));
#1636=DIRECTION('ref_axis',(-0.960768922830523,-0.160128153805087,-0.226455406828918));
#1637=DIRECTION('center_axis',(0.464097233293021,0.844055465547588,-0.268671042594858));
#1638=DIRECTION('ref_axis',(-0.499999999999999,0.5,0.707106781186548));
#1639=DIRECTION('center_axis',(1.,6.98255330847504E-16,0.));
#1640=DIRECTION('ref_axis',(1.07165059551819E-16,-0.153475462080251,-0.988152459157621));
#1641=DIRECTION('',(-1.,-6.98255330847504E-16,0.));
#1642=DIRECTION('center_axis',(-0.464097233293021,-0.844055465547588,0.268671042594858));
#1643=DIRECTION('ref_axis',(-0.261679519664773,0.420421805849076,0.868774616430876));
#1644=DIRECTION('',(-0.464097233293021,-0.844055465547588,0.268671042594858));
#1645=DIRECTION('center_axis',(2.11790834263806E-16,-0.303314310549905,
-0.952890565078507));
#1646=DIRECTION('ref_axis',(-1.,1.10933564796705E-31,-2.22261445359528E-16));
#1647=DIRECTION('center_axis',(0.290256308245905,0.911867617062321,0.290256308245905));
#1648=DIRECTION('ref_axis',(-0.386472700572669,-0.165777933177016,0.907279741085199));
#1649=DIRECTION('',(0.290256308245905,0.911867617062321,0.290256308245905));
#1650=DIRECTION('',(-0.290256308245905,-0.911867617062321,-0.290256308245905));
#1651=DIRECTION('center_axis',(0.707106781186548,-2.93809415411589E-17,
-0.707106781186548));
#1652=DIRECTION('ref_axis',(-0.707106781186548,0.,-0.707106781186548));
#1653=DIRECTION('',(-4.1550926002798E-17,-1.,0.));
#1654=DIRECTION('center_axis',(4.1550926002798E-17,1.,0.));
#1655=DIRECTION('ref_axis',(-0.923879532511287,3.83880500908761E-17,0.38268343236509));
#1656=DIRECTION('center_axis',(2.11790834263806E-16,0.303314310549904,-0.952890565078507));
#1657=DIRECTION('ref_axis',(-1.,-1.10933564796705E-31,-2.22261445359528E-16));
#1658=DIRECTION('center_axis',(1.,-4.1550926002798E-17,2.22044604925031E-16));
#1659=DIRECTION('ref_axis',(4.1550926002798E-17,1.,1.33596388134454E-39));
#1660=DIRECTION('center_axis',(-1.,4.1550926002798E-17,-2.22044604925031E-16));
#1661=DIRECTION('ref_axis',(4.1550926002798E-17,1.,-9.00858488432951E-36));
#1662=DIRECTION('center_axis',(-1.,4.1550926002798E-17,-2.22044604925031E-16));
#1663=DIRECTION('ref_axis',(4.1550926002798E-17,1.,1.33596388134454E-39));
#1664=DIRECTION('center_axis',(0.,0.,1.));
#1665=DIRECTION('ref_axis',(4.1550926002798E-17,1.,0.));
#1666=DIRECTION('center_axis',(0.,1.,0.));
#1667=DIRECTION('ref_axis',(-1.,0.,-5.77778983316172E-34));
#1668=DIRECTION('',(0.,1.,0.));
#1669=DIRECTION('center_axis',(0.,1.,0.));
#1670=DIRECTION('ref_axis',(-1.,0.,-5.77778983316172E-34));
#1671=DIRECTION('',(0.,1.,0.));
#1672=DIRECTION('center_axis',(0.,1.,0.));
#1673=DIRECTION('ref_axis',(-1.,0.,-5.77778983316172E-34));
#1674=DIRECTION('',(0.,1.,0.));
#1675=DIRECTION('center_axis',(0.,1.,0.));
#1676=DIRECTION('ref_axis',(-1.,0.,-5.77778983316172E-34));
#1677=DIRECTION('',(0.,1.,0.));
#1678=DIRECTION('center_axis',(1.,0.,2.22261445359528E-16));
#1679=DIRECTION('ref_axis',(-1.57162575210046E-16,-0.707106781186547,0.707106781186548));
#1680=DIRECTION('',(1.,0.,2.22261445359528E-16));
#1681=DIRECTION('center_axis',(1.,0.,2.22044604925018E-16));
#1682=DIRECTION('ref_axis',(2.04861852206484E-48,1.,-9.22615761259608E-33));
#1683=DIRECTION('',(1.,0.,2.22044604925018E-16));
#1684=DIRECTION('center_axis',(1.,0.,2.22261445359528E-16));
#1685=DIRECTION('ref_axis',(2.05262168412083E-48,1.,-9.23516753344481E-33));
#1686=DIRECTION('',(1.,0.,2.22261445359528E-16));
#1687=DIRECTION('center_axis',(1.,0.,2.22261445359528E-16));
#1688=DIRECTION('ref_axis',(2.22261445359528E-16,-1.11022302462516E-15,
-1.));
#1689=DIRECTION('',(1.,0.,2.22261445359528E-16));
#1690=DIRECTION('',(1.,0.,2.22261445359528E-16));
#1691=DIRECTION('center_axis',(6.16899435311537E-32,-1.,-2.77555756156289E-16));
#1692=DIRECTION('ref_axis',(2.22044604925031E-16,2.77555756156289E-16,-1.));
#1693=DIRECTION('center_axis',(1.,0.,2.22261445359528E-16));
#1694=DIRECTION('ref_axis',(-2.22261445359528E-16,9.22615761259661E-33,
1.));
#1695=DIRECTION('',(1.,0.,2.22261445359528E-16));
#1696=DIRECTION('center_axis',(-2.22261445359528E-16,9.23516753344481E-33,
1.));
#1697=DIRECTION('ref_axis',(-4.1550926002798E-17,-1.,-1.3359638703969E-39));
#1698=CARTESIAN_POINT('',(0.,0.,0.));
#1699=CARTESIAN_POINT('Origin',(-44.4874999999999,-24.7124999999972,3.99999999999944));
#1700=CARTESIAN_POINT('',(-44.4874999999999,-6.46249999999718,-11.9999999999999));
#1701=CARTESIAN_POINT('',(-44.4874999999999,-10.4624999999972,-11.9999999999999));
#1702=CARTESIAN_POINT('',(-44.4874999999999,-6.46249999999718,-11.9999999999999));
#1703=CARTESIAN_POINT('',(-44.4874999999999,-10.4624999999972,-28.9999999999999));
#1704=CARTESIAN_POINT('',(-44.4874999999999,-10.4624999999972,-26.9999999999999));
#1705=CARTESIAN_POINT('',(-44.4874999999999,-29.634072875251,-28.9999999999999));
#1706=CARTESIAN_POINT('',(-44.4874999999999,-24.7124999999972,-28.9999999999999));
#1707=CARTESIAN_POINT('',(-44.4874999999999,-31.0482864376241,-28.414213562373));
#1708=CARTESIAN_POINT('Origin',(-44.4874999999999,-29.634072875251,-26.9999999999999));
#1709=CARTESIAN_POINT('',(-44.4874999999999,-45.2909271247434,-14.1715728752537));
#1710=CARTESIAN_POINT('',(-44.4874999999999,-41.274999999997,-18.1875000000001));
#1711=CARTESIAN_POINT('',(-44.4874999999999,-46.4624999999972,-11.3431457505075));
#1712=CARTESIAN_POINT('Origin',(-44.4874999999999,-42.4624999999972,-11.3431457505075));
#1713=CARTESIAN_POINT('',(-44.4874999999999,-46.4624999999972,5.99999999999946));
#1714=CARTESIAN_POINT('',(-44.4874999999999,-46.4624999999972,4.99999999999945));
#1715=CARTESIAN_POINT('',(-44.4874999999999,-42.4624999999972,9.99999999999947));
#1716=CARTESIAN_POINT('Origin',(-44.4874999999999,-42.4624999999972,5.99999999999946));
#1717=CARTESIAN_POINT('',(-44.4874999999999,-30.4624999999972,9.99999999999947));
#1718=CARTESIAN_POINT('',(-44.4874999999999,-27.5874999999972,9.99999999999947));
#1719=CARTESIAN_POINT('',(-44.4874999999999,-26.4624999999972,13.9999999999995));
#1720=CARTESIAN_POINT('Origin',(-44.4874999999999,-30.4624999999972,13.9999999999995));
#1721=CARTESIAN_POINT('',(-44.4874999999999,-26.4624999999972,25.9999999999994));
#1722=CARTESIAN_POINT('',(-44.4874999999999,-26.4624999999972,16.9999999999995));
#1723=CARTESIAN_POINT('',(-44.4874999999999,-22.4624999999972,29.9999999999994));
#1724=CARTESIAN_POINT('Origin',(-44.4874999999999,-22.4624999999972,25.9999999999994));
#1725=CARTESIAN_POINT('',(-44.4874999999999,-6.46249999999721,29.9999999999994));
#1726=CARTESIAN_POINT('',(-44.4874999999999,-13.8374999999972,29.9999999999994));
#1727=CARTESIAN_POINT('',(-44.4874999999999,-6.46249999999718,-11.5000000000002));
#1728=CARTESIAN_POINT('',(-44.4874999999999,-18.9624999999972,-0.0250000000005291));
#1729=CARTESIAN_POINT('Origin',(-44.4874999999999,-16.4624999999972,-0.0250000000005288));
#1730=CARTESIAN_POINT('',(-44.4874999999999,-38.9624999999972,-5.38586692959048E-13));
#1731=CARTESIAN_POINT('Origin',(-44.4874999999999,-36.4624999999972,-5.38280531259261E-13));
#1732=CARTESIAN_POINT('',(-44.4874999999999,-18.9624999999972,19.9749999999995));
#1733=CARTESIAN_POINT('Origin',(-44.4874999999999,-16.4624999999972,19.9749999999995));
#1734=CARTESIAN_POINT('Origin',(20.7125000000001,5.03750000000281,9.95762902694865E-13));
#1735=CARTESIAN_POINT('',(20.7125000000001,5.03750000000282,1.500000000001));
#1736=CARTESIAN_POINT('',(21.2125000000001,5.03750000000281,2.000000000001));
#1737=CARTESIAN_POINT('Origin',(20.7125000000001,5.03750000000281,2.000000000001));
#1738=CARTESIAN_POINT('',(21.2125000000001,5.03750000000281,-1.999999999999));
#1739=CARTESIAN_POINT('Origin',(21.2125000000001,5.03750000000281,9.95871217136292E-13));
#1740=CARTESIAN_POINT('',(20.7125000000001,5.03750000000282,-1.499999999999));
#1741=CARTESIAN_POINT('Origin',(20.7125000000001,5.03750000000281,-1.999999999999));
#1742=CARTESIAN_POINT('Origin',(20.7125000000001,5.03750000000281,9.95762902694865E-13));
#1743=CARTESIAN_POINT('Origin',(21.2125000000001,1.03750000000281,3.99999999999946));
#1744=CARTESIAN_POINT('',(21.2125000000001,5.03750000000281,21.9999999999994));
#1745=CARTESIAN_POINT('',(21.2125000000001,5.03750000000281,-21.9999999999999));
#1746=CARTESIAN_POINT('',(21.2125000000001,-2.96249999999718,21.9999999999994));
#1747=CARTESIAN_POINT('',(21.2125000000001,-0.962499999997186,21.9999999999994));
#1748=CARTESIAN_POINT('',(21.2125000000001,-2.96249999999716,-20.9999999999999));
#1749=CARTESIAN_POINT('',(21.2125000000001,-2.96249999999716,-22.0000000000005));
#1750=CARTESIAN_POINT('',(21.2125000000001,5.03750000000281,-20.9999999999999));
#1751=CARTESIAN_POINT('',(21.2125000000001,-11.8374999999972,-20.9999999999999));
#1752=CARTESIAN_POINT('',(21.2125000000001,5.03750000000281,-21.9999999999999));
#1753=CARTESIAN_POINT('Ctrl Pts',(11.3247747115222,5.03774770944876,1.49999998036646));
#1754=CARTESIAN_POINT('Ctrl Pts',(11.3247649084197,4.81283940450849,1.50003664031713));
#1755=CARTESIAN_POINT('Ctrl Pts',(11.3647825963067,4.13358858516963,1.35039697396994));
#1756=CARTESIAN_POINT('Ctrl Pts',(11.5035999589377,3.52274226375414,0.579188075826699));
#1757=CARTESIAN_POINT('Ctrl Pts',(11.5025140042938,3.52598383968938,-0.346916395329905));
#1758=CARTESIAN_POINT('Ctrl Pts',(11.4352408997212,3.82480178656247,-0.967135419824674));
#1759=CARTESIAN_POINT('Ctrl Pts',(11.3503399153193,4.36370106362667,-1.39708120842419));
#1760=CARTESIAN_POINT('Ctrl Pts',(11.3247653142628,4.81283803717288,-1.5000378116927));
#1761=CARTESIAN_POINT('Ctrl Pts',(11.3247747112989,5.03774771020204,-1.49999997971915));
#1762=CARTESIAN_POINT('Ctrl Pts',(11.2084341221273,5.03775099743443,1.49999439148479));
#1763=CARTESIAN_POINT('Ctrl Pts',(11.2084249397791,4.80985755275659,1.50003280348181));
#1764=CARTESIAN_POINT('Ctrl Pts',(11.2459087781611,4.12000815351148,1.3432401044377));
#1765=CARTESIAN_POINT('Ctrl Pts',(11.372444966638,3.52300399773468,0.567370172410665));
#1766=CARTESIAN_POINT('Ctrl Pts',(11.3712763461598,3.5270328183207,-0.34026548219084));
#1767=CARTESIAN_POINT('Ctrl Pts',(11.3103450638693,3.81720700223214,-0.956849434837034));
#1768=CARTESIAN_POINT('Ctrl Pts',(11.2321815290108,4.35467703998732,-1.39362400412208));
#1769=CARTESIAN_POINT('Ctrl Pts',(11.2084253930275,4.80985580936342,-1.50003349168795));
#1770=CARTESIAN_POINT('Ctrl Pts',(11.2084341218779,5.03775099839489,-1.49999439110366));
#1771=CARTESIAN_POINT('Ctrl Pts',(10.9762790888559,5.0377718979492,1.58458117015124));
#1772=CARTESIAN_POINT('Ctrl Pts',(10.9762711551049,4.79090187426205,1.58462302894408));
#1773=CARTESIAN_POINT('Ctrl Pts',(11.0086583171688,4.04303187373429,1.41375996501384));
#1774=CARTESIAN_POINT('Ctrl Pts',(11.111456757486,3.41243647808591,0.590039020194925));
#1775=CARTESIAN_POINT('Ctrl Pts',(11.1101290763524,3.41748594642911,-0.353680033511184));
#1776=CARTESIAN_POINT('Ctrl Pts',(11.0614663791327,3.72220243036831,-1.00234296582881));
#1777=CARTESIAN_POINT('Ctrl Pts',(10.9963875718488,4.29831871563844,-1.46968692538087));
#1778=CARTESIAN_POINT('Ctrl Pts',(10.9762716972937,4.79089966074678,-1.58462340370371));
#1779=CARTESIAN_POINT('Ctrl Pts',(10.9762790885575,5.03777189916866,-1.58458116994282));
#1780=CARTESIAN_POINT('Ctrl Pts',(10.852602954474,5.03781074984306,1.79848337817034));
#1781=CARTESIAN_POINT('Ctrl Pts',(10.8525944407538,4.75566490163067,1.79852853980825));
#1782=CARTESIAN_POINT('Ctrl Pts',(10.8873489117076,3.90262250277314,1.61418542686351));
#1783=CARTESIAN_POINT('Ctrl Pts',(11.0029123740786,3.14992228567155,0.686108666962444));
#1784=CARTESIAN_POINT('Ctrl Pts',(11.0017724260316,3.15449200409201,-0.411189128040489));
#1785=CARTESIAN_POINT('Ctrl Pts',(10.9462767436018,3.5214402727775,-1.15232644057675));
#1786=CARTESIAN_POINT('Ctrl Pts',(10.8745443587365,4.19226435944764,-1.67271077360228));
#1787=CARTESIAN_POINT('Ctrl Pts',(10.8525948892214,4.7556629445195,-1.79852961029318));
#1788=CARTESIAN_POINT('Ctrl Pts',(10.8526029542272,5.03781075092127,-1.79848337757867));
#1789=CARTESIAN_POINT('Ctrl Pts',(10.8323711514214,5.0378302801329,1.91304345251436));
#1790=CARTESIAN_POINT('Ctrl Pts',(10.8323617746584,4.73795175141373,1.91309020767682));
#1791=CARTESIAN_POINT('Ctrl Pts',(10.8706390828124,3.83228119178847,1.72224360812488));
#1792=CARTESIAN_POINT('Ctrl Pts',(11.0034185801995,3.01782308652014,0.738671661235754));
#1793=CARTESIAN_POINT('Ctrl Pts',(11.0023798253066,3.02214539575464,-0.442442417818227));
#1794=CARTESIAN_POINT('Ctrl Pts',(10.9380328403348,3.42056704148153,-1.23344547277197));
#1795=CARTESIAN_POINT('Ctrl Pts',(10.8568244800778,4.13909903365206,-1.78178385658408));
#1796=CARTESIAN_POINT('Ctrl Pts',(10.8323621628651,4.73794992820022,-1.91309170148361));
#1797=CARTESIAN_POINT('Ctrl Pts',(10.8323711512079,5.03783028113733,-1.91304345168949));
#1798=CARTESIAN_POINT('',(11.3247516529063,5.03750000000282,-1.49999999999901));
#1799=CARTESIAN_POINT('',(10.8323711462582,5.03750000000282,-1.91304347825992));
#1800=CARTESIAN_POINT('Ctrl Pts',(11.3247516529063,5.03750000000282,-1.49999999999901));
#1801=CARTESIAN_POINT('Ctrl Pts',(11.2084187826212,5.03750000000282,-1.49999999999901));
#1802=CARTESIAN_POINT('Ctrl Pts',(10.976274999889,5.03750000000282,-1.58458825765627));
#1803=CARTESIAN_POINT('Ctrl Pts',(10.852602949786,5.03750000000282,-1.7984834030383));
#1804=CARTESIAN_POINT('Ctrl Pts',(10.8323711462582,5.03750000000282,-1.91304347825992));
#1805=CARTESIAN_POINT('',(11.0000507555073,3.03750005651653,-2.29801649337217E-8));
#1806=CARTESIAN_POINT('Ctrl Pts',(10.8323711462582,5.03750000000282,-1.91304347825992));
#1807=CARTESIAN_POINT('Ctrl Pts',(10.8323711462582,4.73773003835734,-1.91304347825992));
#1808=CARTESIAN_POINT('Ctrl Pts',(10.8568344204011,4.13901108162041,-1.78171673713023));
#1809=CARTESIAN_POINT('Ctrl Pts',(10.9380328403348,3.42056704148153,-1.23344547277197));
#1810=CARTESIAN_POINT('Ctrl Pts',(10.9916455496126,3.08860954772046,-0.574396461514724));
#1811=CARTESIAN_POINT('Ctrl Pts',(10.9999857818642,3.03756167297101,-0.143474559020344));
#1812=CARTESIAN_POINT('Ctrl Pts',(11.0000510417128,3.03728634043194,-4.33239991220067E-7));
#1813=CARTESIAN_POINT('',(10.8323711462579,5.03750000000282,1.91304347826182));
#1814=CARTESIAN_POINT('Ctrl Pts',(11.0000507555073,3.03750005651653,-2.29801649337218E-8));
#1815=CARTESIAN_POINT('Ctrl Pts',(11.0000659490558,3.03750006585334,0.0335573781762834));
#1816=CARTESIAN_POINT('Ctrl Pts',(10.9999327405104,3.03842340273252,0.0671149106169787));
#1817=CARTESIAN_POINT('Ctrl Pts',(10.9992472597277,3.04289804791945,0.148376029225766));
#1818=CARTESIAN_POINT('Ctrl Pts',(10.9985409854248,3.04739992398209,0.19603052406091));
#1819=CARTESIAN_POINT('Ctrl Pts',(10.9962113534088,3.06202098996049,0.305041127804934));
#1820=CARTESIAN_POINT('Ctrl Pts',(10.9943763138663,3.07337790369995,0.366258182523732));
#1821=CARTESIAN_POINT('Ctrl Pts',(10.9899376688806,3.10063709256013,0.479934836412815));
#1822=CARTESIAN_POINT('Ctrl Pts',(10.9874536763862,3.11582451443807,0.532558763804234));
#1823=CARTESIAN_POINT('Ctrl Pts',(10.9799823970476,3.16206018039201,0.669586592491536));
#1824=CARTESIAN_POINT('Ctrl Pts',(10.9744180667559,3.19726715284045,0.75261747201657));
#1825=CARTESIAN_POINT('Ctrl Pts',(10.9632458939666,3.27112891013035,0.897078160300373));
#1826=CARTESIAN_POINT('Ctrl Pts',(10.9578685868372,3.30769171579309,0.959512178615955));
#1827=CARTESIAN_POINT('Ctrl Pts',(10.9449930807877,3.39880651628334,1.09705478697842));
#1828=CARTESIAN_POINT('Ctrl Pts',(10.937318722918,3.45555234019771,1.1708539967193));
#1829=CARTESIAN_POINT('Ctrl Pts',(10.9217447745285,3.57865147606551,1.3094932868055));
#1830=CARTESIAN_POINT('Ctrl Pts',(10.9138478146537,3.64490755875596,1.37441304475659));
#1831=CARTESIAN_POINT('Ctrl Pts',(10.9042774058663,3.73230451350897,1.44863057812524));
#1832=CARTESIAN_POINT('Ctrl Pts',(10.902466163253,3.74916786582143,1.46247395871498));
#1833=CARTESIAN_POINT('Ctrl Pts',(10.8942142564209,3.82762107079695,1.5246998756255));
#1834=CARTESIAN_POINT('Ctrl Pts',(10.8879082193957,3.89205766579831,1.56987089493523));
#1835=CARTESIAN_POINT('Ctrl Pts',(10.8759207935202,4.02619254794998,1.65244524720868));
#1836=CARTESIAN_POINT('Ctrl Pts',(10.8702393714943,4.09589011262429,1.68984891542015));
#1837=CARTESIAN_POINT('Ctrl Pts',(10.8602421134725,4.23375522005204,1.75346570160907));
#1838=CARTESIAN_POINT('Ctrl Pts',(10.8558520400376,4.30157566504168,1.7803478846718));
#1839=CARTESIAN_POINT('Ctrl Pts',(10.8474238393682,4.44993829535554,1.83052193720928));
#1840=CARTESIAN_POINT('Ctrl Pts',(10.8435728930825,4.53101178756078,1.85246879887565));
#1841=CARTESIAN_POINT('Ctrl Pts',(10.837505520203,4.6937323737204,1.8861572576078));
#1842=CARTESIAN_POINT('Ctrl Pts',(10.8352562452356,4.77533244193127,1.89810414592886));
#1843=CARTESIAN_POINT('Ctrl Pts',(10.8328959557305,4.91727087356565,1.91041833777629));
#1844=CARTESIAN_POINT('Ctrl Pts',(10.8323711462579,4.97738672399928,1.91304347826182));
#1845=CARTESIAN_POINT('Ctrl Pts',(10.8323711462579,5.03750000000282,1.91304347826182));
#1846=CARTESIAN_POINT('',(11.324751652906,5.03750000000282,1.50000000000099));
#1847=CARTESIAN_POINT('Ctrl Pts',(10.8323711462579,5.03750000000282,1.91304347826182));
#1848=CARTESIAN_POINT('Ctrl Pts',(10.8526029497857,5.03750000000282,1.79848340304022));
#1849=CARTESIAN_POINT('Ctrl Pts',(10.9762749998887,5.03750000000282,1.58458825765824));
#1850=CARTESIAN_POINT('Ctrl Pts',(11.2084187826209,5.03750000000282,1.50000000000099));
#1851=CARTESIAN_POINT('Ctrl Pts',(11.324751652906,5.03750000000282,1.50000000000099));
#1852=CARTESIAN_POINT('Ctrl Pts',(11.324751652906,5.03750000000281,1.50000000000099));
#1853=CARTESIAN_POINT('Ctrl Pts',(11.324751652906,4.98129313218554,1.50000000000099));
#1854=CARTESIAN_POINT('Ctrl Pts',(11.3255854056634,4.92501225566932,1.49683548795735));
#1855=CARTESIAN_POINT('Ctrl Pts',(11.327155725604,4.86906584619657,1.49051331286726));
#1856=CARTESIAN_POINT('Ctrl Pts',(11.3286498208132,4.81583512537273,1.4844980217987));
#1857=CARTESIAN_POINT('Ctrl Pts',(11.3308107114617,4.76290777280362,1.47562468026426));
#1858=CARTESIAN_POINT('Ctrl Pts',(11.3335546885431,4.71063113340054,1.46395243913491));
#1859=CARTESIAN_POINT('Ctrl Pts',(11.3362988306011,4.65835135095918,1.45227949623321));
#1860=CARTESIAN_POINT('Ctrl Pts',(11.3396261292081,4.60672291901836,1.4378074657726));
#1861=CARTESIAN_POINT('Ctrl Pts',(11.3434528602582,4.55608019776168,1.42064597068128));
#1862=CARTESIAN_POINT('Ctrl Pts',(11.3472833682375,4.5053874928569,1.40346753743753));
#1863=CARTESIAN_POINT('Ctrl Pts',(11.3516142950119,4.45568297221376,1.38359456704383));
#1864=CARTESIAN_POINT('Ctrl Pts',(11.3563616683271,4.4072807412532,1.36118466267579));
#1865=CARTESIAN_POINT('Ctrl Pts',(11.3570822518007,4.39993397380852,1.35778315922063));
#1866=CARTESIAN_POINT('Ctrl Pts',(11.3578124297465,4.39261716131153,1.35432329259745));
#1867=CARTESIAN_POINT('Ctrl Pts',(11.3585519085155,4.38533134793885,1.35080570374416));
#1868=CARTESIAN_POINT('Ctrl Pts',(11.36406003567,4.33106178920712,1.32460437451665));
#1869=CARTESIAN_POINT('Ctrl Pts',(11.3700841963054,4.27837088251511,1.29512758606063));
#1870=CARTESIAN_POINT('Ctrl Pts',(11.3764412055487,4.22764006382877,1.26258737669228));
#1871=CARTESIAN_POINT('Ctrl Pts',(11.3827969167604,4.17691960381969,1.2300538116781));
#1872=CARTESIAN_POINT('Ctrl Pts',(11.3894853406656,4.12815877951457,1.19445829668026));
#1873=CARTESIAN_POINT('Ctrl Pts',(11.3963234045814,4.08171094439085,1.1560567811205));
#1874=CARTESIAN_POINT('Ctrl Pts',(11.4031599287061,4.03527356836175,1.11766391279014));
#1875=CARTESIAN_POINT('Ctrl Pts',(11.4101460254573,3.99114845972801,1.07646656670111));
#1876=CARTESIAN_POINT('Ctrl Pts',(11.4170987457965,3.94965588249809,1.03276094814455));
#1877=CARTESIAN_POINT('Ctrl Pts',(11.4240497548058,3.90817351817532,0.989066087209089));
#1878=CARTESIAN_POINT('Ctrl Pts',(11.4309674038315,3.86932267659135,0.942864483302528));
#1879=CARTESIAN_POINT('Ctrl Pts',(11.4376688788943,3.83338599300146,0.894488377870244));
#1880=CARTESIAN_POINT('Ctrl Pts',(11.444369033688,3.79745638935972,0.846121803098098));
#1881=CARTESIAN_POINT('Ctrl Pts',(11.4508530996879,3.76444004664803,0.795581909716701));
#1882=CARTESIAN_POINT('Ctrl Pts',(11.4569383709429,3.73457801171654,0.743232327365826));
#1883=CARTESIAN_POINT('Ctrl Pts',(11.4630214629707,3.70472667082887,0.690901492187721));
#1884=CARTESIAN_POINT('Ctrl Pts',(11.4687060458313,3.67802758892539,0.636762617921388));
#1885=CARTESIAN_POINT('Ctrl Pts',(11.4738096097925,3.65467670011161,0.581205403690603));
#1886=CARTESIAN_POINT('Ctrl Pts',(11.4789114700636,3.63133360637533,0.525666735768478));
#1887=CARTESIAN_POINT('Ctrl Pts',(11.4834326992861,3.61133663808716,0.468711050632177));
#1888=CARTESIAN_POINT('Ctrl Pts',(11.487190970445,3.59483386923642,0.4107486276792));
#1889=CARTESIAN_POINT('Ctrl Pts',(11.4888248919504,3.58765923287199,0.385549261969724));
#1890=CARTESIAN_POINT('Ctrl Pts',(11.4903146062962,3.58114441343901,0.360159846398717));
#1891=CARTESIAN_POINT('Ctrl Pts',(11.4916451311214,3.57529865680777,0.334615050407596));
#1892=CARTESIAN_POINT('Ctrl Pts',(11.4944915945152,3.56279251491252,0.279965693018589));
#1893=CARTESIAN_POINT('Ctrl Pts',(11.4966094737632,3.55333358361764,0.224521617410826));
#1894=CARTESIAN_POINT('Ctrl Pts',(11.4980078488352,3.54701279772231,0.168665052214116));
#1895=CARTESIAN_POINT('Ctrl Pts',(11.4993735586746,3.540839661728,0.114113264059248));
#1896=CARTESIAN_POINT('Ctrl Pts',(11.5000529861339,3.53765968576122,0.0591686322516544));
#1897=CARTESIAN_POINT('Ctrl Pts',(11.5000545896222,3.53750587183984,0.00419707953570015));
#1898=CARTESIAN_POINT('Ctrl Pts',(11.5000562506392,3.53734653950523,-0.0527466987212709));
#1899=CARTESIAN_POINT('Ctrl Pts',(11.499330578352,3.54043476571413,-0.109718745885998));
#1900=CARTESIAN_POINT('Ctrl Pts',(11.4978869746149,3.54674826893837,-0.166310782356555));
#1901=CARTESIAN_POINT('Ctrl Pts',(11.4964433708778,3.55306177216262,-0.222902818827111));
#1902=CARTESIAN_POINT('Ctrl Pts',(11.4942818356907,3.56260045721114,-0.279114190209288));
#1903=CARTESIAN_POINT('Ctrl Pts',(11.4914117709081,3.57528258951486,-0.334544831771841));
#1904=CARTESIAN_POINT('Ctrl Pts',(11.4882401012712,3.58929744179301,-0.395800481419559));
#1905=CARTESIAN_POINT('Ctrl Pts',(11.4842031639473,3.6071492598996,-0.456102619234165));
#1906=CARTESIAN_POINT('Ctrl Pts',(11.4794786894248,3.62868062043716,-0.515002869661162));
#1907=CARTESIAN_POINT('Ctrl Pts',(11.4747458588954,3.6502500627113,-0.574007294825179));
#1908=CARTESIAN_POINT('Ctrl Pts',(11.4693230569724,3.67551191918265,-0.631604595467504));
#1909=CARTESIAN_POINT('Ctrl Pts',(11.4633889588494,3.70426067638123,-0.68736664593774));
#1910=CARTESIAN_POINT('Ctrl Pts',(11.4574447857408,3.73305824357728,-0.74322336991069));
#1911=CARTESIAN_POINT('Ctrl Pts',(11.4509875787883,3.76535439504287,-0.797238343232585));
#1912=CARTESIAN_POINT('Ctrl Pts',(11.4441969248023,3.80089761903467,-0.849007980752967));
#1913=CARTESIAN_POINT('Ctrl Pts',(11.440322039245,3.82117930701212,-0.878548790982696));
#1914=CARTESIAN_POINT('Ctrl Pts',(11.4363385807935,3.84251745758843,-0.907359013467277));
#1915=CARTESIAN_POINT('Ctrl Pts',(11.4322799163794,3.86485912575837,-0.935368045236407));
#1916=CARTESIAN_POINT('Ctrl Pts',(11.425520917836,3.90206528207256,-0.982012208343856));
#1917=CARTESIAN_POINT('Ctrl Pts',(11.4185533498445,3.94207112013866,-1.02645033435864));
#1918=CARTESIAN_POINT('Ctrl Pts',(11.411579604392,3.98459558986545,-1.06835963191763));
#1919=CARTESIAN_POINT('Ctrl Pts',(11.404609842459,4.02709576890782,-1.11024499018877));
#1920=CARTESIAN_POINT('Ctrl Pts',(11.3976339101204,4.07211140773389,-1.14960409459093));
#1921=CARTESIAN_POINT('Ctrl Pts',(11.3908538527325,4.11932429919554,-1.1861506575662));
#1922=CARTESIAN_POINT('Ctrl Pts',(11.3840767274925,4.16651677266232,-1.22268141537656));
#1923=CARTESIAN_POINT('Ctrl Pts',(11.3774953078212,4.21590426674648,-1.25640178922103));
#1924=CARTESIAN_POINT('Ctrl Pts',(11.3713113770548,4.26713607590949,-1.28706620826319));
#1925=CARTESIAN_POINT('Ctrl Pts',(11.3666462566461,4.30578504652842,-1.31019926270669));
#1926=CARTESIAN_POINT('Ctrl Pts',(11.3622073512839,4.34548292305743,-1.33159394800462));
#1927=CARTESIAN_POINT('Ctrl Pts',(11.3580812933023,4.38606854768365,-1.35116137560495));
#1928=CARTESIAN_POINT('Ctrl Pts',(11.3526541939236,4.43945175731573,-1.3768988651513));
#1929=CARTESIAN_POINT('Ctrl Pts',(11.3477683439329,4.49438775249915,-1.39948110008069));
#1930=CARTESIAN_POINT('Ctrl Pts',(11.343516558704,4.55048937525417,-1.41873910617108));
#1931=CARTESIAN_POINT('Ctrl Pts',(11.3392674800001,4.60655528584643,-1.43798485334606));
#1932=CARTESIAN_POINT('Ctrl Pts',(11.335651659072,4.66378492801252,-1.45391043962245));
#1933=CARTESIAN_POINT('Ctrl Pts',(11.3327617341581,4.72177318377407,-1.46639577792325));
#1934=CARTESIAN_POINT('Ctrl Pts',(11.3298729992724,4.77973756083537,-1.47887597494766));
#1935=CARTESIAN_POINT('Ctrl Pts',(11.3277095626977,4.83845949675131,-1.4879186480036));
#1936=CARTESIAN_POINT('Ctrl Pts',(11.3263639482786,4.89752200628852,-1.49345443896784));
#1937=CARTESIAN_POINT('Ctrl Pts',(11.3253041520722,4.94403921260342,-1.49781438798487));
#1938=CARTESIAN_POINT('Ctrl Pts',(11.3247516529063,4.99076735972786,-1.49999999999901));
#1939=CARTESIAN_POINT('Ctrl Pts',(11.3247516529063,5.03750000000282,-1.49999999999901));
#1940=CARTESIAN_POINT('Origin',(-40.2874999999999,5.03750000000282,-22.0000000000006));
#1941=CARTESIAN_POINT('',(13.2125000000001,5.03750000000282,-28.9999999999999));
#1942=CARTESIAN_POINT('Origin',(13.2125000000001,5.03750000000282,-20.9999999999999));
#1943=CARTESIAN_POINT('',(-46.9874999999999,5.03750000000282,-28.9999999999999));
#1944=CARTESIAN_POINT('',(-22.9124999999999,5.03750000000282,-28.9999999999999));
#1945=CARTESIAN_POINT('',(-48.9874999999999,5.03750000000281,-26.9999999999999));
#1946=CARTESIAN_POINT('Origin',(-46.9874999999999,5.03750000000282,-26.9999999999999));
#1947=CARTESIAN_POINT('',(-48.9874999999999,5.03750000000281,27.9999999999994));
#1948=CARTESIAN_POINT('',(-48.9874999999999,5.03750000000281,-11.9999999999999));
#1949=CARTESIAN_POINT('',(-46.9874999999999,5.03750000000284,29.9999999999994));
#1950=CARTESIAN_POINT('Origin',(-46.9874999999999,5.03750000000282,27.9999999999994));
#1951=CARTESIAN_POINT('',(13.2125000000001,5.03750000000284,29.9999999999994));
#1952=CARTESIAN_POINT('',(-42.4624999999999,5.03750000000284,29.9999999999994));
#1953=CARTESIAN_POINT('Origin',(13.2125000000001,5.03750000000282,21.9999999999994));
#1954=CARTESIAN_POINT('',(16.054873679426,5.03750000000282,1.500000000001));
#1955=CARTESIAN_POINT('Origin',(-1.40524883531857E-16,5.03750000000282,
7.10720401272548E-14));
#1956=CARTESIAN_POINT('',(16.054873679426,5.03750000000282,-1.499999999999));
#1957=CARTESIAN_POINT('',(-14.,5.03750000000282,-15.4999999999999));
#1958=CARTESIAN_POINT('Origin',(-15.5,5.03750000000282,-15.4999999999999));
#1959=CARTESIAN_POINT('',(17.,5.03750000000282,15.5));
#1960=CARTESIAN_POINT('Origin',(15.5,5.03750000000282,15.5));
#1961=CARTESIAN_POINT('',(17.,5.03750000000282,-15.4999999999999));
#1962=CARTESIAN_POINT('Origin',(15.5,5.03750000000282,-15.4999999999999));
#1963=CARTESIAN_POINT('',(-14.,5.03750000000282,15.5));
#1964=CARTESIAN_POINT('Origin',(-15.5,5.03750000000282,15.5));
#1965=CARTESIAN_POINT('Origin',(16.054873679426,5.03750000000281,9.95281879068707E-13));
#1966=CARTESIAN_POINT('Origin',(-46.9874999999999,-1.83749999999718,27.9999999999994));
#1967=CARTESIAN_POINT('',(-48.9874999999999,-6.46249999999718,27.9999999999994));
#1968=CARTESIAN_POINT('',(-48.9874999999999,-1.83749999999718,27.9999999999994));
#1969=CARTESIAN_POINT('',(-46.9874999999999,-6.46249999999721,29.9999999999994));
#1970=CARTESIAN_POINT('Origin',(-46.9874999999999,-6.46249999999718,27.9999999999994));
#1971=CARTESIAN_POINT('',(-46.9874999999999,-1.83749999999718,29.9999999999994));
#1972=CARTESIAN_POINT('Origin',(-40.2874999999999,-2.96249999999718,29.9999999999994));
#1973=CARTESIAN_POINT('',(-46.8124999999999,-6.46249999999721,29.9999999999994));
#1974=CARTESIAN_POINT('',(-23.1811170212765,-22.4624999999972,30.0000000000001));
#1975=CARTESIAN_POINT('',(-40.2874999999999,-22.4624999999972,29.9999999999994));
#1976=CARTESIAN_POINT('',(13.2125000000001,-6.47651869158598,30.0000000000001));
#1977=CARTESIAN_POINT('',(21.2125000000001,-2.96249999999719,30.0000000000001));
#1978=CARTESIAN_POINT('',(13.2125000000001,-0.962499999997186,29.9999999999994));
#1979=CARTESIAN_POINT('Origin',(-46.9874999999999,-12.7124999999972,-26.9999999999999));
#1980=CARTESIAN_POINT('',(-46.9874999999999,-10.4624999999972,-28.9999999999999));
#1981=CARTESIAN_POINT('',(-48.9874999999999,-10.4624999999972,-26.9999999999999));
#1982=CARTESIAN_POINT('Origin',(-46.9874999999999,-10.4624999999972,-26.9999999999999));
#1983=CARTESIAN_POINT('',(-48.9874999999999,-12.7124999999972,-26.9999999999999));
#1984=CARTESIAN_POINT('',(-46.9874999999999,-12.7124999999972,-28.9999999999999));
#1985=CARTESIAN_POINT('Origin',(-44.4874999999999,-10.4624999999972,-26.9999999999999));
#1986=CARTESIAN_POINT('',(-25.0124999999999,-10.4624999999972,-28.9999999999999));
#1987=CARTESIAN_POINT('',(-48.9874999999999,-10.4624999999972,-11.9999999999999));
#1988=CARTESIAN_POINT('',(-44.4874999999999,-10.4624999999972,-11.9999999999999));
#1989=CARTESIAN_POINT('',(-48.9874999999999,-10.4624999999972,-26.9999999999999));
#1990=CARTESIAN_POINT('Origin',(-5.53749999999992,-24.7124999999972,-28.9999999999999));
#1991=CARTESIAN_POINT('',(13.2125000000001,-9.46717289719342,-28.9999999999999));
#1992=CARTESIAN_POINT('',(13.2125000000001,-11.8374999999972,-28.9999999999999));
#1993=CARTESIAN_POINT('',(-11.5904689385305,-29.634072875251,-28.9999999999999));
#1994=CARTESIAN_POINT('',(7.83750000000009,-13.8374999999972,-28.9999999999999));
#1995=CARTESIAN_POINT('',(-14.2249999999999,-29.634072875251,-28.9999999999999));
#1996=CARTESIAN_POINT('Origin',(-14.2249999999999,-29.634072875251,-26.9999999999999));
#1997=CARTESIAN_POINT('',(-13.3297890669664,-31.0482864376241,-28.414213562373));
#1998=CARTESIAN_POINT('Origin',(-11.5904689385305,-29.634072875251,-26.9999999999999));
#1999=CARTESIAN_POINT('',(-14.2249999999999,-31.0482864376241,-28.414213562373));
#2000=CARTESIAN_POINT('Origin',(-22.9124999999999,-38.4624999999972,-20.9999999999999));
#2001=CARTESIAN_POINT('',(-30.8466000269866,-45.2909271247434,-14.1715728752537));
#2002=CARTESIAN_POINT('',(-6.75768514687622,-25.7046131568031,-33.757886843194));
#2003=CARTESIAN_POINT('',(-31.5999999999999,-45.2909271247434,-14.1715728752537));
#2004=CARTESIAN_POINT('Origin',(21.2125000000001,-2.96249999999716,-21.9999999999999));
#2005=CARTESIAN_POINT('',(21.1497539331939,-3.0135178300172,-21.9999999999999));
#2006=CARTESIAN_POINT('Origin',(13.2125000000001,-9.46717289719342,-20.9999999999999));
#2007=CARTESIAN_POINT('',(-18.5982945310864,-35.3320245252731,-21.9999999999999));
#2008=CARTESIAN_POINT('',(-32.2874999999999,-46.4624999999972,-21.9999999999999));
#2009=CARTESIAN_POINT('',(-32.2874999999999,-46.4624999999972,-3.0217526524072));
#2010=CARTESIAN_POINT('Origin',(-12.2874999999999,-30.2008177570065,-3.0217526524072));
#2011=CARTESIAN_POINT('',(-32.2874999999999,-46.4624999999972,-11.3431457505075));
#2012=CARTESIAN_POINT('',(-32.2874999999999,-46.4624999999972,-9.00000000000024));
#2013=CARTESIAN_POINT('Origin',(-27.3679597701149,-42.4624999999972,-11.3431457505075));
#2014=CARTESIAN_POINT('Origin',(-31.5999999999999,-42.4624999999972,-11.3431457505075));
#2015=CARTESIAN_POINT('',(-31.5999999999999,-46.4624999999972,-11.3431457505075));
#2016=CARTESIAN_POINT('Origin',(-40.2874999999999,-46.4624999999972,5.99999999999946));
#2017=CARTESIAN_POINT('',(-32.2874999999999,-46.4624999999972,5.99999999999947));
#2018=CARTESIAN_POINT('',(-32.2874999999999,-46.4624999999972,-9.00000000000024));
#2019=CARTESIAN_POINT('',(-40.2874999999999,-46.4624999999972,5.99999999999946));
#2020=CARTESIAN_POINT('Origin',(13.2125000000001,-0.962499999997186,21.9999999999994));
#2021=CARTESIAN_POINT('',(21.1497539331938,-2.96249999999718,23.0000000000001));
#2022=CARTESIAN_POINT('Origin',(13.2125000000001,-2.96249999999718,21.9999999999994));
#2023=CARTESIAN_POINT('',(21.1497539331938,-2.99006135644483,23.0000000000001));
#2024=CARTESIAN_POINT('Origin',(13.2125000000001,-6.47651869158598,21.9999999999994));
#2025=CARTESIAN_POINT('',(21.1497539331938,-0.962499999997187,23.0000000000001));
#2026=CARTESIAN_POINT('Origin',(21.2125000000001,-2.96249999999719,30.0000000000001));
#2027=CARTESIAN_POINT('',(-32.2874999999999,-26.4624999999972,25.9999999999994));
#2028=CARTESIAN_POINT('Origin',(-23.1811170212765,-22.4624999999972,25.9999999999994));
#2029=CARTESIAN_POINT('',(-32.2874999999999,-26.4624999999972,15.9289321881346));
#2030=CARTESIAN_POINT('',(-32.2874999999999,-26.4624999999972,29.9999999999995));
#2031=CARTESIAN_POINT('',(-30.8230339059326,-25.8192298465284,19.4644660940674));
#2032=CARTESIAN_POINT('Origin',(-27.2874999999999,-24.2662383177542,15.9289321881346));
#2033=CARTESIAN_POINT('',(-29.581786614078,-25.2740090734708,20.705713385922));
#2034=CARTESIAN_POINT('',(-13.1836295654597,-18.0710802764142,37.1038704345403));
#2035=CARTESIAN_POINT('',(-24.9103628343211,-23.222075263671,23.070522179206));
#2036=CARTESIAN_POINT('Origin',(-25.4715691767048,-23.4685864607928,17.7448630114297));
#2037=CARTESIAN_POINT('',(-13.0118479006828,-17.9956247788018,24.7341520686579));
#2038=CARTESIAN_POINT('',(-7.66313703372019,-15.6461910335005,25.4819996208897));
#2039=CARTESIAN_POINT('',(-6.03123720569998,-14.9293752211926,24.7341520686579));
#2040=CARTESIAN_POINT('Origin',(-9.52154255319138,-16.4624999999972,19.9749999999995));
#2041=CARTESIAN_POINT('',(4.68699575256685,-10.2213663516735,23.2355471746076));
#2042=CARTESIAN_POINT('',(-6.51559203185205,-15.14212921025,24.801873727233));
#2043=CARTESIAN_POINT('',(8.13961609606045,-8.70479479892396,23.0000000000001));
#2044=CARTESIAN_POINT('Origin',(8.13961609606045,-8.70479479892396,28.0000000000001));
#2045=CARTESIAN_POINT('',(7.83750000000009,-8.8374999999972,23.0000000000001));
#2046=CARTESIAN_POINT('Origin',(13.2125000000001,-11.8374999999972,-20.9999999999999));
#2047=CARTESIAN_POINT('',(21.1497539331939,-2.96249999999715,-21.9999999999999));
#2048=CARTESIAN_POINT('Origin',(13.2125000000001,-2.96249999999718,-20.9999999999999));
#2049=CARTESIAN_POINT('',(21.1497539331939,-11.8374999999972,-21.9999999999999));
#2050=CARTESIAN_POINT('Origin',(-5.53749999999993,-14.7124999999972,23.0000000000001));
#2051=CARTESIAN_POINT('',(-20.2013676741805,-8.70479479892398,23.0000000000001));
#2052=CARTESIAN_POINT('',(-22.9124999999999,-8.70479479892398,23.0000000000001));
#2053=CARTESIAN_POINT('',(-14.4590728752537,-2.96249999999718,23.0000000000001));
#2054=CARTESIAN_POINT('',(-17.7482864376268,-6.2517135623703,23.0000000000001));
#2055=CARTESIAN_POINT('',(-22.9124999999999,-2.96249999999718,23.0000000000001));
#2056=CARTESIAN_POINT('Origin',(-5.53749999999992,-24.7124999999972,-21.9999999999999));
#2057=CARTESIAN_POINT('',(-18.5982945310863,-2.96249999999715,-21.9999999999999));
#2058=CARTESIAN_POINT('',(-22.9124999999999,-2.96249999999715,-21.9999999999999));
#2059=CARTESIAN_POINT('',(-18.5982945310863,-24.7124999999972,-21.9999999999999));
#2060=CARTESIAN_POINT('Origin',(-40.2874999999999,-2.96249999999718,29.9999999999994));
#2061=CARTESIAN_POINT('',(-19.4590728752537,-2.96249999999718,21.5355339059328));
#2062=CARTESIAN_POINT('Origin',(-14.4590728752537,-2.96249999999717,18.0000000000001));
#2063=CARTESIAN_POINT('',(-22.3880050633882,-2.96249999999718,19.4644660940674));
#2064=CARTESIAN_POINT('',(-25.7830146775699,-2.96249999999717,17.063831773686));
#2065=CARTESIAN_POINT('',(-24.4590728752537,-2.96249999999717,15.9289321881346));
#2066=CARTESIAN_POINT('Origin',(-17.3880050633882,-2.96249999999717,15.9289321881346));
#2067=CARTESIAN_POINT('',(-24.4590721195936,-2.96250002465251,-15.2862881626542));
#2068=CARTESIAN_POINT('',(-24.4590728752537,-2.96249999999718,23.4999999999994));
#2069=CARTESIAN_POINT('',(-19.088173417851,-2.96249999999715,-21.830017885111));
#2070=CARTESIAN_POINT('Ctrl Pts',(-19.088173417851,-2.96249999999716,-21.830017885111));
#2071=CARTESIAN_POINT('Ctrl Pts',(-19.8244111644412,-2.96249999999716,-21.5638097893346));
#2072=CARTESIAN_POINT('Ctrl Pts',(-20.5293815306934,-2.96249999975997,-21.1995623784622));
#2073=CARTESIAN_POINT('Ctrl Pts',(-21.759941874542,-2.96249999975997,-20.3479000380055));
#2074=CARTESIAN_POINT('Ctrl Pts',(-22.3020251894435,-2.962499999647,-19.8699555346712));
#2075=CARTESIAN_POINT('Ctrl Pts',(-23.30232077382,-2.962499999647,-18.7184719734791));
#2076=CARTESIAN_POINT('Ctrl Pts',(-23.7449896229962,-2.96250000036455,-18.018298781403));
#2077=CARTESIAN_POINT('Ctrl Pts',(-24.3177003388058,-2.96250000036455,-16.5930721175943));
#2078=CARTESIAN_POINT('Ctrl Pts',(-24.4580392328984,-2.96249999999716,-15.9162049368385));
#2079=CARTESIAN_POINT('Ctrl Pts',(-24.4590712867331,-2.96249999999716,-15.2862881612896));
#2080=CARTESIAN_POINT('Origin',(-12.2874999999999,-2.96249999999718,-3.02175265240719));
#2081=CARTESIAN_POINT('',(11.,-2.96249999999718,6.97072449890999E-14));
#2082=CARTESIAN_POINT('Origin',(-1.40524883531857E-16,-2.96249999999718,
7.1054356468162E-14));
#2083=CARTESIAN_POINT('',(17.,-2.96249999999718,-15.4999999999999));
#2084=CARTESIAN_POINT('Origin',(15.5,-2.96249999999718,-15.4999999999999));
#2085=CARTESIAN_POINT('',(17.,-2.96249999999718,15.5));
#2086=CARTESIAN_POINT('Origin',(15.5,-2.96249999999718,15.5));
#2087=CARTESIAN_POINT('',(-14.,-2.96249999999718,-15.4999999999999));
#2088=CARTESIAN_POINT('Origin',(-15.5,-2.96249999999718,-15.4999999999999));
#2089=CARTESIAN_POINT('',(-14.,-2.96249999999718,15.5));
#2090=CARTESIAN_POINT('Origin',(-15.5,-2.96249999999718,15.5));
#2091=CARTESIAN_POINT('Origin',(-12.2874999999999,-24.7124999999972,-3.0217526524072));
#2092=CARTESIAN_POINT('',(-32.2820161543642,-12.8578820523821,-3.49007279169552));
#2093=CARTESIAN_POINT('Origin',(-12.2874999999999,2.13800506339114,-3.02175265240719));
#2094=CARTESIAN_POINT('',(-32.2874999999999,-20.4649334523226,-3.0217526524072));
#2095=CARTESIAN_POINT('Ctrl Pts',(-32.2820175434786,-12.8578250386408,-3.49001348092241));
#2096=CARTESIAN_POINT('Ctrl Pts',(-32.2815017644768,-12.8789952686348,-3.51203700215993));
#2097=CARTESIAN_POINT('Ctrl Pts',(-32.2809556771223,-12.9003035676821,-3.5338001107354));
#2098=CARTESIAN_POINT('Ctrl Pts',(-32.268490474092,-13.3660158833579,-4.00089268408497));
#2099=CARTESIAN_POINT('Ctrl Pts',(-32.2425096071354,-13.9287395667739,-4.38688184488304));
#2100=CARTESIAN_POINT('Ctrl Pts',(-32.2008654892357,-15.1622741745601,-4.89894780753167));
#2101=CARTESIAN_POINT('Ctrl Pts',(-32.1869221037787,-15.8331527769076,-5.02500000000053));
#2102=CARTESIAN_POINT('Ctrl Pts',(-32.1869221037787,-16.4624999999972,-5.02500000000053));
#2103=CARTESIAN_POINT('Ctrl Pts',(-32.1869221037787,-17.0918472230868,-5.02500000000053));
#2104=CARTESIAN_POINT('Ctrl Pts',(-32.2008654892357,-17.7627258254343,-4.89894780753167));
#2105=CARTESIAN_POINT('Ctrl Pts',(-32.2425096071354,-18.9962604332205,-4.38688184488304));
#2106=CARTESIAN_POINT('Ctrl Pts',(-32.268490474092,-19.5589841166365,-4.00089268408497));
#2107=CARTESIAN_POINT('Ctrl Pts',(-32.2847381738299,-20.1660142509195,-3.39206346059415));
#2108=CARTESIAN_POINT('Ctrl Pts',(-32.2874999999999,-20.3214431658422,-3.21339687176969));
#2109=CARTESIAN_POINT('Ctrl Pts',(-32.2874999999999,-20.4649334523226,-3.02175265240721));
#2110=CARTESIAN_POINT('',(-32.2874999999999,-33.4739366482054,-3.0217526524072));
#2111=CARTESIAN_POINT('',(-32.2874999999999,-24.7124999999972,-3.0217526524072));
#2112=CARTESIAN_POINT('',(-32.2874999999999,-39.451063351789,-3.0217526524072));
#2113=CARTESIAN_POINT('Ctrl Pts',(-32.2874999999999,-33.4739366482054,-3.02175265240722));
#2114=CARTESIAN_POINT('Ctrl Pts',(-32.2874999999999,-33.8482438900313,-3.39194870546284));
#2115=CARTESIAN_POINT('Ctrl Pts',(-32.276725860461,-34.3191977426022,-3.71210109614528));
#2116=CARTESIAN_POINT('Ctrl Pts',(-32.2572267188575,-35.3582761645509,-4.14306712353739));
#2117=CARTESIAN_POINT('Ctrl Pts',(-32.2497495839804,-35.9281154056973,-4.25000000000054));
#2118=CARTESIAN_POINT('Ctrl Pts',(-32.2497495839804,-36.4624999999972,-4.25000000000054));
#2119=CARTESIAN_POINT('Ctrl Pts',(-32.2497495839804,-36.9968845942971,-4.25000000000054));
#2120=CARTESIAN_POINT('Ctrl Pts',(-32.2572267188575,-37.5667238354435,-4.14306712353739));
#2121=CARTESIAN_POINT('Ctrl Pts',(-32.276725860461,-38.6058022573922,-3.71210109614528));
#2122=CARTESIAN_POINT('Ctrl Pts',(-32.2874999999999,-39.0767561099631,-3.39194870546284));
#2123=CARTESIAN_POINT('Ctrl Pts',(-32.2874999999999,-39.451063351789,-3.02175265240722));
#2124=CARTESIAN_POINT('',(-32.2874999999999,-24.7124999999972,-3.0217526524072));
#2125=CARTESIAN_POINT('Ctrl Pts',(-30.8184649145959,-9.32189798827141,-2.99721375979842));
#2126=CARTESIAN_POINT('Ctrl Pts',(-30.8228772535315,-9.3263104090665,-5.62634317002364));
#2127=CARTESIAN_POINT('Ctrl Pts',(-29.6495815234351,-8.15299284691926,-9.99896798488203));
#2128=CARTESIAN_POINT('Ctrl Pts',(-25.6397922295436,-4.1432256600346,-14.7562156264781));
#2129=CARTESIAN_POINT('Ctrl Pts',(-22.5638960319296,-1.06731434647929,-16.5245917220606));
#2130=CARTESIAN_POINT('Ctrl Pts',(-20.9194196544468,0.577135636718358,-17.1182179453345));
#2131=CARTESIAN_POINT('Ctrl Pts',(-31.34959004171,-9.85163457426151,-2.99547671818375));
#2132=CARTESIAN_POINT('Ctrl Pts',(-31.3541164881078,-9.8561520169075,-5.8107157132826));
#2133=CARTESIAN_POINT('Ctrl Pts',(-30.1504838364833,-8.65492111704393,-10.4924853153575));
#2134=CARTESIAN_POINT('Ctrl Pts',(-26.0285276617645,-4.52988081752935,-15.6645904866789));
#2135=CARTESIAN_POINT('Ctrl Pts',(-22.8490633782857,-1.35173250357267,-17.6512631572993));
#2136=CARTESIAN_POINT('Ctrl Pts',(-21.1435526919248,0.357103344029006,-18.3472254455423));
#2137=CARTESIAN_POINT('Ctrl Pts',(-32.0652251367545,-10.9898101569378,-2.99244291413894));
#2138=CARTESIAN_POINT('Ctrl Pts',(-32.0700934030387,-10.9943677100014,-6.13272369815979));
#2139=CARTESIAN_POINT('Ctrl Pts',(-30.7755986196775,-9.7824744122468,-11.3571634368651));
#2140=CARTESIAN_POINT('Ctrl Pts',(-26.2951744001504,-5.61581407644506,-17.2508585972429));
#2141=CARTESIAN_POINT('Ctrl Pts',(-22.8016714948658,-2.39097653220826,-19.617070924714));
#2142=CARTESIAN_POINT('Ctrl Pts',(-20.9064611065732,-0.652805015991462,
-20.4856086604815));
#2143=CARTESIAN_POINT('Ctrl Pts',(-32.2875435988188,-12.3013851910648,-2.98993143053457));
#2144=CARTESIAN_POINT('Ctrl Pts',(-32.2930870258815,-12.3058422133476,-6.39929834604021));
#2145=CARTESIAN_POINT('Ctrl Pts',(-30.8190462071887,-11.1206691766966,-12.0699972262483));
#2146=CARTESIAN_POINT('Ctrl Pts',(-25.7435776505693,-7.06347575202746,-18.347086171174));
#2147=CARTESIAN_POINT('Ctrl Pts',(-21.8135826819613,-3.94237988791752,-20.764311908858));
#2148=CARTESIAN_POINT('Ctrl Pts',(-19.6960592727288,-2.26975965409958,-21.6105423059746));
#2149=CARTESIAN_POINT('Ctrl Pts',(-32.2874725010533,-12.8625888523585,-2.98901327655021));
#2150=CARTESIAN_POINT('Ctrl Pts',(-32.2933572998324,-12.8670021232037,-6.49675331657157));
#2151=CARTESIAN_POINT('Ctrl Pts',(-30.7285162450016,-11.693458630735,-12.330630678305));
#2152=CARTESIAN_POINT('Ctrl Pts',(-25.3805475209082,-7.68275677794253,-18.6784450025388));
#2153=CARTESIAN_POINT('Ctrl Pts',(-21.2779777931261,-4.60601978390932,-21.0387116193481));
#2154=CARTESIAN_POINT('Ctrl Pts',(-19.0845606014324,-2.96104949933537,-21.8313237033518));
#2155=CARTESIAN_POINT('',(-30.8230339059326,-9.3264610306761,-3.02175285388515));
#2156=CARTESIAN_POINT('Origin',(-15.8230339059326,5.67353896932388,-3.02175265240719));
#2157=CARTESIAN_POINT('',(-32.2713191760352,-12.4600665591802,-3.02175266777777));
#2158=CARTESIAN_POINT('Origin',(-27.2874999999999,-12.8619949366088,-3.02175285390049));
#2159=CARTESIAN_POINT('Ctrl Pts',(-32.2818940268557,-12.8577904567507,-3.48997750480878));
#2160=CARTESIAN_POINT('Ctrl Pts',(-32.2836636385076,-12.7867493269052,-3.416071501563));
#2161=CARTESIAN_POINT('Ctrl Pts',(-32.2834838733156,-12.7179922125862,-3.33999175661417));
#2162=CARTESIAN_POINT('Ctrl Pts',(-32.2797570111274,-12.5852992269159,-3.18376747754545));
#2163=CARTESIAN_POINT('Ctrl Pts',(-32.2762134095932,-12.5214162971529,-3.1036906668003));
#2164=CARTESIAN_POINT('Ctrl Pts',(-32.271253431958,-12.4600684661888,-3.02175521475804));
#2165=CARTESIAN_POINT('Origin',(-28.3732864376268,-6.87671356237028,16.9999999999995));
#2166=CARTESIAN_POINT('',(-30.8230339059326,-9.32646103067611,15.9289321881346));
#2167=CARTESIAN_POINT('',(-26.4982864376268,-5.00171356237028,15.9289321881346));
#2168=CARTESIAN_POINT('',(-30.8230339059326,-9.3264610306761,10.4999999999995));
#2169=CARTESIAN_POINT('Origin',(-22.9627525316941,-8.53724746830302,15.9289321881346));
#2170=CARTESIAN_POINT('',(-29.7874999999999,-10.3619949366088,19.4644660940674));
#2171=CARTESIAN_POINT('',(-25.4627525316941,-6.03724746830302,19.4644660940674));
#2172=CARTESIAN_POINT('Origin',(-27.2874999999999,-12.8619949366088,15.9289321881346));
#2173=CARTESIAN_POINT('Origin',(-22.8555194846604,-4.89448051533666,20.5000000000001));
#2174=CARTESIAN_POINT('',(-22.7013676741805,-6.20479479892398,21.5355339059328));
#2175=CARTESIAN_POINT('',(-20.2482864376268,-3.7517135623703,21.5355339059328));
#2176=CARTESIAN_POINT('',(-25.0682827618625,-9.23793790442303,22.0066282551478));
#2177=CARTESIAN_POINT('Origin',(-8.55923205044952,-6.20479479892397,31.5355339059328));
#2178=CARTESIAN_POINT('',(-26.8735646831526,-12.5212112428726,23.0517260087567));
#2179=CARTESIAN_POINT('',(-26.221537007076,-11.3353659410686,22.674259945688));
#2180=CARTESIAN_POINT('',(-29.7874999999999,-11.4699536070137,20.2479111831851));
#2181=CARTESIAN_POINT('Origin',(-35.1660010895677,-16.4624999999972,19.9749999999995));
#2182=CARTESIAN_POINT('',(-29.7874999999999,-7.20514068711647,17.2322330470337));
#2183=CARTESIAN_POINT('Origin',(-17.7482864376268,-6.2517135623703,18.0000000000001));
#2184=CARTESIAN_POINT('Origin',(-20.2013676741805,-8.70479479892398,18.0000000000001));
#2185=CARTESIAN_POINT('Origin',(-27.2874999999999,-12.8619949366088,10.4999999999995));
#2186=CARTESIAN_POINT('',(-32.2874999999999,-12.8619949366088,15.9289321881346));
#2187=CARTESIAN_POINT('Origin',(-27.2874999999999,-12.8619949366088,15.9289321881346));
#2188=CARTESIAN_POINT('',(-32.2874999999999,-12.8619949366088,3.44434623358798));
#2189=CARTESIAN_POINT('',(-32.2874999999999,-12.8619949366088,10.4999999999995));
#2190=CARTESIAN_POINT('Ctrl Pts',(-32.2874999999999,-12.8619949366088,3.44434623358796));
#2191=CARTESIAN_POINT('Ctrl Pts',(-32.2874999999999,-12.8595893043229,3.44184965623797));
#2192=CARTESIAN_POINT('Ctrl Pts',(-32.2874982638788,-12.8571861017673,3.43935040354117));
#2193=CARTESIAN_POINT('Ctrl Pts',(-32.2870725000312,-12.5619107650023,3.1316335384038));
#2194=CARTESIAN_POINT('Ctrl Pts',(-32.2609207016314,-12.3057314419144,2.78628379046536));
#2195=CARTESIAN_POINT('Ctrl Pts',(-32.1643430253182,-11.6814061499682,1.66889603610056));
#2196=CARTESIAN_POINT('Ctrl Pts',(-32.0876472813235,-11.4624999999972,0.809424021398469));
#2197=CARTESIAN_POINT('Ctrl Pts',(-32.0876472813235,-11.4624999999972,-0.859424021399516));
#2198=CARTESIAN_POINT('Ctrl Pts',(-32.1643430253182,-11.6814061499682,-1.71889603610161));
#2199=CARTESIAN_POINT('Ctrl Pts',(-32.2454887255386,-12.2059716076831,-2.65773837738539));
#2200=CARTESIAN_POINT('Ctrl Pts',(-32.2606086398674,-12.3272583810657,-2.84437536900529));
#2201=CARTESIAN_POINT('Ctrl Pts',(-32.2713191760352,-12.4600665591802,-3.02175266777777));
#2202=CARTESIAN_POINT('Origin',(-40.2874999999999,-16.4624999999972,-0.0250000000005279));
#2203=CARTESIAN_POINT('',(-37.2874999999999,-21.4624999999972,-0.0250000000005457));
#2204=CARTESIAN_POINT('Origin',(-37.2874999999999,-16.4624999999972,-0.0250000000005272));
#2205=CARTESIAN_POINT('',(-32.2874999999999,-21.4624999999972,-0.0250000000005267));
#2206=CARTESIAN_POINT('',(-40.2874999999999,-21.4624999999972,-0.0250000000005285));
#2207=CARTESIAN_POINT('Origin',(-32.2874999999999,-16.4624999999972,-0.0250000000005262));
#2208=CARTESIAN_POINT('Origin',(-32.2874999999999,-16.4624999999972,-0.0250000000005262));
#2209=CARTESIAN_POINT('Origin',(-27.2874999999999,-12.8619949366088,15.9289321881346));
#2210=CARTESIAN_POINT('Origin',(-27.2874999999999,-12.8619949366088,15.9289321881346));
#2211=CARTESIAN_POINT('Origin',(-27.2874999999999,-9.70514068711647,13.696699141101));
#2212=CARTESIAN_POINT('',(-32.2874999999999,-13.2115735424192,16.1761215908609));
#2213=CARTESIAN_POINT('Ctrl Pts',(-29.7874999999999,-11.4699536070137,20.2479111831851));
#2214=CARTESIAN_POINT('Ctrl Pts',(-29.89607568528,-11.465588080101,20.1680496861681));
#2215=CARTESIAN_POINT('Ctrl Pts',(-30.0005076857737,-11.463029835899,20.0857030549131));
#2216=CARTESIAN_POINT('Ctrl Pts',(-30.4929715211256,-11.4607808194944,19.673728042441));
#2217=CARTESIAN_POINT('Ctrl Pts',(-30.879029613933,-11.4928688729101,19.269119717683));
#2218=CARTESIAN_POINT('Ctrl Pts',(-31.5291187285972,-11.6938654655847,18.4079566351032));
#2219=CARTESIAN_POINT('Ctrl Pts',(-31.792944508019,-11.8650059800975,17.9517693840632));
#2220=CARTESIAN_POINT('Ctrl Pts',(-32.1402597837104,-12.3215792139644,17.1360558743684));
#2221=CARTESIAN_POINT('Ctrl Pts',(-32.2514797028312,-12.6293629252292,16.7237928058203));
#2222=CARTESIAN_POINT('Ctrl Pts',(-32.2849252720828,-13.0682537761733,16.30237391793));
#2223=CARTESIAN_POINT('Ctrl Pts',(-32.2874999999999,-13.1390630679178,16.2381731215024));
#2224=CARTESIAN_POINT('Ctrl Pts',(-32.2874999999999,-13.2115735424192,16.1761215908609));
#2225=CARTESIAN_POINT('',(-32.2874999999999,-9.70514068711647,13.696699141101));
#2226=CARTESIAN_POINT('Origin',(-1.40524883531857E-16,-2.99999999999997,
7.105427357601E-14));
#2227=CARTESIAN_POINT('',(11.,-2.99999999999997,6.97071620969479E-14));
#2228=CARTESIAN_POINT('Origin',(-37.2874999999999,-16.4624999999972,-0.0250000000005102));
#2229=CARTESIAN_POINT('',(-37.2874999999999,-18.9624999999972,-0.0250000000005102));
#2230=CARTESIAN_POINT('Origin',(-37.2874999999999,-16.4624999999972,-0.0250000000005102));
#2231=CARTESIAN_POINT('Origin',(-40.2874999999999,-16.4624999999972,-0.0250000000005279));
#2232=CARTESIAN_POINT('',(-40.2874999999999,-18.9624999999972,-0.0250000000005282));
#2233=CARTESIAN_POINT('Origin',(-40.2874999999999,-16.4624999999972,19.9749999999995));
#2234=CARTESIAN_POINT('',(-37.2874999999999,-21.4624999999972,19.9749999999995));
#2235=CARTESIAN_POINT('Origin',(-37.2874999999999,-16.4624999999972,19.9749999999995));
#2236=CARTESIAN_POINT('',(-30.3125000000005,-21.4624999999972,19.9749999999995));
#2237=CARTESIAN_POINT('',(-40.2874999999999,-21.4624999999972,19.9749999999995));
#2238=CARTESIAN_POINT('',(-30.8230339059326,-21.4363672208721,19.4644660940674));
#2239=CARTESIAN_POINT('Origin',(-30.3125000000005,-16.4624999999972,19.9749999999995));
#2240=CARTESIAN_POINT('',(-32.2874999999999,-19.4000730223731,15.9289321881346));
#2241=CARTESIAN_POINT('Ctrl Pts',(-32.2874999999999,-19.4000730223731,15.9289321881346));
#2242=CARTESIAN_POINT('Ctrl Pts',(-32.2874999999999,-19.7482369963305,16.1817102296348));
#2243=CARTESIAN_POINT('Ctrl Pts',(-32.2677801951431,-20.0589858039711,16.4772251302232));
#2244=CARTESIAN_POINT('Ctrl Pts',(-32.1633896034592,-20.5485441598379,17.0710930024679));
#2245=CARTESIAN_POINT('Ctrl Pts',(-32.0809559166537,-20.7608517993505,17.3942723001786));
#2246=CARTESIAN_POINT('Ctrl Pts',(-31.8277290289017,-21.092951675721,18.0527877153822));
#2247=CARTESIAN_POINT('Ctrl Pts',(-31.6557024187497,-21.2135120946965,18.3872610443978));
#2248=CARTESIAN_POINT('Ctrl Pts',(-31.2793487480408,-21.366279804278,18.95786533058));
#2249=CARTESIAN_POINT('Ctrl Pts',(-31.0652289152093,-21.4115075375327,19.2222710847907));
#2250=CARTESIAN_POINT('Ctrl Pts',(-30.8230339059326,-21.4363672208721,19.4644660940674));
#2251=CARTESIAN_POINT('Origin',(-32.2874999999999,-16.4624999999972,19.9749999999995));
#2252=CARTESIAN_POINT('',(-25.1569442655769,-14.9293752211926,24.7341520686579));
#2253=CARTESIAN_POINT('Ctrl Pts',(-25.1569442655839,-14.9293752212053,24.734152068662));
#2254=CARTESIAN_POINT('Ctrl Pts',(-25.1596386492855,-14.9293752212061,24.7341520686622));
#2255=CARTESIAN_POINT('Ctrl Pts',(-25.1618553359513,-14.9289108978219,24.73400251502));
#2256=CARTESIAN_POINT('Ctrl Pts',(-25.165736918764,-14.9275089980434,24.7335505399531));
#2257=CARTESIAN_POINT('Ctrl Pts',(-25.1674142837123,-14.926602927541,24.733258169659));
#2258=CARTESIAN_POINT('Ctrl Pts',(-25.1720372313849,-14.9233897740649,24.7322204484905));
#2259=CARTESIAN_POINT('Ctrl Pts',(-25.1747109097163,-14.9208724898998,24.7314055768605));
#2260=CARTESIAN_POINT('Ctrl Pts',(-25.1827491613885,-14.9121596143771,24.7285756914561));
#2261=CARTESIAN_POINT('Ctrl Pts',(-25.1879425011912,-14.9051750381119,24.7262952258248));
#2262=CARTESIAN_POINT('Ctrl Pts',(-25.2046409494067,-14.8816723331941,24.7185490328513));
#2263=CARTESIAN_POINT('Ctrl Pts',(-25.2168547394068,-14.8631161261725,24.7123311767424));
#2264=CARTESIAN_POINT('Ctrl Pts',(-25.2751901256798,-14.7741564479755,24.6819337873482));
#2265=CARTESIAN_POINT('Ctrl Pts',(-25.3303725114452,-14.6882605519077,24.650241612709));
#2266=CARTESIAN_POINT('Ctrl Pts',(-25.5432745438994,-14.3611586777074,24.5203696941762));
#2267=CARTESIAN_POINT('Ctrl Pts',(-25.7415665171792,-14.0645501765142,24.3712574914786));
#2268=CARTESIAN_POINT('Ctrl Pts',(-26.1179868216793,-13.5193135685103,24.0333031318421));
#2269=CARTESIAN_POINT('Ctrl Pts',(-26.3462837708906,-13.2017538488379,23.7869486307386));
#2270=CARTESIAN_POINT('Ctrl Pts',(-26.6701780605141,-12.7762046056216,23.3589258964841));
#2271=CARTESIAN_POINT('Ctrl Pts',(-26.7744995558443,-12.6432714316057,23.2080852192217));
#2272=CARTESIAN_POINT('Ctrl Pts',(-26.8735646831527,-12.5212112428726,23.0517260087567));
#2273=CARTESIAN_POINT('',(-40.2874999999999,-14.9293752211926,24.7341520686579));
#2274=CARTESIAN_POINT('',(-23.2467329448692,-17.9956247788019,24.7341520686579));
#2275=CARTESIAN_POINT('',(-40.2874999999999,-17.9956247788019,24.7341520686579));
#2276=CARTESIAN_POINT('',(-28.2228928325476,-21.0049158644607,22.0646071674524));
#2277=CARTESIAN_POINT('Ctrl Pts',(-28.2228928325476,-21.0049158644607,22.0646071674524));
#2278=CARTESIAN_POINT('Ctrl Pts',(-27.8081537139621,-20.8141271166493,22.4793462860379));
#2279=CARTESIAN_POINT('Ctrl Pts',(-27.3242777050202,-20.5621945625979,22.8710491614528));
#2280=CARTESIAN_POINT('Ctrl Pts',(-26.3054300745248,-19.9857264948768,23.5512891116244));
#2281=CARTESIAN_POINT('Ctrl Pts',(-25.7697875304722,-19.6601260283751,23.8381234529589));
#2282=CARTESIAN_POINT('Ctrl Pts',(-24.9235818421696,-19.122321001617,24.2176146763164));
#2283=CARTESIAN_POINT('Ctrl Pts',(-24.5415909748957,-18.8716582317853,24.3641435637107));
#2284=CARTESIAN_POINT('Ctrl Pts',(-24.0169486547143,-18.5177708181557,24.5349362244653));
#2285=CARTESIAN_POINT('Ctrl Pts',(-23.8437191195627,-18.3992695092503,24.5861313404397));
#2286=CARTESIAN_POINT('Ctrl Pts',(-23.6080523223294,-18.2364033136405,24.6501116716013));
#2287=CARTESIAN_POINT('Ctrl Pts',(-23.5307913469618,-18.182695546836,24.6700765826941));
#2288=CARTESIAN_POINT('Ctrl Pts',(-23.4230254277355,-18.1076574838671,24.6966693089299));
#2289=CARTESIAN_POINT('Ctrl Pts',(-23.3874770727188,-18.0829882663183,24.7051857005697));
#2290=CARTESIAN_POINT('Ctrl Pts',(-23.3363963579889,-18.047482929585,24.7171490564486));
#2291=CARTESIAN_POINT('Ctrl Pts',(-23.3194767050974,-18.0358979888029,24.7210047405856));
#2292=CARTESIAN_POINT('Ctrl Pts',(-23.2941654420443,-18.0189885164605,24.7265658479744));
#2293=CARTESIAN_POINT('Ctrl Pts',(-23.2857870459653,-18.0134756371612,24.7283678205428));
#2294=CARTESIAN_POINT('Ctrl Pts',(-23.2726271459364,-18.0055228064008,24.7309529430825));
#2295=CARTESIAN_POINT('Ctrl Pts',(-23.2682051963425,-18.0029440135064,24.7317886609477));
#2296=CARTESIAN_POINT('Ctrl Pts',(-23.2585981515867,-17.9982299850924,24.7333126800952));
#2297=CARTESIAN_POINT('Ctrl Pts',(-23.2536757693644,-17.9956247788018,24.7341520686579));
#2298=CARTESIAN_POINT('Ctrl Pts',(-23.2467329448692,-17.9956247788018,24.7341520686579));
#2299=CARTESIAN_POINT('Origin',(-30.3125000000005,-16.4624999999972,19.9749999999995));
#2300=CARTESIAN_POINT('Origin',(-37.2874999999999,-16.4624999999972,19.9749999999995));
#2301=CARTESIAN_POINT('',(-37.2874999999999,-18.9624999999972,19.9749999999995));
#2302=CARTESIAN_POINT('Origin',(-37.2874999999999,-16.4624999999972,19.9749999999995));
#2303=CARTESIAN_POINT('Origin',(-40.2874999999999,-16.4624999999972,19.9749999999995));
#2304=CARTESIAN_POINT('',(-40.2874999999999,-18.9624999999972,19.9749999999995));
#2305=CARTESIAN_POINT('Origin',(-48.9874999999999,-0.712499999997184,-19.4999999999999));
#2306=CARTESIAN_POINT('',(-48.9874999999999,-6.46249999999718,-11.9999999999999));
#2307=CARTESIAN_POINT('',(-48.9874999999999,-6.46249999999718,-11.9999999999999));
#2308=CARTESIAN_POINT('',(-48.9874999999999,-6.46249999999718,-11.9999999999999));
#2309=CARTESIAN_POINT('Origin',(-44.4874999999999,-6.46249999999718,-26.9999999999999));
#2310=CARTESIAN_POINT('',(-46.7374999999999,-6.46249999999718,-11.9999999999999));
#2311=CARTESIAN_POINT('Origin',(-32.2874999999999,-24.7124999999972,3.99999999999945));
#2312=CARTESIAN_POINT('',(-32.2874999999999,-22.2124999999972,15.9289321881346));
#2313=CARTESIAN_POINT('',(-32.2874999999999,-26.4624999999972,13.9999999999995));
#2314=CARTESIAN_POINT('',(-32.2874999999999,-26.4624999999972,29.9999999999995));
#2315=CARTESIAN_POINT('',(-32.2874999999999,-30.4624999999972,9.99999999999947));
#2316=CARTESIAN_POINT('Origin',(-32.2874999999999,-30.4624999999972,13.9999999999995));
#2317=CARTESIAN_POINT('',(-32.2874999999999,-42.4624999999972,9.99999999999947));
#2318=CARTESIAN_POINT('',(-32.2874999999999,-30.4624999999972,9.99999999999947));
#2319=CARTESIAN_POINT('Origin',(-32.2874999999999,-42.4624999999972,5.99999999999947));
#2320=CARTESIAN_POINT('',(-32.2874999999999,-40.7124999999972,-5.36090327245338E-13));
#2321=CARTESIAN_POINT('Origin',(-32.2874999999999,-36.4624999999972,-5.355698523557E-13));
#2322=CARTESIAN_POINT('Origin',(-32.2874999999999,-36.4624999999972,-5.355698523557E-13));
#2323=CARTESIAN_POINT('Ctrl Pts',(-22.7007094745836,-6.20413663019818,21.535533927762));
#2324=CARTESIAN_POINT('Ctrl Pts',(-23.7284743975927,-7.23180514841807,21.5354657592818));
#2325=CARTESIAN_POINT('Ctrl Pts',(-24.5303041270272,-8.25933010200659,21.6950563827626));
#2326=CARTESIAN_POINT('Ctrl Pts',(-25.0686275663213,-9.23856506057097,22.0068279079419));
#2327=CARTESIAN_POINT('Ctrl Pts',(-22.0461905021878,-6.8587776232465,22.4612515642651));
#2328=CARTESIAN_POINT('Ctrl Pts',(-23.0387056945587,-7.73116959246921,22.3735820636387));
#2329=CARTESIAN_POINT('Ctrl Pts',(-23.8162089881028,-8.60430419567725,22.4447631372966));
#2330=CARTESIAN_POINT('Ctrl Pts',(-24.337648158671,-9.43224479188632,22.6606601229771));
#2331=CARTESIAN_POINT('Ctrl Pts',(-21.126201085159,-7.77888820247991,23.0001331904587));
#2332=CARTESIAN_POINT('Ctrl Pts',(-22.1350878551218,-8.44572302847908,22.9028929363449));
#2333=CARTESIAN_POINT('Ctrl Pts',(-22.9244500812971,-9.12808460228807,22.9381742018868));
#2334=CARTESIAN_POINT('Ctrl Pts',(-23.4539841403113,-9.77974823791096,23.0949860182152));
#2335=CARTESIAN_POINT('Ctrl Pts',(-20.2005267117153,-8.7046484943934,22.9999999916201));
#2336=CARTESIAN_POINT('Ctrl Pts',(-21.2282953626853,-9.21845253878802,22.9999851019365));
#2337=CARTESIAN_POINT('Ctrl Pts',(-22.0301275541521,-9.73218172091708,23.0797892031144));
#2338=CARTESIAN_POINT('Ctrl Pts',(-22.5684527291341,-10.2217671996897,23.2356747820744));
#2339=CARTESIAN_POINT('',(-22.5682827618625,-10.2213663516735,23.2355471746076));
#2340=CARTESIAN_POINT('Origin',(-6.05923205044952,-8.70479479892397,28.0000000000001));
#2341=CARTESIAN_POINT('Origin',(-22.5682827618625,-11.737937904423,18.471094349215));
#2342=CARTESIAN_POINT('Origin',(-22.9124999999999,-8.70479479892398,28.0000000000001));
#2343=CARTESIAN_POINT('',(-22.9124999999999,-10.2213663516735,23.2355471746076));
#2344=CARTESIAN_POINT('Origin',(-23.721537007076,-13.8353659410686,19.1387260397553));
#2345=CARTESIAN_POINT('',(-23.721537007076,-12.3187943883191,23.9031788651478));
#2346=CARTESIAN_POINT('Origin',(-40.2874999999999,-12.2053739341457,23.867076034329));
#2347=CARTESIAN_POINT('Origin',(-25.0426712338528,-22.1211630491369,18.1737609542817));
#2348=CARTESIAN_POINT('',(-28.5782051397856,-22.1211630491369,21.7092948602145));
#2349=CARTESIAN_POINT('',(-25.0426712338528,-23.6377346018864,22.9382137796742));
#2350=CARTESIAN_POINT('Origin',(-29.7874999999999,-19.7124999999972,20.5000000000001));
#2351=CARTESIAN_POINT('',(-30.8230339059326,-22.2124999999972,19.4644660940674));
#2352=CARTESIAN_POINT('Origin',(-27.2874999999999,-22.2124999999972,15.9289321881346));
#2353=CARTESIAN_POINT('Origin',(-40.2874999999999,-20.7196260658487,23.867076034329));
#2354=CARTESIAN_POINT('Origin',(-37.2874999999999,-36.4624999999972,-5.32907051820075E-13));
#2355=CARTESIAN_POINT('',(-37.2874999999999,-40.7124999999972,-5.32907051820075E-13));
#2356=CARTESIAN_POINT('Origin',(-37.2874999999999,-36.4624999999972,-5.36681159582497E-13));
#2357=CARTESIAN_POINT('',(-37.2874999999999,-38.9624999999972,-5.32907051820075E-13));
#2358=CARTESIAN_POINT('Origin',(-37.2874999999999,-36.4624999999972,-5.32907051820075E-13));
#2359=CARTESIAN_POINT('Origin',(-44.4874999999999,-6.46249999999718,-11.9999999999999));
#2360=CARTESIAN_POINT('Origin',(-15.5,-2.99999999999997,15.5));
#2361=CARTESIAN_POINT('',(-14.,-2.99999999999997,15.5));
#2362=CARTESIAN_POINT('Origin',(15.5,-2.99999999999997,-15.4999999999999));
#2363=CARTESIAN_POINT('',(17.,-2.99999999999997,-15.4999999999999));
#2364=CARTESIAN_POINT('Origin',(15.5,-2.99999999999997,15.5));
#2365=CARTESIAN_POINT('',(17.,-2.99999999999997,15.5));
#2366=CARTESIAN_POINT('Origin',(-15.5,-2.99999999999997,-15.4999999999999));
#2367=CARTESIAN_POINT('',(-14.,-2.99999999999997,-15.4999999999999));
#2368=CARTESIAN_POINT('Origin',(-40.2874999999999,-22.4624999999972,25.9999999999994));
#2369=CARTESIAN_POINT('',(-40.2874999999999,-26.4624999999972,25.9999999999994));
#2370=CARTESIAN_POINT('Origin',(-40.2874999999999,-36.4624999999972,-5.37347943918576E-13));
#2371=CARTESIAN_POINT('',(-40.2874999999999,-38.9624999999972,-5.37654105618363E-13));
#2372=CARTESIAN_POINT('Origin',(-40.2874999999999,-36.4624999999972,-5.37347943918576E-13));
#2373=CARTESIAN_POINT('',(-40.2874999999999,-40.7124999999972,-5.37868418808214E-13));
#2374=CARTESIAN_POINT('Origin',(-40.2874999999999,-30.4624999999972,13.9999999999995));
#2375=CARTESIAN_POINT('',(-40.2874999999999,-30.4624999999972,9.99999999999947));
#2376=CARTESIAN_POINT('',(-40.2874999999999,-26.4624999999972,13.9999999999995));
#2377=CARTESIAN_POINT('Origin',(-40.2874999999999,-26.4624999999972,29.9999999999995));
#2378=CARTESIAN_POINT('Origin',(-40.2874999999999,-42.4624999999972,5.99999999999946));
#2379=CARTESIAN_POINT('',(-40.2874999999999,-42.4624999999972,9.99999999999947));
#2380=CARTESIAN_POINT('Origin',(-40.2874999999999,-30.4624999999972,9.99999999999947));
#2381=UNCERTAINTY_MEASURE_WITH_UNIT(LENGTH_MEASURE(0.01),#2385,
'DISTANCE_ACCURACY_VALUE',
'Maximum model space distance between geometric entities at asserted c
onnectivities');
#2382=UNCERTAINTY_MEASURE_WITH_UNIT(LENGTH_MEASURE(0.01),#2385,
'DISTANCE_ACCURACY_VALUE',
'Maximum model space distance between geometric entities at asserted c
onnectivities');
#2383=(
GEOMETRIC_REPRESENTATION_CONTEXT(3)
GLOBAL_UNCERTAINTY_ASSIGNED_CONTEXT((#2381))
GLOBAL_UNIT_ASSIGNED_CONTEXT((#2385,#2387,#2388))
REPRESENTATION_CONTEXT('','3D')
);
#2384=(
GEOMETRIC_REPRESENTATION_CONTEXT(3)
GLOBAL_UNCERTAINTY_ASSIGNED_CONTEXT((#2382))
GLOBAL_UNIT_ASSIGNED_CONTEXT((#2385,#2387,#2388))
REPRESENTATION_CONTEXT('','3D')
);
#2385=(
LENGTH_UNIT()
NAMED_UNIT(*)
SI_UNIT(.MILLI.,.METRE.)
);
#2386=(
LENGTH_UNIT()
NAMED_UNIT(*)
SI_UNIT($,.METRE.)
);
#2387=(
NAMED_UNIT(*)
PLANE_ANGLE_UNIT()
SI_UNIT($,.RADIAN.)
);
#2388=(
NAMED_UNIT(*)
SI_UNIT($,.STERADIAN.)
SOLID_ANGLE_UNIT()
);
#2389=SHAPE_DEFINITION_REPRESENTATION(#2390,#2391);
#2390=PRODUCT_DEFINITION_SHAPE('',$,#2393);
#2391=SHAPE_REPRESENTATION('',(#1218),#2383);
#2392=PRODUCT_DEFINITION_CONTEXT('part definition',#2397,'design');
#2393=PRODUCT_DEFINITION('driving-stepper-mount-body',
'X stepper mount BACK - ADjusted for dual Y - ONLY BRACKET v1',#2394,#2392);
#2394=PRODUCT_DEFINITION_FORMATION('',$,#2399);
#2395=PRODUCT_RELATED_PRODUCT_CATEGORY(
'X stepper mount BACK - ADjusted for dual Y - ONLY BRACKET v1',
'X stepper mount BACK - ADjusted for dual Y - ONLY BRACKET v1',(#2399));
#2396=APPLICATION_PROTOCOL_DEFINITION('international standard',
'automotive_design',2009,#2397);
#2397=APPLICATION_CONTEXT(
'Core Data for Automotive Mechanical Design Process');
#2398=PRODUCT_CONTEXT('part definition',#2397,'mechanical');
#2399=PRODUCT('driving-stepper-mount-body',
'X stepper mount BACK - ADjusted for dual Y - ONLY BRACKET v1',$,(#2398));
#2400=PRESENTATION_STYLE_ASSIGNMENT((#2402));
#2401=PRESENTATION_STYLE_ASSIGNMENT((#2403));
#2402=SURFACE_STYLE_USAGE(.BOTH.,#2404);
#2403=SURFACE_STYLE_USAGE(.BOTH.,#2405);
#2404=SURFACE_SIDE_STYLE('',(#2406));
#2405=SURFACE_SIDE_STYLE('',(#2407));
#2406=SURFACE_STYLE_FILL_AREA(#2408);
#2407=SURFACE_STYLE_FILL_AREA(#2409);
#2408=FILL_AREA_STYLE('Steel - Satin',(#2410));
#2409=FILL_AREA_STYLE('Opaque(42,220,210)',(#2411));
#2410=FILL_AREA_STYLE_COLOUR('Steel - Satin',#2412);
#2411=FILL_AREA_STYLE_COLOUR('Opaque(42,220,210)',#2413);
#2412=COLOUR_RGB('Steel - Satin',0.627450980392157,0.627450980392157,0.627450980392157);
#2413=COLOUR_RGB('Opaque(42,220,210)',0.164705882352941,0.862745098039216,
0.823529411764706);
ENDSEC;
END-ISO-10303-21;
