ISO-10303-21;
HEADER;
/* Generated by software containing ST-Developer
 * from STEP Tools, Inc. (www.steptools.com) 
 */

FILE_DESCRIPTION(
/* description */ (''),
/* implementation_level */ '2;1');

FILE_NAME(
/* name */ 'X stepper mount + tensioner Front.step',
/* time_stamp */ '2026-03-24T20:08:12+01:00',
/* author */ (''),
/* organization */ (''),
/* preprocessor_version */ 'ST-DEVELOPER v20.1',
/* originating_system */ 'Autodesk Translation Framework v14.24.0.0',
/* authorisation */ '');

FILE_SCHEMA (('AUTOMOTIVE_DESIGN { 1 0 10303 214 3 1 1 }'));
ENDSEC;

DATA;
#10=MECHANICAL_DESIGN_GEOMETRIC_PRESENTATION_REPRESENTATION('',(#13),#6315);
#11=SHAPE_REPRESENTATION_RELATIONSHIP('SRR','None',#6322,#12);
#12=ADVANCED_BREP_SHAPE_REPRESENTATION('',(#14),#6314);
#13=STYLED_ITEM('',(#6332),#14);
#14=MANIFOLD_SOLID_BREP('Body1',#3131);
#15=SPHERICAL_SURFACE('',#3331,1.);
#16=SPHERICAL_SURFACE('',#3382,1.);
#17=SPHERICAL_SURFACE('',#3460,5.);
#18=CONICAL_SURFACE('',#3263,2.99999999999999,0.785398163397419);
#19=CONICAL_SURFACE('',#3268,2.99999999999999,0.785398163396945);
#20=(
BOUNDED_SURFACE()
B_SPLINE_SURFACE(2,2,((#5005,#5006,#5007,#5008,#5009,#5010,#5011,#5012,
#5013),(#5014,#5015,#5016,#5017,#5018,#5019,#5020,#5021,#5022),(#5023,#5024,
#5025,#5026,#5027,#5028,#5029,#5030,#5031)),.UNSPECIFIED.,.F.,.T.,.F.)
B_SPLINE_SURFACE_WITH_KNOTS((3,3),(3,2,2,2,3),(-1.57079632679472,-0.993310510886067),
(-3.14159265358979,-1.5707963267949,0.,1.5707963267949,3.14159265358979),
 .UNSPECIFIED.)
GEOMETRIC_REPRESENTATION_ITEM()
RATIONAL_B_SPLINE_SURFACE(((1.,0.707106781186548,1.,0.707106781186548,1.,
0.707106781186548,1.,0.707106781186548,1.),(0.958602586538714,0.677834389404489,
0.958602586538714,0.677834389404489,0.958602586538714,0.677834389404489,
0.958602586538714,0.677834389404489,0.958602586538714),(1.,0.707106781186548,
1.,0.707106781186548,1.,0.707106781186548,1.,0.707106781186548,1.)))
REPRESENTATION_ITEM('')
SURFACE()
);
#21=(
BOUNDED_SURFACE()
B_SPLINE_SURFACE(2,2,((#5043,#5044,#5045,#5046,#5047,#5048,#5049,#5050,
#5051),(#5052,#5053,#5054,#5055,#5056,#5057,#5058,#5059,#5060),(#5061,#5062,
#5063,#5064,#5065,#5066,#5067,#5068,#5069)),.UNSPECIFIED.,.F.,.T.,.F.)
B_SPLINE_SURFACE_WITH_KNOTS((3,3),(3,2,2,2,3),(-1.57079632679609,-0.993310510886915),
(-3.14159265358979,-1.5707963267949,0.,1.5707963267949,3.14159265358979),
 .UNSPECIFIED.)
GEOMETRIC_REPRESENTATION_ITEM()
RATIONAL_B_SPLINE_SURFACE(((1.,0.707106781186548,1.,0.707106781186548,1.,
0.707106781186548,1.,0.707106781186548,1.),(0.958602586538619,0.677834389404422,
0.958602586538619,0.677834389404422,0.958602586538619,0.677834389404422,
0.958602586538619,0.677834389404422,0.958602586538619),(1.,0.707106781186548,
1.,0.707106781186548,1.,0.707106781186548,1.,0.707106781186548,1.)))
REPRESENTATION_ITEM('')
SURFACE()
);
#22=(
BOUNDED_SURFACE()
B_SPLINE_SURFACE(2,2,((#5092,#5093,#5094,#5095,#5096,#5097,#5098),(#5099,
#5100,#5101,#5102,#5103,#5104,#5105),(#5106,#5107,#5108,#5109,#5110,#5111,
#5112)),.UNSPECIFIED.,.F.,.F.,.F.)
B_SPLINE_SURFACE_WITH_KNOTS((3,3),(3,2,2,3),(-1.57079632679682,-0.993310510886062),
(-2.08944761041504,-0.696482536805396,0.696482536804246,2.08944761041389),
 .UNSPECIFIED.)
GEOMETRIC_REPRESENTATION_ITEM()
RATIONAL_B_SPLINE_SURFACE(((1.,0.767103463098108,1.,0.767103463098108,1.,
0.767103463098108,1.),(0.958602586538445,0.735347363868445,0.958602586538445,
0.735347363868445,0.958602586538445,0.735347363868445,0.958602586538445),
(1.,0.767103463098108,1.,0.767103463098108,1.,0.767103463098108,1.)))
REPRESENTATION_ITEM('')
SURFACE()
);
#23=(
BOUNDED_SURFACE()
B_SPLINE_SURFACE(2,2,((#5137,#5138,#5139,#5140,#5141,#5142,#5143,#5144,
#5145),(#5146,#5147,#5148,#5149,#5150,#5151,#5152,#5153,#5154),(#5155,#5156,
#5157,#5158,#5159,#5160,#5161,#5162,#5163)),.UNSPECIFIED.,.F.,.T.,.F.)
B_SPLINE_SURFACE_WITH_KNOTS((3,3),(3,2,2,2,3),(-1.57079632679449,-0.99331051088785),
(-3.14159265358979,-1.5707963267949,0.,1.5707963267949,3.14159265358979),
 .UNSPECIFIED.)
GEOMETRIC_REPRESENTATION_ITEM()
RATIONAL_B_SPLINE_SURFACE(((1.,0.707106781186548,1.,0.707106781186548,1.,
0.707106781186548,1.,0.707106781186548,1.),(0.958602586539106,0.677834389404766,
0.958602586539106,0.677834389404766,0.958602586539106,0.677834389404766,
0.958602586539106,0.677834389404766,0.958602586539106),(1.,0.707106781186548,
1.,0.707106781186548,1.,0.707106781186548,1.,0.707106781186548,1.)))
REPRESENTATION_ITEM('')
SURFACE()
);
#24=(
BOUNDED_SURFACE()
B_SPLINE_SURFACE(2,2,((#5175,#5176,#5177,#5178,#5179,#5180,#5181,#5182,
#5183),(#5184,#5185,#5186,#5187,#5188,#5189,#5190,#5191,#5192),(#5193,#5194,
#5195,#5196,#5197,#5198,#5199,#5200,#5201)),.UNSPECIFIED.,.F.,.T.,.F.)
B_SPLINE_SURFACE_WITH_KNOTS((3,3),(3,2,2,2,3),(-1.57079632679581,-0.993310510887538),
(-3.14159265358979,-1.5707963267949,0.,1.5707963267949,3.14159265358979),
 .UNSPECIFIED.)
GEOMETRIC_REPRESENTATION_ITEM()
RATIONAL_B_SPLINE_SURFACE(((1.,0.707106781186548,1.,0.707106781186548,1.,
0.707106781186548,1.,0.707106781186548,1.),(0.958602586538675,0.677834389404462,
0.958602586538675,0.677834389404462,0.958602586538675,0.677834389404462,
0.958602586538675,0.677834389404462,0.958602586538675),(1.,0.707106781186548,
1.,0.707106781186548,1.,0.707106781186548,1.,0.707106781186548,1.)))
REPRESENTATION_ITEM('')
SURFACE()
);
#25=(
BOUNDED_SURFACE()
B_SPLINE_SURFACE(2,2,((#5213,#5214,#5215,#5216,#5217,#5218,#5219,#5220,
#5221),(#5222,#5223,#5224,#5225,#5226,#5227,#5228,#5229,#5230),(#5231,#5232,
#5233,#5234,#5235,#5236,#5237,#5238,#5239)),.UNSPECIFIED.,.F.,.T.,.F.)
B_SPLINE_SURFACE_WITH_KNOTS((3,3),(3,2,2,2,3),(-1.57079632679668,-0.993310510885679),
(-3.14159265358979,-1.5707963267949,0.,1.5707963267949,3.14159265358979),
 .UNSPECIFIED.)
GEOMETRIC_REPRESENTATION_ITEM()
RATIONAL_B_SPLINE_SURFACE(((1.,0.707106781186548,1.,0.707106781186548,1.,
0.707106781186548,1.,0.707106781186548,1.),(0.958602586538356,0.677834389404236,
0.958602586538356,0.677834389404236,0.958602586538356,0.677834389404236,
0.958602586538356,0.677834389404236,0.958602586538356),(1.,0.707106781186548,
1.,0.707106781186548,1.,0.707106781186548,1.,0.707106781186548,1.)))
REPRESENTATION_ITEM('')
SURFACE()
);
#26=(
BOUNDED_SURFACE()
B_SPLINE_SURFACE(2,2,((#6262,#6263,#6264),(#6265,#6266,#6267),(#6268,#6269,
#6270)),.UNSPECIFIED.,.F.,.F.,.F.)
B_SPLINE_SURFACE_WITH_KNOTS((3,3),(3,3),(-1.5707963267949,4.07990474065615E-15),
(-3.14159265358979,-1.5707963267949),.UNSPECIFIED.)
GEOMETRIC_REPRESENTATION_ITEM()
RATIONAL_B_SPLINE_SURFACE(((1.,0.707106781186548,1.),(0.707106781186536,
0.499999999999992,0.707106781186536),(1.,0.707106781186548,1.)))
REPRESENTATION_ITEM('')
SURFACE()
);
#27=(
BOUNDED_SURFACE()
B_SPLINE_SURFACE(2,2,((#6278,#6279,#6280),(#6281,#6282,#6283),(#6284,#6285,
#6286)),.UNSPECIFIED.,.F.,.F.,.F.)
B_SPLINE_SURFACE_WITH_KNOTS((3,3),(3,3),(-1.5707963267949,8.88178419700128E-16),
(-3.14159265358979,-1.5707963267949),.UNSPECIFIED.)
GEOMETRIC_REPRESENTATION_ITEM()
RATIONAL_B_SPLINE_SURFACE(((1.,0.707106781186548,1.),(0.707106781186538,
0.499999999999993,0.707106781186538),(1.,0.707106781186548,1.)))
REPRESENTATION_ITEM('')
SURFACE()
);
#28=TOROIDAL_SURFACE('',#3183,7.5,0.5);
#29=TOROIDAL_SURFACE('',#3193,1.,0.5);
#30=TOROIDAL_SURFACE('',#3207,1.,0.5);
#31=TOROIDAL_SURFACE('',#3219,2.57375284799059,2.);
#32=TOROIDAL_SURFACE('',#3226,2.57375284799042,2.);
#33=TOROIDAL_SURFACE('',#3233,2.57375284799029,2.);
#34=TOROIDAL_SURFACE('',#3237,2.57375284799074,2.);
#35=TOROIDAL_SURFACE('',#3243,2.57375284799043,2.);
#36=TOROIDAL_SURFACE('',#3250,2.57375284799061,2.);
#37=TOROIDAL_SURFACE('',#3283,7.,1.);
#38=TOROIDAL_SURFACE('',#3286,7.,1.);
#39=TOROIDAL_SURFACE('',#3294,7.,1.);
#40=TOROIDAL_SURFACE('',#3298,7.,1.);
#41=TOROIDAL_SURFACE('',#3308,3.84999999999997,1.);
#42=TOROIDAL_SURFACE('',#3313,3.84999999999997,1.);
#43=TOROIDAL_SURFACE('',#3322,3.34999999999997,0.5);
#44=TOROIDAL_SURFACE('',#3326,3.34999999999997,0.5);
#45=TOROIDAL_SURFACE('',#3352,2.05000000000001,0.5);
#46=TOROIDAL_SURFACE('',#3356,2.05000000000001,0.5);
#47=TOROIDAL_SURFACE('',#3364,2.05000000000001,0.5);
#48=TOROIDAL_SURFACE('',#3369,2.05000000000001,0.5);
#49=TOROIDAL_SURFACE('',#3373,7.,1.);
#50=TOROIDAL_SURFACE('',#3500,2.,0.5);
#51=TOROIDAL_SURFACE('',#3515,6.,2.);
#52=B_SPLINE_CURVE_WITH_KNOTS('',3,(#4656,#4657,#4658,#4659,#4660,#4661,
#4662,#4663,#4664,#4665,#4666,#4667),.UNSPECIFIED.,.F.,.F.,(4,1,1,1,1,1,
1,2,4),(1.49250360226637E-10,0.0531195533071346,0.0796793299607019,0.106239106614269,
0.132798883267837,0.159358659921404,0.212478213228538,0.265597766535673,
0.266117085119453),.UNSPECIFIED.);
#53=B_SPLINE_CURVE_WITH_KNOTS('',3,(#4668,#4669,#4670,#4671,#4672,#4673,
#4674,#4675,#4676,#4677,#4678,#4679),.UNSPECIFIED.,.F.,.F.,(4,2,1,1,1,1,
1,1,4),(-0.266117085119453,-0.265597766535673,-0.212478213228538,-0.159358659921404,
-0.132798883267837,-0.106239106614269,-0.0796793299607019,-0.0531195533071346,
0.),.UNSPECIFIED.);
#54=B_SPLINE_CURVE_WITH_KNOTS('',3,(#4777,#4778,#4779,#4780),
 .UNSPECIFIED.,.F.,.F.,(4,4),(0.,0.268706162996504),.UNSPECIFIED.);
#55=B_SPLINE_CURVE_WITH_KNOTS('',3,(#4792,#4793,#4794,#4795,#4796,#4797,
#4798,#4799,#4800,#4801),.UNSPECIFIED.,.F.,.F.,(4,1,1,1,1,1,1,4),(1.83144439004015E-15,
0.0598283727751542,0.119656745550307,0.179485118325459,0.239313491100611,
0.299141863875764,0.358970236650916,0.418798609426069),.UNSPECIFIED.);
#56=B_SPLINE_CURVE_WITH_KNOTS('',3,(#4803,#4804,#4805,#4806),
 .UNSPECIFIED.,.F.,.F.,(4,4),(1.11919640928411E-29,0.0604455220313078),
 .UNSPECIFIED.);
#57=B_SPLINE_CURVE_WITH_KNOTS('',3,(#4880,#4881,#4882,#4883,#4884,#4885,
#4886,#4887,#4888,#4889,#4890,#4891,#4892,#4893,#4894,#4895),
 .UNSPECIFIED.,.F.,.F.,(4,2,2,2,2,2,2,4),(-0.0604455220313078,-0.0510863132343262,
-0.0417239450939906,-0.0323455523757588,-0.0229256877278968,-0.0134848283980675,
-0.00401751263000286,-1.11919640928411E-29),.UNSPECIFIED.);
#58=B_SPLINE_CURVE_WITH_KNOTS('',3,(#4949,#4950,#4951,#4952,#4953,#4954,
#4955,#4956,#4957,#4958),.UNSPECIFIED.,.F.,.F.,(4,1,1,1,1,1,1,4),(-0.418798609426069,
-0.358970236650916,-0.299141863875764,-0.239313491100611,-0.179485118325459,
-0.119656745550307,-0.0598283727751542,-1.83144439004015E-15),
 .UNSPECIFIED.);
#59=B_SPLINE_CURVE_WITH_KNOTS('',3,(#4981,#4982,#4983,#4984,#4985,#4986,
#4987,#4988,#4989,#4990,#4991,#4992,#4993,#4994,#4995,#4996),
 .UNSPECIFIED.,.F.,.F.,(4,2,2,2,2,2,2,4),(-0.0604455158366629,-0.0509787737763374,
-0.0415332856020065,-0.0321155891541161,-0.0227342117051253,-0.0133704866223195,
-0.00401171923167083,-7.73784340530079E-15),.UNSPECIFIED.);
#60=B_SPLINE_CURVE_WITH_KNOTS('',3,(#5076,#5077,#5078,#5079,#5080,#5081),
 .UNSPECIFIED.,.F.,.F.,(4,2,4),(0.17989374335136,0.234094084445589,0.29043407291686),
 .UNSPECIFIED.);
#61=B_SPLINE_CURVE_WITH_KNOTS('',3,(#5085,#5086,#5087,#5088,#5089,#5090),
 .UNSPECIFIED.,.F.,.F.,(4,2,4),(1.97527545101479,2.03161543948601,2.08581578058027),
 .UNSPECIFIED.);
#62=B_SPLINE_CURVE_WITH_KNOTS('',3,(#5114,#5115,#5116,#5117,#5118,#5119,
#5120,#5121),.UNSPECIFIED.,.F.,.F.,(4,2,2,4),(1.04767910947343,1.08699259990098,
1.13014512154513,1.14780681601922),.UNSPECIFIED.);
#63=B_SPLINE_CURVE_WITH_KNOTS('',3,(#5124,#5125,#5126,#5127,#5128,#5129,
#5130,#5131),.UNSPECIFIED.,.F.,.F.,(4,2,2,4),(0.0454064166961518,0.0721227132788581,
0.114055359088118,0.145329356643796),.UNSPECIFIED.);
#64=B_SPLINE_CURVE_WITH_KNOTS('',3,(#5281,#5282,#5283,#5284),
 .UNSPECIFIED.,.F.,.F.,(4,4),(-0.139350560546348,0.),.UNSPECIFIED.);
#65=B_SPLINE_CURVE_WITH_KNOTS('',3,(#5294,#5295,#5296,#5297,#5298,#5299,
#5300,#5301,#5302,#5303),.UNSPECIFIED.,.F.,.F.,(4,2,2,2,4),(0.,0.0397636222754064,
0.0794721813907904,0.119139384334865,0.139350560546348),.UNSPECIFIED.);
#66=B_SPLINE_CURVE_WITH_KNOTS('',3,(#5524,#5525,#5526,#5527),
 .UNSPECIFIED.,.F.,.F.,(4,4),(-0.268706162996504,0.),.UNSPECIFIED.);
#67=B_SPLINE_CURVE_WITH_KNOTS('',3,(#5657,#5658,#5659,#5660,#5661,#5662,
#5663,#5664,#5665,#5666,#5667),.UNSPECIFIED.,.F.,.F.,(4,2,3,2,4),(2.26796041887894,
2.42554337219083,2.58585875048079,2.74617412877075,2.90375708208264),
 .UNSPECIFIED.);
#68=B_SPLINE_CURVE_WITH_KNOTS('',3,(#5712,#5713,#5714,#5715,#5716,#5717,
#5718,#5719,#5720,#5721),.UNSPECIFIED.,.F.,.F.,(4,2,2,2,4),(-0.827240024153128,
-0.702730688072244,-0.594233705310896,-0.485736722549548,-0.384111745734866),
 .UNSPECIFIED.);
#69=B_SPLINE_CURVE_WITH_KNOTS('',3,(#5733,#5734,#5735,#5736,#5737,#5738,
#5739,#5740,#5741,#5742,#5743,#5744,#5745,#5746,#5747,#5748,#5749,#5750,
#5751,#5752,#5753,#5754),.UNSPECIFIED.,.F.,.F.,(4,2,2,2,2,2,2,2,2,2,4),
(-0.639310667518305,-0.454920126592042,-0.26660446061817,-0.133302230309087,
-0.0666511151545455,-0.0333255575772747,-0.0166627787886394,-0.00833138939432168,
-0.00416569469716284,-0.00208284734858342,-3.99680288865056E-15),
 .UNSPECIFIED.);
#70=B_SPLINE_CURVE_WITH_KNOTS('',3,(#5766,#5767,#5768,#5769,#5770,#5771,
#5772,#5773,#5774,#5775,#5776,#5777,#5778,#5779,#5780,#5781,#5782,#5783,
#5784,#5785),.UNSPECIFIED.,.F.,.F.,(4,2,2,2,2,2,2,2,2,4),(-3.86860206867385,
-3.86779375356339,-3.86698543845293,-3.86536880823201,-3.86213554779018,
-3.8556690269065,-3.82894404492164,-3.73227102689137,-3.60581414594069,
-3.54346332111843),.UNSPECIFIED.);
#71=B_SPLINE_CURVE_WITH_KNOTS('',3,(#5849,#5850,#5851,#5852,#5853,#5854,
#5855,#5856,#5857,#5858,#5859,#5860),.UNSPECIFIED.,.F.,.F.,(4,2,2,2,2,4),
(1.69509531813144,1.73409288538293,1.88771519984025,2.04133751429757,2.18688538446095,
2.21392910055599),.UNSPECIFIED.);
#72=B_SPLINE_CURVE_WITH_KNOTS('',3,(#5874,#5875,#5876,#5877,#5878,#5879,
#5880,#5881,#5882,#5883,#5884,#5885,#5886,#5887,#5888,#5889,#5890,#5891,
#5892,#5893,#5894,#5895,#5896,#5897,#5898,#5899,#5900,#5901,#5902,#5903,
#5904,#5905),.UNSPECIFIED.,.F.,.F.,(4,2,2,2,2,2,2,2,2,2,2,2,2,2,2,4),(-0.365449541144217,
-0.354924764325864,-0.339927108209623,-0.320447797921372,-0.303321504051481,
-0.275222088474342,-0.252732779799537,-0.223941572995463,-0.195429077159903,
-0.188736683561417,-0.164736391485196,-0.140736099408975,-0.118712408783047,
-0.0934540305972182,-0.0687289952707671,-0.0506952513897853),
 .UNSPECIFIED.);
#73=B_SPLINE_CURVE_WITH_KNOTS('',3,(#5908,#5909,#5910,#5911,#5912,#5913,
#5914),.UNSPECIFIED.,.F.,.F.,(4,1,1,1,4),(-0.680203830897921,-0.590274033825331,
-0.50034423675274,-0.410414439680149,-0.365490538469342),.UNSPECIFIED.);
#74=B_SPLINE_CURVE_WITH_KNOTS('',3,(#5926,#5927,#5928,#5929,#5930,#5931,
#5932,#5933,#5934,#5935,#5936,#5937),.UNSPECIFIED.,.F.,.F.,(4,2,2,2,2,4),
(1.98132602212236,1.98235201906833,2.10751562227818,2.35784282869788,2.60817003511757,
2.67333462782424),.UNSPECIFIED.);
#75=B_SPLINE_CURVE_WITH_KNOTS('',3,(#5939,#5940,#5941,#5942,#5943,#5944,
#5945),.UNSPECIFIED.,.F.,.F.,(4,3,4),(0.,0.0307583570353942,0.061500457189225),
 .UNSPECIFIED.);
#76=B_SPLINE_CURVE_WITH_KNOTS('',3,(#5946,#5947,#5948,#5949,#5950,#5951,
#5952,#5953,#5954,#5955,#5956,#5957,#5958,#5959,#5960),.UNSPECIFIED.,.F.,
 .F.,(4,2,2,3,2,2,4),(2.65960194925742,2.66870941729832,2.85751358422519,
3.04631775115206,3.23512191807893,3.4239260850058,3.49309097349951),
 .UNSPECIFIED.);
#77=B_SPLINE_CURVE_WITH_KNOTS('',3,(#6014,#6015,#6016,#6017,#6018,#6019,
#6020,#6021,#6022,#6023),.UNSPECIFIED.,.F.,.F.,(4,2,2,2,4),(-0.786818308533135,
-0.580297816639237,-0.392756133195023,-0.186203792212362,-9.99978299498494E-7),
 .UNSPECIFIED.);
#78=B_SPLINE_CURVE_WITH_KNOTS('',3,(#6079,#6080,#6081,#6082,#6083,#6084,
#6085,#6086,#6087,#6088,#6089,#6090,#6091,#6092,#6093,#6094,#6095,#6096,
#6097,#6098,#6099,#6100,#6101,#6102,#6103,#6104,#6105,#6106,#6107,#6108,
#6109,#6110,#6111,#6112,#6113,#6114,#6115,#6116,#6117,#6118,#6119,#6120,
#6121,#6122,#6123,#6124,#6125,#6126,#6127,#6128,#6129,#6130,#6131,#6132,
#6133,#6134,#6135,#6136,#6137,#6138,#6139,#6140,#6141,#6142,#6143,#6144,
#6145,#6146,#6147,#6148,#6149,#6150,#6151,#6152,#6153,#6154,#6155,#6156,
#6157,#6158,#6159,#6160,#6161,#6162,#6163,#6164,#6165,#6166),
 .UNSPECIFIED.,.F.,.F.,(4,3,3,3,3,3,3,3,3,3,3,3,3,3,3,3,3,3,3,3,3,3,3,3,
3,3,3,3,3,4),(0.0506952513897852,0.0731777006579329,0.0945688317726382,
0.11596124899036,0.137374780220676,0.140625048462376,0.164835196899371,
0.18904040188936,0.213240156366343,0.23743395435997,0.261622985891642,0.285803354967322,
0.30997565206541,0.320484642607558,0.342967091875706,0.364924364138319,
0.387669401909234,0.410414439680149,0.435549672209381,0.460729360512904,
0.485951799204349,0.50034423675274,0.524312334259803,0.548266740790909,
0.572210787843187,0.590274033825331,0.614033038541445,0.637776919177333,
0.66151102243673,0.680203830897921),.UNSPECIFIED.);
#79=B_SPLINE_CURVE_WITH_KNOTS('',3,(#6172,#6173,#6174,#6175,#6176),
 .UNSPECIFIED.,.F.,.F.,(4,1,4),(0.,0.0349917105756057,0.0699834211512115),
 .UNSPECIFIED.);
#80=B_SPLINE_CURVE_WITH_KNOTS('',3,(#6177,#6178,#6179,#6180,#6181),
 .UNSPECIFIED.,.F.,.F.,(4,1,4),(0.,0.0349917105756016,0.0699834211512032),
 .UNSPECIFIED.);
#81=B_SPLINE_SURFACE_WITH_KNOTS('',3,3,((#4595,#4596,#4597,#4598,#4599,
#4600,#4601,#4602,#4603,#4604,#4605,#4606),(#4607,#4608,#4609,#4610,#4611,
#4612,#4613,#4614,#4615,#4616,#4617,#4618),(#4619,#4620,#4621,#4622,#4623,
#4624,#4625,#4626,#4627,#4628,#4629,#4630),(#4631,#4632,#4633,#4634,#4635,
#4636,#4637,#4638,#4639,#4640,#4641,#4642),(#4643,#4644,#4645,#4646,#4647,
#4648,#4649,#4650,#4651,#4652,#4653,#4654)),.UNSPECIFIED.,.F.,.F.,.F.,(4,
1,4),(4,1,1,1,1,1,1,2,4),(0.,0.5,1.),(0.,0.0531195533071346,0.0796793299607019,
0.106239106614269,0.132798883267837,0.159358659921404,0.212478213228538,
0.265597766535673,0.266117085119453),.UNSPECIFIED.);
#82=B_SPLINE_SURFACE_WITH_KNOTS('',3,3,((#4715,#4716,#4717,#4718,#4719,
#4720),(#4721,#4722,#4723,#4724,#4725,#4726),(#4727,#4728,#4729,#4730,#4731,
#4732),(#4733,#4734,#4735,#4736,#4737,#4738),(#4739,#4740,#4741,#4742,#4743,
#4744),(#4745,#4746,#4747,#4748,#4749,#4750)),.UNSPECIFIED.,.F.,.F.,.F.,
(4,1,1,4),(4,1,1,4),(0.,0.285714285714286,0.571428571428571,1.),(-1.57079632679487,
-0.89759790102564,-0.44879895051282,6.93889390390743E-17),.UNSPECIFIED.);
#83=B_SPLINE_SURFACE_WITH_KNOTS('',3,3,((#4857,#4858,#4859,#4860),(#4861,
#4862,#4863,#4864),(#4865,#4866,#4867,#4868),(#4869,#4870,#4871,#4872),
(#4873,#4874,#4875,#4876)),.UNSPECIFIED.,.F.,.F.,.F.,(4,1,4),(4,4),(0.,
0.5,1.00053719709315),(-0.000537197093150191,0.0609827191244585),
 .UNSPECIFIED.);
#84=B_SPLINE_SURFACE_WITH_KNOTS('',3,3,((#4897,#4898,#4899,#4900,#4901,
#4902,#4903,#4904,#4905,#4906),(#4907,#4908,#4909,#4910,#4911,#4912,#4913,
#4914,#4915,#4916),(#4917,#4918,#4919,#4920,#4921,#4922,#4923,#4924,#4925,
#4926),(#4927,#4928,#4929,#4930,#4931,#4932,#4933,#4934,#4935,#4936),(#4937,
#4938,#4939,#4940,#4941,#4942,#4943,#4944,#4945,#4946)),.UNSPECIFIED.,.F.,
 .F.,.F.,(4,1,4),(4,1,1,1,1,1,1,4),(0.,0.5,1.),(1.83144439004015E-15,0.0598283727751542,
0.119656745550307,0.179485118325459,0.239313491100611,0.299141863875764,
0.358970236650916,0.418798609426069),.UNSPECIFIED.);
#85=B_SPLINE_SURFACE_WITH_KNOTS('',3,3,((#4959,#4960,#4961,#4962),(#4963,
#4964,#4965,#4966),(#4967,#4968,#4969,#4970),(#4971,#4972,#4973,#4974),
(#4975,#4976,#4977,#4978)),.UNSPECIFIED.,.F.,.F.,.F.,(4,1,4),(4,4),(0.,
0.5,1.00053719891973),(-0.00053719891972382,0.0609827147563946),
 .UNSPECIFIED.);
#86=B_SPLINE_SURFACE_WITH_KNOTS('',3,3,((#5305,#5306,#5307,#5308),(#5309,
#5310,#5311,#5312),(#5313,#5314,#5315,#5316),(#5317,#5318,#5319,#5320),
(#5321,#5322,#5323,#5324)),.UNSPECIFIED.,.F.,.F.,.F.,(4,1,4),(4,4),(0.,
0.571428571428571,1.),(-1.17419687947802,-1.04719754970379),
 .UNSPECIFIED.);
#87=B_SPLINE_SURFACE_WITH_KNOTS('',3,3,((#5329,#5330,#5331,#5332),(#5333,
#5334,#5335,#5336),(#5337,#5338,#5339,#5340),(#5341,#5342,#5343,#5344),
(#5345,#5346,#5347,#5348)),.UNSPECIFIED.,.F.,.F.,.F.,(4,1,4),(4,4),(0.,
0.571428571428571,1.),(0.,0.139350560546348),.UNSPECIFIED.);
#88=B_SPLINE_SURFACE_WITH_KNOTS('',3,3,((#5531,#5532,#5533,#5534),(#5535,
#5536,#5537,#5538),(#5539,#5540,#5541,#5542),(#5543,#5544,#5545,#5546),
(#5547,#5548,#5549,#5550)),.UNSPECIFIED.,.F.,.F.,.F.,(4,1,4),(4,4),(0.,
0.571428571428571,1.),(0.,0.268706162996504),.UNSPECIFIED.);
#89=B_SPLINE_SURFACE_WITH_KNOTS('',3,3,((#5552,#5553,#5554,#5555),(#5556,
#5557,#5558,#5559),(#5560,#5561,#5562,#5563),(#5564,#5565,#5566,#5567),
(#5568,#5569,#5570,#5571)),.UNSPECIFIED.,.F.,.F.,.F.,(4,1,4),(4,4),(0.,
0.571428571428571,1.),(1.04719754970386,1.100516803491),.UNSPECIFIED.);
#90=B_SPLINE_SURFACE_WITH_KNOTS('',3,3,((#5795,#5796,#5797,#5798),(#5799,
#5800,#5801,#5802),(#5803,#5804,#5805,#5806),(#5807,#5808,#5809,#5810)),
 .UNSPECIFIED.,.F.,.F.,.F.,(4,4),(4,4),(0.,1.00006581687052),(-0.615545525540911,
-0.307244989122375),.UNSPECIFIED.);
#91=B_SPLINE_SURFACE_WITH_KNOTS('',3,3,((#5983,#5984,#5985,#5986,#5987,
#5988),(#5989,#5990,#5991,#5992,#5993,#5994),(#5995,#5996,#5997,#5998,#5999,
#6000),(#6001,#6002,#6003,#6004,#6005,#6006),(#6007,#6008,#6009,#6010,#6011,
#6012)),.UNSPECIFIED.,.F.,.F.,.F.,(4,1,4),(4,1,1,4),(-0.00163692612118793,
0.571428571428571,1.00032602151247),(-0.00163691268932393,0.524504410773338,
0.874174017957697,1.22401316298728),.UNSPECIFIED.);
#92=B_SPLINE_SURFACE_WITH_KNOTS('',3,3,((#6188,#6189,#6190,#6191,#6192,
#6193,#6194,#6195,#6196),(#6197,#6198,#6199,#6200,#6201,#6202,#6203,#6204,
#6205),(#6206,#6207,#6208,#6209,#6210,#6211,#6212,#6213,#6214),(#6215,#6216,
#6217,#6218,#6219,#6220,#6221,#6222,#6223),(#6224,#6225,#6226,#6227,#6228,
#6229,#6230,#6231,#6232)),.UNSPECIFIED.,.F.,.F.,.F.,(4,1,4),(4,1,1,1,1,
1,4),(-3.30276594257278E-5,0.5,1.),(0.0506622237303608,0.140625048462376,
0.320484642607558,0.410414439680149,0.50034423675274,0.590274033825331,
0.680236858557347),.UNSPECIFIED.);
#93=CYLINDRICAL_SURFACE('',#3156,1.);
#94=CYLINDRICAL_SURFACE('',#3160,0.5);
#95=CYLINDRICAL_SURFACE('',#3163,0.5);
#96=CYLINDRICAL_SURFACE('',#3166,0.5);
#97=CYLINDRICAL_SURFACE('',#3168,1.);
#98=CYLINDRICAL_SURFACE('',#3179,0.5);
#99=CYLINDRICAL_SURFACE('',#3181,0.5);
#100=CYLINDRICAL_SURFACE('',#3186,8.);
#101=CYLINDRICAL_SURFACE('',#3191,0.5);
#102=CYLINDRICAL_SURFACE('',#3197,0.5);
#103=CYLINDRICAL_SURFACE('',#3201,0.5);
#104=CYLINDRICAL_SURFACE('',#3204,0.5);
#105=CYLINDRICAL_SURFACE('',#3209,0.5);
#106=CYLINDRICAL_SURFACE('',#3210,3.59999999999999);
#107=CYLINDRICAL_SURFACE('',#3214,2.10000000000001);
#108=CYLINDRICAL_SURFACE('',#3266,2.7);
#109=CYLINDRICAL_SURFACE('',#3271,1.);
#110=CYLINDRICAL_SURFACE('',#3273,8.);
#111=CYLINDRICAL_SURFACE('',#3275,8.);
#112=CYLINDRICAL_SURFACE('',#3290,1.);
#113=CYLINDRICAL_SURFACE('',#3291,8.);
#114=CYLINDRICAL_SURFACE('',#3296,1.);
#115=CYLINDRICAL_SURFACE('',#3300,1.);
#116=CYLINDRICAL_SURFACE('',#3301,2.84999999999997);
#117=CYLINDRICAL_SURFACE('',#3305,1.);
#118=CYLINDRICAL_SURFACE('',#3311,1.);
#119=CYLINDRICAL_SURFACE('',#3316,2.84999999999997);
#120=CYLINDRICAL_SURFACE('',#3319,0.5);
#121=CYLINDRICAL_SURFACE('',#3324,0.5);
#122=CYLINDRICAL_SURFACE('',#3328,1.);
#123=CYLINDRICAL_SURFACE('',#3334,1.);
#124=CYLINDRICAL_SURFACE('',#3336,1.);
#125=CYLINDRICAL_SURFACE('',#3345,1.55000000000001);
#126=CYLINDRICAL_SURFACE('',#3349,0.5);
#127=CYLINDRICAL_SURFACE('',#3354,0.5);
#128=CYLINDRICAL_SURFACE('',#3358,1.55000000000001);
#129=CYLINDRICAL_SURFACE('',#3361,0.5);
#130=CYLINDRICAL_SURFACE('',#3367,0.5);
#131=CYLINDRICAL_SURFACE('',#3371,8.);
#132=CYLINDRICAL_SURFACE('',#3380,1.);
#133=CYLINDRICAL_SURFACE('',#3385,1.);
#134=CYLINDRICAL_SURFACE('',#3388,1.);
#135=CYLINDRICAL_SURFACE('',#3389,1.);
#136=CYLINDRICAL_SURFACE('',#3392,2.);
#137=CYLINDRICAL_SURFACE('',#3403,4.25);
#138=CYLINDRICAL_SURFACE('',#3407,2.5);
#139=CYLINDRICAL_SURFACE('',#3409,1.5);
#140=CYLINDRICAL_SURFACE('',#3412,1.5);
#141=CYLINDRICAL_SURFACE('',#3415,1.5);
#142=CYLINDRICAL_SURFACE('',#3418,1.5);
#143=CYLINDRICAL_SURFACE('',#3423,5.);
#144=CYLINDRICAL_SURFACE('',#3428,5.);
#145=CYLINDRICAL_SURFACE('',#3431,5.);
#146=CYLINDRICAL_SURFACE('',#3433,5.);
#147=CYLINDRICAL_SURFACE('',#3444,2.5);
#148=CYLINDRICAL_SURFACE('',#3448,5.);
#149=CYLINDRICAL_SURFACE('',#3451,2.5);
#150=CYLINDRICAL_SURFACE('',#3455,11.);
#151=CYLINDRICAL_SURFACE('',#3458,5.);
#152=CYLINDRICAL_SURFACE('',#3463,5.);
#153=CYLINDRICAL_SURFACE('',#3464,5.);
#154=CYLINDRICAL_SURFACE('',#3466,5.);
#155=CYLINDRICAL_SURFACE('',#3469,5.);
#156=CYLINDRICAL_SURFACE('',#3474,20.);
#157=CYLINDRICAL_SURFACE('',#3484,8.);
#158=CYLINDRICAL_SURFACE('',#3490,8.);
#159=CYLINDRICAL_SURFACE('',#3492,1.5);
#160=CYLINDRICAL_SURFACE('',#3502,4.);
#161=CYLINDRICAL_SURFACE('',#3505,4.);
#162=CYLINDRICAL_SURFACE('',#3508,4.);
#163=CYLINDRICAL_SURFACE('',#3510,2.);
#164=CYLINDRICAL_SURFACE('',#3513,2.);
#165=CYLINDRICAL_SURFACE('',#3517,2.);
#166=CYLINDRICAL_SURFACE('',#3520,7.5);
#167=CYLINDRICAL_SURFACE('',#3524,1.);
#168=CYLINDRICAL_SURFACE('',#3526,1.);
#169=CYLINDRICAL_SURFACE('',#3527,2.);
#170=FACE_BOUND('',#612,.T.);
#171=FACE_BOUND('',#621,.T.);
#172=FACE_BOUND('',#632,.T.);
#173=FACE_BOUND('',#640,.T.);
#174=FACE_BOUND('',#694,.T.);
#175=FACE_BOUND('',#701,.T.);
#176=FACE_BOUND('',#719,.T.);
#177=FACE_BOUND('',#725,.T.);
#178=FACE_BOUND('',#726,.T.);
#179=FACE_BOUND('',#727,.T.);
#180=FACE_BOUND('',#728,.T.);
#181=FACE_BOUND('',#729,.T.);
#182=FACE_BOUND('',#736,.T.);
#183=FACE_BOUND('',#737,.T.);
#184=FACE_BOUND('',#738,.T.);
#185=FACE_BOUND('',#739,.T.);
#186=FACE_BOUND('',#747,.T.);
#187=FACE_BOUND('',#759,.T.);
#188=FACE_BOUND('',#763,.T.);
#189=FACE_BOUND('',#776,.T.);
#190=FACE_BOUND('',#777,.T.);
#191=FACE_BOUND('',#778,.T.);
#192=FACE_BOUND('',#779,.T.);
#193=FACE_BOUND('',#780,.T.);
#194=FACE_BOUND('',#788,.T.);
#195=FACE_BOUND('',#789,.T.);
#196=FACE_BOUND('',#790,.T.);
#197=FACE_BOUND('',#791,.T.);
#198=FACE_BOUND('',#816,.T.);
#199=ELLIPSE('',#3151,1.15470053837925,1.);
#200=ELLIPSE('',#3152,1.15470053837925,1.);
#201=ELLIPSE('',#3165,0.577350269687251,0.5);
#202=ELLIPSE('',#3177,0.763762617330586,0.500000000000007);
#203=ELLIPSE('',#3178,1.15470053937444,0.999999999999972);
#204=ELLIPSE('',#3180,0.577350269687251,0.5);
#205=ELLIPSE('',#3187,8.44154518798473,8.00000000000001);
#206=ELLIPSE('',#3190,0.992871398141629,0.807264284276886);
#207=ELLIPSE('',#3198,0.577350269687251,0.5);
#208=ELLIPSE('',#3206,0.577350269687251,0.5);
#209=ELLIPSE('',#3274,9.23760431499623,8.);
#210=ELLIPSE('',#3278,8.11263960065999,8.00000000000001);
#211=ELLIPSE('',#3281,7.12845854937778,7.);
#212=ELLIPSE('',#3335,1.15470053937453,1.);
#213=ELLIPSE('',#3372,9.23760431499623,8.);
#214=ELLIPSE('',#3377,7.50064564959501,7.);
#215=ELLIPSE('',#3386,1.15470053937453,1.);
#216=ELLIPSE('',#3390,1.4142135623731,1.);
#217=ELLIPSE('',#3393,3.17024746957779,2.);
#218=ELLIPSE('',#3424,5.46109562055901,5.);
#219=ELLIPSE('',#3426,7.07106781186548,5.);
#220=ELLIPSE('',#3427,7.07106781186548,5.);
#221=ELLIPSE('',#3429,6.96238089407625,5.);
#222=ELLIPSE('',#3434,12.4327070510599,5.);
#223=ELLIPSE('',#3435,18.02775637732,5.);
#224=ELLIPSE('',#3437,20.,10.);
#225=ELLIPSE('',#3449,12.4327070510599,5.);
#226=ELLIPSE('',#3450,10.,5.);
#227=ELLIPSE('',#3467,7.07106781186548,5.);
#228=ELLIPSE('',#3470,7.07106781186548,5.);
#229=ELLIPSE('',#3472,21.2132034355964,15.);
#230=ELLIPSE('',#3473,25.,20.);
#231=ELLIPSE('',#3475,23.09401078749,20.);
#232=ELLIPSE('',#3476,25.7767784909596,20.);
#233=ELLIPSE('',#3478,25.7767784909596,20.);
#234=ELLIPSE('',#3485,10.3107113963838,8.);
#235=ELLIPSE('',#3488,8.73775299289442,8.);
#236=ELLIPSE('',#3489,9.9461656408479,4.);
#237=ELLIPSE('',#3525,1.4142135623731,1.);
#238=ELLIPSE('',#3528,3.99999998965705,2.);
#239=CIRCLE('',#3150,2.);
#240=CIRCLE('',#3153,0.5);
#241=CIRCLE('',#3154,0.5);
#242=CIRCLE('',#3155,2.10000000000001);
#243=CIRCLE('',#3157,1.);
#244=CIRCLE('',#3158,1.00000000000001);
#245=CIRCLE('',#3161,0.5);
#246=CIRCLE('',#3162,0.499999999999989);
#247=CIRCLE('',#3164,0.499999999999972);
#248=CIRCLE('',#3167,0.500000000000021);
#249=CIRCLE('',#3169,1.00000000000004);
#250=CIRCLE('',#3171,1.);
#251=CIRCLE('',#3172,7.);
#252=CIRCLE('',#3173,7.);
#253=CIRCLE('',#3174,3.34999999999997);
#254=CIRCLE('',#3175,3.34999999999997);
#255=CIRCLE('',#3176,0.499999999999972);
#256=CIRCLE('',#3182,0.499999999999591);
#257=CIRCLE('',#3184,7.5);
#258=CIRCLE('',#3185,8.);
#259=CIRCLE('',#3188,8.);
#260=CIRCLE('',#3192,0.500000000000007);
#261=CIRCLE('',#3194,0.500000000000043);
#262=CIRCLE('',#3195,1.);
#263=CIRCLE('',#3196,0.5);
#264=CIRCLE('',#3200,3.59999999999999);
#265=CIRCLE('',#3202,0.5);
#266=CIRCLE('',#3205,0.500000000000043);
#267=CIRCLE('',#3208,0.500000000000007);
#268=CIRCLE('',#3211,3.59999999999999);
#269=CIRCLE('',#3213,2.10000000000001);
#270=CIRCLE('',#3215,1.00000000000001);
#271=CIRCLE('',#3216,0.999999999999975);
#272=CIRCLE('',#3217,0.99999999999999);
#273=CIRCLE('',#3218,0.999999999999975);
#274=CIRCLE('',#3220,2.57375284799059);
#275=CIRCLE('',#3221,2.);
#276=CIRCLE('',#3222,1.48191447627642);
#277=CIRCLE('',#3223,1.48191447627642);
#278=CIRCLE('',#3224,1.70000000000312);
#279=CIRCLE('',#3225,0.553851860319376);
#280=CIRCLE('',#3227,2.57375284799042);
#281=CIRCLE('',#3228,2.);
#282=CIRCLE('',#3229,1.48191447627621);
#283=CIRCLE('',#3230,1.48191447627621);
#284=CIRCLE('',#3231,1.69999999999952);
#285=CIRCLE('',#3232,0.553851860319128);
#286=CIRCLE('',#3234,2.57375284799029);
#287=CIRCLE('',#3235,1.4819144762761);
#288=CIRCLE('',#3236,0.553851860319052);
#289=CIRCLE('',#3238,2.57375284799074);
#290=CIRCLE('',#3239,1.48191447627649);
#291=CIRCLE('',#3240,1.48191447627649);
#292=CIRCLE('',#3241,1.70000000000636);
#293=CIRCLE('',#3242,0.553851860319434);
#294=CIRCLE('',#3244,2.57375284799043);
#295=CIRCLE('',#3245,2.);
#296=CIRCLE('',#3246,1.48191447627621);
#297=CIRCLE('',#3247,1.48191447627621);
#298=CIRCLE('',#3248,1.70000000000131);
#299=CIRCLE('',#3249,0.553851860319128);
#300=CIRCLE('',#3251,2.57375284799061);
#301=CIRCLE('',#3252,2.);
#302=CIRCLE('',#3253,1.48191447627642);
#303=CIRCLE('',#3254,1.48191447627642);
#304=CIRCLE('',#3255,1.69999999999755);
#305=CIRCLE('',#3256,0.553851860319376);
#306=CIRCLE('',#3264,2.7);
#307=CIRCLE('',#3265,3.29999999999998);
#308=CIRCLE('',#3267,2.7);
#309=CIRCLE('',#3269,3.29999999999998);
#310=CIRCLE('',#3272,0.999999999999997);
#311=CIRCLE('',#3276,8.);
#312=CIRCLE('',#3277,8.);
#313=CIRCLE('',#3279,0.999999999999979);
#314=CIRCLE('',#3280,1.00000000000002);
#315=CIRCLE('',#3282,1.00000000000001);
#316=CIRCLE('',#3284,1.00000000000001);
#317=CIRCLE('',#3285,7.);
#318=CIRCLE('',#3287,7.);
#319=CIRCLE('',#3288,0.999999999999996);
#320=CIRCLE('',#3289,8.);
#321=CIRCLE('',#3292,8.);
#322=CIRCLE('',#3295,0.999999999999996);
#323=CIRCLE('',#3297,0.999999999999996);
#324=CIRCLE('',#3299,0.999999999999997);
#325=CIRCLE('',#3302,2.84999999999997);
#326=CIRCLE('',#3303,2.84999999999997);
#327=CIRCLE('',#3306,1.00000000000001);
#328=CIRCLE('',#3307,0.999999999999961);
#329=CIRCLE('',#3309,3.84999999999997);
#330=CIRCLE('',#3310,0.999999999999996);
#331=CIRCLE('',#3312,0.999999999999961);
#332=CIRCLE('',#3314,2.84999999999997);
#333=CIRCLE('',#3315,3.84999999999997);
#334=CIRCLE('',#3317,2.84999999999997);
#335=CIRCLE('',#3320,0.500000000000007);
#336=CIRCLE('',#3321,0.499999999999972);
#337=CIRCLE('',#3323,0.500000000000007);
#338=CIRCLE('',#3325,0.499999999999972);
#339=CIRCLE('',#3329,1.00000000000001);
#340=CIRCLE('',#3332,1.00000000000001);
#341=CIRCLE('',#3333,0.99999999999953);
#342=CIRCLE('',#3338,7.);
#343=CIRCLE('',#3339,2.);
#344=CIRCLE('',#3340,1.);
#345=CIRCLE('',#3341,7.5);
#346=CIRCLE('',#3342,1.);
#347=CIRCLE('',#3343,2.05000000000001);
#348=CIRCLE('',#3344,2.05000000000001);
#349=CIRCLE('',#3346,1.55000000000001);
#350=CIRCLE('',#3347,1.55000000000001);
#351=CIRCLE('',#3350,0.500000000000007);
#352=CIRCLE('',#3351,0.500000000000025);
#353=CIRCLE('',#3353,0.500000000000007);
#354=CIRCLE('',#3355,0.500000000000025);
#355=CIRCLE('',#3357,1.55000000000001);
#356=CIRCLE('',#3359,1.55000000000001);
#357=CIRCLE('',#3362,0.500000000000007);
#358=CIRCLE('',#3363,0.500000000000025);
#359=CIRCLE('',#3365,2.05000000000001);
#360=CIRCLE('',#3366,0.500000000000007);
#361=CIRCLE('',#3368,0.500000000000025);
#362=CIRCLE('',#3370,2.05000000000001);
#363=CIRCLE('',#3374,1.00000000000001);
#364=CIRCLE('',#3375,0.999999999999659);
#365=CIRCLE('',#3376,1.00000000000001);
#366=CIRCLE('',#3381,1.00000000000001);
#367=CIRCLE('',#3383,0.999999999999943);
#368=CIRCLE('',#3384,1.00000000000001);
#369=CIRCLE('',#3391,1.);
#370=CIRCLE('',#3397,2.);
#371=CIRCLE('',#3398,6.);
#372=CIRCLE('',#3399,2.);
#373=CIRCLE('',#3400,2.5);
#374=CIRCLE('',#3401,2.5);
#375=CIRCLE('',#3402,2.5);
#376=CIRCLE('',#3404,4.25);
#377=CIRCLE('',#3405,4.25);
#378=CIRCLE('',#3406,4.25);
#379=CIRCLE('',#3408,2.5);
#380=CIRCLE('',#3410,1.5);
#381=CIRCLE('',#3411,1.5);
#382=CIRCLE('',#3413,1.5);
#383=CIRCLE('',#3414,1.5);
#384=CIRCLE('',#3416,1.5);
#385=CIRCLE('',#3417,1.5);
#386=CIRCLE('',#3419,1.5);
#387=CIRCLE('',#3420,1.5);
#388=CIRCLE('',#3432,5.);
#389=CIRCLE('',#3436,5.);
#390=CIRCLE('',#3439,5.);
#391=CIRCLE('',#3440,5.);
#392=CIRCLE('',#3441,4.);
#393=CIRCLE('',#3442,4.);
#394=CIRCLE('',#3443,5.);
#395=CIRCLE('',#3445,2.5);
#396=CIRCLE('',#3447,5.);
#397=CIRCLE('',#3452,2.5);
#398=CIRCLE('',#3454,5.);
#399=CIRCLE('',#3456,11.);
#400=CIRCLE('',#3457,11.);
#401=CIRCLE('',#3459,5.);
#402=CIRCLE('',#3461,5.);
#403=CIRCLE('',#3462,5.);
#404=CIRCLE('',#3465,5.);
#405=CIRCLE('',#3477,20.);
#406=CIRCLE('',#3480,8.);
#407=CIRCLE('',#3481,8.);
#408=CIRCLE('',#3486,8.);
#409=CIRCLE('',#3491,8.);
#410=CIRCLE('',#3493,1.5);
#411=CIRCLE('',#3495,0.5);
#412=CIRCLE('',#3496,0.5);
#413=CIRCLE('',#3497,2.);
#414=CIRCLE('',#3499,2.);
#415=CIRCLE('',#3503,4.);
#416=CIRCLE('',#3506,4.);
#417=CIRCLE('',#3509,4.);
#418=CIRCLE('',#3511,2.);
#419=CIRCLE('',#3512,2.);
#420=CIRCLE('',#3514,2.);
#421=CIRCLE('',#3516,2.);
#422=CIRCLE('',#3518,2.00000000000001);
#423=CIRCLE('',#3519,2.);
#424=CIRCLE('',#3521,7.5);
#425=CIRCLE('',#3523,1.);
#426=FACE_OUTER_BOUND('',#607,.T.);
#427=FACE_OUTER_BOUND('',#608,.T.);
#428=FACE_OUTER_BOUND('',#609,.T.);
#429=FACE_OUTER_BOUND('',#610,.T.);
#430=FACE_OUTER_BOUND('',#611,.T.);
#431=FACE_OUTER_BOUND('',#613,.T.);
#432=FACE_OUTER_BOUND('',#614,.T.);
#433=FACE_OUTER_BOUND('',#615,.T.);
#434=FACE_OUTER_BOUND('',#616,.T.);
#435=FACE_OUTER_BOUND('',#617,.T.);
#436=FACE_OUTER_BOUND('',#618,.T.);
#437=FACE_OUTER_BOUND('',#619,.T.);
#438=FACE_OUTER_BOUND('',#620,.T.);
#439=FACE_OUTER_BOUND('',#622,.T.);
#440=FACE_OUTER_BOUND('',#623,.T.);
#441=FACE_OUTER_BOUND('',#624,.T.);
#442=FACE_OUTER_BOUND('',#625,.T.);
#443=FACE_OUTER_BOUND('',#626,.T.);
#444=FACE_OUTER_BOUND('',#627,.T.);
#445=FACE_OUTER_BOUND('',#628,.T.);
#446=FACE_OUTER_BOUND('',#629,.T.);
#447=FACE_OUTER_BOUND('',#630,.T.);
#448=FACE_OUTER_BOUND('',#631,.T.);
#449=FACE_OUTER_BOUND('',#633,.T.);
#450=FACE_OUTER_BOUND('',#634,.T.);
#451=FACE_OUTER_BOUND('',#635,.T.);
#452=FACE_OUTER_BOUND('',#636,.T.);
#453=FACE_OUTER_BOUND('',#637,.T.);
#454=FACE_OUTER_BOUND('',#638,.T.);
#455=FACE_OUTER_BOUND('',#639,.T.);
#456=FACE_OUTER_BOUND('',#641,.T.);
#457=FACE_OUTER_BOUND('',#642,.T.);
#458=FACE_OUTER_BOUND('',#643,.T.);
#459=FACE_OUTER_BOUND('',#644,.T.);
#460=FACE_OUTER_BOUND('',#645,.T.);
#461=FACE_OUTER_BOUND('',#646,.T.);
#462=FACE_OUTER_BOUND('',#647,.T.);
#463=FACE_OUTER_BOUND('',#648,.T.);
#464=FACE_OUTER_BOUND('',#649,.T.);
#465=FACE_OUTER_BOUND('',#650,.T.);
#466=FACE_OUTER_BOUND('',#651,.T.);
#467=FACE_OUTER_BOUND('',#652,.T.);
#468=FACE_OUTER_BOUND('',#653,.T.);
#469=FACE_OUTER_BOUND('',#654,.T.);
#470=FACE_OUTER_BOUND('',#655,.T.);
#471=FACE_OUTER_BOUND('',#656,.T.);
#472=FACE_OUTER_BOUND('',#657,.T.);
#473=FACE_OUTER_BOUND('',#658,.T.);
#474=FACE_OUTER_BOUND('',#659,.T.);
#475=FACE_OUTER_BOUND('',#660,.T.);
#476=FACE_OUTER_BOUND('',#661,.T.);
#477=FACE_OUTER_BOUND('',#662,.T.);
#478=FACE_OUTER_BOUND('',#663,.T.);
#479=FACE_OUTER_BOUND('',#664,.T.);
#480=FACE_OUTER_BOUND('',#665,.T.);
#481=FACE_OUTER_BOUND('',#666,.T.);
#482=FACE_OUTER_BOUND('',#667,.T.);
#483=FACE_OUTER_BOUND('',#668,.T.);
#484=FACE_OUTER_BOUND('',#669,.T.);
#485=FACE_OUTER_BOUND('',#670,.T.);
#486=FACE_OUTER_BOUND('',#671,.T.);
#487=FACE_OUTER_BOUND('',#672,.T.);
#488=FACE_OUTER_BOUND('',#673,.T.);
#489=FACE_OUTER_BOUND('',#674,.T.);
#490=FACE_OUTER_BOUND('',#675,.T.);
#491=FACE_OUTER_BOUND('',#676,.T.);
#492=FACE_OUTER_BOUND('',#677,.T.);
#493=FACE_OUTER_BOUND('',#678,.T.);
#494=FACE_OUTER_BOUND('',#679,.T.);
#495=FACE_OUTER_BOUND('',#680,.T.);
#496=FACE_OUTER_BOUND('',#681,.T.);
#497=FACE_OUTER_BOUND('',#682,.T.);
#498=FACE_OUTER_BOUND('',#683,.T.);
#499=FACE_OUTER_BOUND('',#684,.T.);
#500=FACE_OUTER_BOUND('',#685,.T.);
#501=FACE_OUTER_BOUND('',#686,.T.);
#502=FACE_OUTER_BOUND('',#687,.T.);
#503=FACE_OUTER_BOUND('',#688,.T.);
#504=FACE_OUTER_BOUND('',#689,.T.);
#505=FACE_OUTER_BOUND('',#690,.T.);
#506=FACE_OUTER_BOUND('',#691,.T.);
#507=FACE_OUTER_BOUND('',#692,.T.);
#508=FACE_OUTER_BOUND('',#693,.T.);
#509=FACE_OUTER_BOUND('',#695,.T.);
#510=FACE_OUTER_BOUND('',#696,.T.);
#511=FACE_OUTER_BOUND('',#697,.T.);
#512=FACE_OUTER_BOUND('',#698,.T.);
#513=FACE_OUTER_BOUND('',#699,.T.);
#514=FACE_OUTER_BOUND('',#700,.T.);
#515=FACE_OUTER_BOUND('',#702,.T.);
#516=FACE_OUTER_BOUND('',#703,.T.);
#517=FACE_OUTER_BOUND('',#704,.T.);
#518=FACE_OUTER_BOUND('',#705,.T.);
#519=FACE_OUTER_BOUND('',#706,.T.);
#520=FACE_OUTER_BOUND('',#707,.T.);
#521=FACE_OUTER_BOUND('',#708,.T.);
#522=FACE_OUTER_BOUND('',#709,.T.);
#523=FACE_OUTER_BOUND('',#710,.T.);
#524=FACE_OUTER_BOUND('',#711,.T.);
#525=FACE_OUTER_BOUND('',#712,.T.);
#526=FACE_OUTER_BOUND('',#713,.T.);
#527=FACE_OUTER_BOUND('',#714,.T.);
#528=FACE_OUTER_BOUND('',#715,.T.);
#529=FACE_OUTER_BOUND('',#716,.T.);
#530=FACE_OUTER_BOUND('',#717,.T.);
#531=FACE_OUTER_BOUND('',#718,.T.);
#532=FACE_OUTER_BOUND('',#720,.T.);
#533=FACE_OUTER_BOUND('',#721,.T.);
#534=FACE_OUTER_BOUND('',#722,.T.);
#535=FACE_OUTER_BOUND('',#723,.T.);
#536=FACE_OUTER_BOUND('',#724,.T.);
#537=FACE_OUTER_BOUND('',#730,.T.);
#538=FACE_OUTER_BOUND('',#731,.T.);
#539=FACE_OUTER_BOUND('',#732,.T.);
#540=FACE_OUTER_BOUND('',#733,.T.);
#541=FACE_OUTER_BOUND('',#734,.T.);
#542=FACE_OUTER_BOUND('',#735,.T.);
#543=FACE_OUTER_BOUND('',#740,.T.);
#544=FACE_OUTER_BOUND('',#741,.T.);
#545=FACE_OUTER_BOUND('',#742,.T.);
#546=FACE_OUTER_BOUND('',#743,.T.);
#547=FACE_OUTER_BOUND('',#744,.T.);
#548=FACE_OUTER_BOUND('',#745,.T.);
#549=FACE_OUTER_BOUND('',#746,.T.);
#550=FACE_OUTER_BOUND('',#748,.T.);
#551=FACE_OUTER_BOUND('',#749,.T.);
#552=FACE_OUTER_BOUND('',#750,.T.);
#553=FACE_OUTER_BOUND('',#751,.T.);
#554=FACE_OUTER_BOUND('',#752,.T.);
#555=FACE_OUTER_BOUND('',#753,.T.);
#556=FACE_OUTER_BOUND('',#754,.T.);
#557=FACE_OUTER_BOUND('',#755,.T.);
#558=FACE_OUTER_BOUND('',#756,.T.);
#559=FACE_OUTER_BOUND('',#757,.T.);
#560=FACE_OUTER_BOUND('',#758,.T.);
#561=FACE_OUTER_BOUND('',#760,.T.);
#562=FACE_OUTER_BOUND('',#761,.T.);
#563=FACE_OUTER_BOUND('',#762,.T.);
#564=FACE_OUTER_BOUND('',#764,.T.);
#565=FACE_OUTER_BOUND('',#765,.T.);
#566=FACE_OUTER_BOUND('',#766,.T.);
#567=FACE_OUTER_BOUND('',#767,.T.);
#568=FACE_OUTER_BOUND('',#768,.T.);
#569=FACE_OUTER_BOUND('',#769,.T.);
#570=FACE_OUTER_BOUND('',#770,.T.);
#571=FACE_OUTER_BOUND('',#771,.T.);
#572=FACE_OUTER_BOUND('',#772,.T.);
#573=FACE_OUTER_BOUND('',#773,.T.);
#574=FACE_OUTER_BOUND('',#774,.T.);
#575=FACE_OUTER_BOUND('',#775,.T.);
#576=FACE_OUTER_BOUND('',#781,.T.);
#577=FACE_OUTER_BOUND('',#782,.T.);
#578=FACE_OUTER_BOUND('',#783,.T.);
#579=FACE_OUTER_BOUND('',#784,.T.);
#580=FACE_OUTER_BOUND('',#785,.T.);
#581=FACE_OUTER_BOUND('',#786,.T.);
#582=FACE_OUTER_BOUND('',#787,.T.);
#583=FACE_OUTER_BOUND('',#792,.T.);
#584=FACE_OUTER_BOUND('',#793,.T.);
#585=FACE_OUTER_BOUND('',#794,.T.);
#586=FACE_OUTER_BOUND('',#795,.T.);
#587=FACE_OUTER_BOUND('',#796,.T.);
#588=FACE_OUTER_BOUND('',#797,.T.);
#589=FACE_OUTER_BOUND('',#798,.T.);
#590=FACE_OUTER_BOUND('',#799,.T.);
#591=FACE_OUTER_BOUND('',#800,.T.);
#592=FACE_OUTER_BOUND('',#801,.T.);
#593=FACE_OUTER_BOUND('',#802,.T.);
#594=FACE_OUTER_BOUND('',#803,.T.);
#595=FACE_OUTER_BOUND('',#804,.T.);
#596=FACE_OUTER_BOUND('',#805,.T.);
#597=FACE_OUTER_BOUND('',#806,.T.);
#598=FACE_OUTER_BOUND('',#807,.T.);
#599=FACE_OUTER_BOUND('',#808,.T.);
#600=FACE_OUTER_BOUND('',#809,.T.);
#601=FACE_OUTER_BOUND('',#810,.T.);
#602=FACE_OUTER_BOUND('',#811,.T.);
#603=FACE_OUTER_BOUND('',#812,.T.);
#604=FACE_OUTER_BOUND('',#813,.T.);
#605=FACE_OUTER_BOUND('',#814,.T.);
#606=FACE_OUTER_BOUND('',#815,.T.);
#607=EDGE_LOOP('',(#1973,#1974,#1975,#1976));
#608=EDGE_LOOP('',(#1977,#1978,#1979,#1980));
#609=EDGE_LOOP('',(#1981,#1982,#1983,#1984));
#610=EDGE_LOOP('',(#1985,#1986,#1987,#1988));
#611=EDGE_LOOP('',(#1989,#1990,#1991,#1992,#1993,#1994,#1995,#1996,#1997,
#1998,#1999));
#612=EDGE_LOOP('',(#2000));
#613=EDGE_LOOP('',(#2001,#2002,#2003,#2004));
#614=EDGE_LOOP('',(#2005,#2006,#2007,#2008));
#615=EDGE_LOOP('',(#2009,#2010,#2011,#2012));
#616=EDGE_LOOP('',(#2013,#2014,#2015,#2016));
#617=EDGE_LOOP('',(#2017,#2018,#2019));
#618=EDGE_LOOP('',(#2020,#2021,#2022,#2023));
#619=EDGE_LOOP('',(#2024,#2025,#2026,#2027));
#620=EDGE_LOOP('',(#2028,#2029,#2030,#2031,#2032,#2033,#2034,#2035,#2036,
#2037,#2038));
#621=EDGE_LOOP('',(#2039,#2040,#2041,#2042));
#622=EDGE_LOOP('',(#2043,#2044,#2045,#2046));
#623=EDGE_LOOP('',(#2047,#2048,#2049,#2050));
#624=EDGE_LOOP('',(#2051,#2052,#2053,#2054));
#625=EDGE_LOOP('',(#2055,#2056,#2057,#2058));
#626=EDGE_LOOP('',(#2059,#2060,#2061,#2062,#2063,#2064));
#627=EDGE_LOOP('',(#2065,#2066,#2067,#2068,#2069,#2070,#2071,#2072,#2073,
#2074,#2075,#2076,#2077));
#628=EDGE_LOOP('',(#2078,#2079,#2080,#2081));
#629=EDGE_LOOP('',(#2082,#2083,#2084,#2085));
#630=EDGE_LOOP('',(#2086,#2087,#2088,#2089));
#631=EDGE_LOOP('',(#2090,#2091,#2092,#2093));
#632=EDGE_LOOP('',(#2094));
#633=EDGE_LOOP('',(#2095,#2096,#2097,#2098));
#634=EDGE_LOOP('',(#2099,#2100,#2101,#2102));
#635=EDGE_LOOP('',(#2103,#2104,#2105,#2106));
#636=EDGE_LOOP('',(#2107,#2108,#2109,#2110));
#637=EDGE_LOOP('',(#2111,#2112,#2113,#2114));
#638=EDGE_LOOP('',(#2115,#2116,#2117,#2118));
#639=EDGE_LOOP('',(#2119));
#640=EDGE_LOOP('',(#2120));
#641=EDGE_LOOP('',(#2121,#2122,#2123,#2124));
#642=EDGE_LOOP('',(#2125,#2126,#2127,#2128));
#643=EDGE_LOOP('',(#2129,#2130,#2131,#2132));
#644=EDGE_LOOP('',(#2133,#2134,#2135,#2136));
#645=EDGE_LOOP('',(#2137,#2138,#2139,#2140,#2141));
#646=EDGE_LOOP('',(#2142,#2143,#2144,#2145,#2146));
#647=EDGE_LOOP('',(#2147,#2148,#2149,#2150,#2151));
#648=EDGE_LOOP('',(#2152,#2153,#2154,#2155,#2156));
#649=EDGE_LOOP('',(#2157,#2158,#2159,#2160));
#650=EDGE_LOOP('',(#2161,#2162,#2163,#2164));
#651=EDGE_LOOP('',(#2165,#2166,#2167,#2168,#2169));
#652=EDGE_LOOP('',(#2170,#2171,#2172,#2173,#2174,#2175));
#653=EDGE_LOOP('',(#2176,#2177,#2178,#2179,#2180));
#654=EDGE_LOOP('',(#2181,#2182,#2183,#2184,#2185));
#655=EDGE_LOOP('',(#2186,#2187,#2188,#2189,#2190));
#656=EDGE_LOOP('',(#2191,#2192,#2193,#2194,#2195));
#657=EDGE_LOOP('',(#2196));
#658=EDGE_LOOP('',(#2197));
#659=EDGE_LOOP('',(#2198));
#660=EDGE_LOOP('',(#2199));
#661=EDGE_LOOP('',(#2200));
#662=EDGE_LOOP('',(#2201,#2202));
#663=EDGE_LOOP('',(#2203,#2204,#2205,#2206));
#664=EDGE_LOOP('',(#2207,#2208,#2209,#2210));
#665=EDGE_LOOP('',(#2211,#2212,#2213,#2214));
#666=EDGE_LOOP('',(#2215,#2216,#2217,#2218));
#667=EDGE_LOOP('',(#2219,#2220,#2221,#2222));
#668=EDGE_LOOP('',(#2223,#2224,#2225,#2226));
#669=EDGE_LOOP('',(#2227,#2228,#2229,#2230,#2231,#2232));
#670=EDGE_LOOP('',(#2233,#2234,#2235,#2236));
#671=EDGE_LOOP('',(#2237,#2238,#2239,#2240));
#672=EDGE_LOOP('',(#2241,#2242,#2243,#2244));
#673=EDGE_LOOP('',(#2245,#2246,#2247,#2248));
#674=EDGE_LOOP('',(#2249,#2250,#2251,#2252));
#675=EDGE_LOOP('',(#2253,#2254,#2255,#2256));
#676=EDGE_LOOP('',(#2257,#2258,#2259,#2260));
#677=EDGE_LOOP('',(#2261,#2262,#2263,#2264));
#678=EDGE_LOOP('',(#2265,#2266,#2267,#2268));
#679=EDGE_LOOP('',(#2269,#2270,#2271,#2272));
#680=EDGE_LOOP('',(#2273,#2274,#2275,#2276));
#681=EDGE_LOOP('',(#2277,#2278,#2279,#2280));
#682=EDGE_LOOP('',(#2281,#2282,#2283,#2284));
#683=EDGE_LOOP('',(#2285,#2286,#2287,#2288));
#684=EDGE_LOOP('',(#2289,#2290,#2291,#2292));
#685=EDGE_LOOP('',(#2293,#2294,#2295,#2296));
#686=EDGE_LOOP('',(#2297,#2298,#2299,#2300));
#687=EDGE_LOOP('',(#2301,#2302,#2303,#2304));
#688=EDGE_LOOP('',(#2305,#2306,#2307,#2308));
#689=EDGE_LOOP('',(#2309,#2310,#2311,#2312));
#690=EDGE_LOOP('',(#2313,#2314,#2315,#2316));
#691=EDGE_LOOP('',(#2317,#2318,#2319,#2320));
#692=EDGE_LOOP('',(#2321,#2322,#2323,#2324));
#693=EDGE_LOOP('',(#2325,#2326,#2327,#2328,#2329,#2330,#2331));
#694=EDGE_LOOP('',(#2332,#2333,#2334,#2335));
#695=EDGE_LOOP('',(#2336,#2337,#2338,#2339));
#696=EDGE_LOOP('',(#2340,#2341,#2342,#2343,#2344));
#697=EDGE_LOOP('',(#2345,#2346,#2347));
#698=EDGE_LOOP('',(#2348,#2349,#2350,#2351));
#699=EDGE_LOOP('',(#2352,#2353,#2354,#2355));
#700=EDGE_LOOP('',(#2356,#2357,#2358,#2359,#2360,#2361,#2362,#2363,#2364,
#2365,#2366));
#701=EDGE_LOOP('',(#2367,#2368,#2369,#2370));
#702=EDGE_LOOP('',(#2371,#2372,#2373,#2374));
#703=EDGE_LOOP('',(#2375,#2376,#2377,#2378));
#704=EDGE_LOOP('',(#2379,#2380,#2381,#2382));
#705=EDGE_LOOP('',(#2383,#2384,#2385,#2386));
#706=EDGE_LOOP('',(#2387,#2388,#2389,#2390));
#707=EDGE_LOOP('',(#2391,#2392,#2393,#2394));
#708=EDGE_LOOP('',(#2395,#2396,#2397,#2398));
#709=EDGE_LOOP('',(#2399,#2400,#2401,#2402));
#710=EDGE_LOOP('',(#2403,#2404,#2405,#2406));
#711=EDGE_LOOP('',(#2407,#2408,#2409,#2410));
#712=EDGE_LOOP('',(#2411,#2412,#2413,#2414));
#713=EDGE_LOOP('',(#2415,#2416,#2417,#2418));
#714=EDGE_LOOP('',(#2419,#2420,#2421,#2422));
#715=EDGE_LOOP('',(#2423,#2424,#2425,#2426));
#716=EDGE_LOOP('',(#2427,#2428,#2429,#2430));
#717=EDGE_LOOP('',(#2431,#2432,#2433,#2434));
#718=EDGE_LOOP('',(#2435,#2436,#2437,#2438));
#719=EDGE_LOOP('',(#2439));
#720=EDGE_LOOP('',(#2440,#2441,#2442,#2443,#2444));
#721=EDGE_LOOP('',(#2445,#2446,#2447,#2448));
#722=EDGE_LOOP('',(#2449,#2450,#2451));
#723=EDGE_LOOP('',(#2452,#2453,#2454,#2455));
#724=EDGE_LOOP('',(#2456,#2457,#2458,#2459,#2460,#2461,#2462,#2463));
#725=EDGE_LOOP('',(#2464));
#726=EDGE_LOOP('',(#2465));
#727=EDGE_LOOP('',(#2466));
#728=EDGE_LOOP('',(#2467));
#729=EDGE_LOOP('',(#2468));
#730=EDGE_LOOP('',(#2469,#2470,#2471,#2472));
#731=EDGE_LOOP('',(#2473,#2474,#2475,#2476,#2477));
#732=EDGE_LOOP('',(#2478,#2479,#2480,#2481));
#733=EDGE_LOOP('',(#2482,#2483,#2484,#2485,#2486,#2487,#2488,#2489,#2490,
#2491,#2492,#2493,#2494));
#734=EDGE_LOOP('',(#2495,#2496,#2497,#2498));
#735=EDGE_LOOP('',(#2499,#2500,#2501,#2502,#2503,#2504,#2505,#2506,#2507,
#2508,#2509,#2510,#2511,#2512,#2513,#2514,#2515,#2516,#2517,#2518));
#736=EDGE_LOOP('',(#2519,#2520,#2521,#2522));
#737=EDGE_LOOP('',(#2523));
#738=EDGE_LOOP('',(#2524));
#739=EDGE_LOOP('',(#2525));
#740=EDGE_LOOP('',(#2526,#2527,#2528,#2529,#2530,#2531));
#741=EDGE_LOOP('',(#2532,#2533,#2534,#2535));
#742=EDGE_LOOP('',(#2536,#2537,#2538,#2539));
#743=EDGE_LOOP('',(#2540,#2541,#2542,#2543));
#744=EDGE_LOOP('',(#2544,#2545,#2546,#2547));
#745=EDGE_LOOP('',(#2548,#2549,#2550,#2551));
#746=EDGE_LOOP('',(#2552));
#747=EDGE_LOOP('',(#2553));
#748=EDGE_LOOP('',(#2554,#2555,#2556));
#749=EDGE_LOOP('',(#2557,#2558,#2559,#2560));
#750=EDGE_LOOP('',(#2561,#2562,#2563,#2564,#2565));
#751=EDGE_LOOP('',(#2566,#2567,#2568,#2569));
#752=EDGE_LOOP('',(#2570,#2571,#2572,#2573));
#753=EDGE_LOOP('',(#2574,#2575,#2576,#2577));
#754=EDGE_LOOP('',(#2578,#2579,#2580,#2581));
#755=EDGE_LOOP('',(#2582,#2583,#2584,#2585));
#756=EDGE_LOOP('',(#2586,#2587,#2588,#2589,#2590,#2591,#2592,#2593,#2594,
#2595,#2596,#2597,#2598,#2599,#2600));
#757=EDGE_LOOP('',(#2601,#2602,#2603,#2604));
#758=EDGE_LOOP('',(#2605));
#759=EDGE_LOOP('',(#2606));
#760=EDGE_LOOP('',(#2607,#2608,#2609,#2610,#2611,#2612,#2613,#2614,#2615,
#2616,#2617,#2618,#2619,#2620));
#761=EDGE_LOOP('',(#2621,#2622,#2623,#2624));
#762=EDGE_LOOP('',(#2625));
#763=EDGE_LOOP('',(#2626));
#764=EDGE_LOOP('',(#2627,#2628,#2629,#2630,#2631,#2632));
#765=EDGE_LOOP('',(#2633,#2634,#2635,#2636));
#766=EDGE_LOOP('',(#2637,#2638,#2639));
#767=EDGE_LOOP('',(#2640,#2641,#2642,#2643,#2644,#2645,#2646,#2647));
#768=EDGE_LOOP('',(#2648,#2649,#2650,#2651,#2652));
#769=EDGE_LOOP('',(#2653,#2654,#2655,#2656));
#770=EDGE_LOOP('',(#2657,#2658,#2659,#2660,#2661,#2662,#2663));
#771=EDGE_LOOP('',(#2664,#2665,#2666,#2667));
#772=EDGE_LOOP('',(#2668,#2669,#2670,#2671));
#773=EDGE_LOOP('',(#2672,#2673,#2674,#2675,#2676));
#774=EDGE_LOOP('',(#2677,#2678,#2679,#2680,#2681,#2682,#2683,#2684,#2685,
#2686));
#775=EDGE_LOOP('',(#2687,#2688,#2689,#2690,#2691,#2692,#2693,#2694,#2695,
#2696,#2697));
#776=EDGE_LOOP('',(#2698));
#777=EDGE_LOOP('',(#2699));
#778=EDGE_LOOP('',(#2700));
#779=EDGE_LOOP('',(#2701));
#780=EDGE_LOOP('',(#2702));
#781=EDGE_LOOP('',(#2703,#2704,#2705,#2706));
#782=EDGE_LOOP('',(#2707,#2708,#2709,#2710,#2711));
#783=EDGE_LOOP('',(#2712,#2713,#2714,#2715,#2716,#2717));
#784=EDGE_LOOP('',(#2718,#2719,#2720,#2721,#2722,#2723,#2724,#2725,#2726,
#2727,#2728,#2729));
#785=EDGE_LOOP('',(#2730,#2731,#2732,#2733,#2734,#2735));
#786=EDGE_LOOP('',(#2736,#2737,#2738,#2739));
#787=EDGE_LOOP('',(#2740,#2741,#2742,#2743,#2744,#2745,#2746,#2747,#2748,
#2749,#2750,#2751,#2752,#2753,#2754,#2755,#2756,#2757));
#788=EDGE_LOOP('',(#2758));
#789=EDGE_LOOP('',(#2759));
#790=EDGE_LOOP('',(#2760));
#791=EDGE_LOOP('',(#2761));
#792=EDGE_LOOP('',(#2762,#2763,#2764,#2765,#2766));
#793=EDGE_LOOP('',(#2767,#2768,#2769,#2770,#2771,#2772));
#794=EDGE_LOOP('',(#2773,#2774,#2775,#2776));
#795=EDGE_LOOP('',(#2777,#2778,#2779,#2780,#2781));
#796=EDGE_LOOP('',(#2782,#2783,#2784,#2785));
#797=EDGE_LOOP('',(#2786,#2787,#2788,#2789));
#798=EDGE_LOOP('',(#2790,#2791,#2792,#2793));
#799=EDGE_LOOP('',(#2794,#2795,#2796,#2797,#2798));
#800=EDGE_LOOP('',(#2799,#2800,#2801,#2802));
#801=EDGE_LOOP('',(#2803,#2804,#2805,#2806,#2807));
#802=EDGE_LOOP('',(#2808,#2809,#2810,#2811));
#803=EDGE_LOOP('',(#2812,#2813,#2814,#2815));
#804=EDGE_LOOP('',(#2816,#2817,#2818,#2819));
#805=EDGE_LOOP('',(#2820,#2821,#2822,#2823));
#806=EDGE_LOOP('',(#2824,#2825,#2826,#2827));
#807=EDGE_LOOP('',(#2828,#2829,#2830,#2831));
#808=EDGE_LOOP('',(#2832,#2833,#2834,#2835));
#809=EDGE_LOOP('',(#2836,#2837,#2838,#2839));
#810=EDGE_LOOP('',(#2840,#2841,#2842,#2843,#2844));
#811=EDGE_LOOP('',(#2845,#2846,#2847,#2848,#2849));
#812=EDGE_LOOP('',(#2850,#2851,#2852));
#813=EDGE_LOOP('',(#2853,#2854,#2855,#2856,#2857,#2858,#2859));
#814=EDGE_LOOP('',(#2860,#2861,#2862,#2863,#2864));
#815=EDGE_LOOP('',(#2865,#2866,#2867,#2868,#2869,#2870,#2871,#2872,#2873,
#2874,#2875,#2876,#2877,#2878,#2879,#2880,#2881,#2882,#2883,#2884,#2885,
#2886));
#816=EDGE_LOOP('',(#2887,#2888,#2889,#2890,#2891,#2892,#2893,#2894));
#817=LINE('',#4520,#1022);
#818=LINE('',#4522,#1023);
#819=LINE('',#4524,#1024);
#820=LINE('',#4525,#1025);
#821=LINE('',#4528,#1026);
#822=LINE('',#4530,#1027);
#823=LINE('',#4531,#1028);
#824=LINE('',#4534,#1029);
#825=LINE('',#4536,#1030);
#826=LINE('',#4537,#1031);
#827=LINE('',#4539,#1032);
#828=LINE('',#4543,#1033);
#829=LINE('',#4547,#1034);
#830=LINE('',#4549,#1035);
#831=LINE('',#4553,#1036);
#832=LINE('',#4557,#1037);
#833=LINE('',#4561,#1038);
#834=LINE('',#4570,#1039);
#835=LINE('',#4573,#1040);
#836=LINE('',#4576,#1041);
#837=LINE('',#4578,#1042);
#838=LINE('',#4579,#1043);
#839=LINE('',#4584,#1044);
#840=LINE('',#4591,#1045);
#841=LINE('',#4594,#1046);
#842=LINE('',#4682,#1047);
#843=LINE('',#4685,#1048);
#844=LINE('',#4688,#1049);
#845=LINE('',#4691,#1050);
#846=LINE('',#4694,#1051);
#847=LINE('',#4696,#1052);
#848=LINE('',#4699,#1053);
#849=LINE('',#4701,#1054);
#850=LINE('',#4705,#1055);
#851=LINE('',#4711,#1056);
#852=LINE('',#4714,#1057);
#853=LINE('',#4760,#1058);
#854=LINE('',#4761,#1059);
#855=LINE('',#4766,#1060);
#856=LINE('',#4767,#1061);
#857=LINE('',#4773,#1062);
#858=LINE('',#4784,#1063);
#859=LINE('',#4786,#1064);
#860=LINE('',#4788,#1065);
#861=LINE('',#4808,#1066);
#862=LINE('',#4809,#1067);
#863=LINE('',#4814,#1068);
#864=LINE('',#4815,#1069);
#865=LINE('',#4826,#1070);
#866=LINE('',#4827,#1071);
#867=LINE('',#4830,#1072);
#868=LINE('',#4832,#1073);
#869=LINE('',#4833,#1074);
#870=LINE('',#4838,#1075);
#871=LINE('',#4841,#1076);
#872=LINE('',#4850,#1077);
#873=LINE('',#4856,#1078);
#874=LINE('',#5249,#1079);
#875=LINE('',#5254,#1080);
#876=LINE('',#5258,#1081);
#877=LINE('',#5262,#1082);
#878=LINE('',#5266,#1083);
#879=LINE('',#5268,#1084);
#880=LINE('',#5269,#1085);
#881=LINE('',#5272,#1086);
#882=LINE('',#5279,#1087);
#883=LINE('',#5285,#1088);
#884=LINE('',#5290,#1089);
#885=LINE('',#5361,#1090);
#886=LINE('',#5362,#1091);
#887=LINE('',#5366,#1092);
#888=LINE('',#5368,#1093);
#889=LINE('',#5381,#1094);
#890=LINE('',#5384,#1095);
#891=LINE('',#5387,#1096);
#892=LINE('',#5389,#1097);
#893=LINE('',#5390,#1098);
#894=LINE('',#5396,#1099);
#895=LINE('',#5398,#1100);
#896=LINE('',#5405,#1101);
#897=LINE('',#5413,#1102);
#898=LINE('',#5415,#1103);
#899=LINE('',#5425,#1104);
#900=LINE('',#5429,#1105);
#901=LINE('',#5432,#1106);
#902=LINE('',#5433,#1107);
#903=LINE('',#5441,#1108);
#904=LINE('',#5443,#1109);
#905=LINE('',#5446,#1110);
#906=LINE('',#5450,#1111);
#907=LINE('',#5452,#1112);
#908=LINE('',#5454,#1113);
#909=LINE('',#5458,#1114);
#910=LINE('',#5468,#1115);
#911=LINE('',#5471,#1116);
#912=LINE('',#5477,#1117);
#913=LINE('',#5480,#1118);
#914=LINE('',#5483,#1119);
#915=LINE('',#5485,#1120);
#916=LINE('',#5486,#1121);
#917=LINE('',#5491,#1122);
#918=LINE('',#5501,#1123);
#919=LINE('',#5503,#1124);
#920=LINE('',#5508,#1125);
#921=LINE('',#5516,#1126);
#922=LINE('',#5528,#1127);
#923=LINE('',#5576,#1128);
#924=LINE('',#5580,#1129);
#925=LINE('',#5581,#1130);
#926=LINE('',#5582,#1131);
#927=LINE('',#5592,#1132);
#928=LINE('',#5594,#1133);
#929=LINE('',#5595,#1134);
#930=LINE('',#5596,#1135);
#931=LINE('',#5600,#1136);
#932=LINE('',#5605,#1137);
#933=LINE('',#5608,#1138);
#934=LINE('',#5611,#1139);
#935=LINE('',#5614,#1140);
#936=LINE('',#5616,#1141);
#937=LINE('',#5618,#1142);
#938=LINE('',#5619,#1143);
#939=LINE('',#5621,#1144);
#940=LINE('',#5622,#1145);
#941=LINE('',#5625,#1146);
#942=LINE('',#5626,#1147);
#943=LINE('',#5629,#1148);
#944=LINE('',#5633,#1149);
#945=LINE('',#5637,#1150);
#946=LINE('',#5640,#1151);
#947=LINE('',#5641,#1152);
#948=LINE('',#5642,#1153);
#949=LINE('',#5653,#1154);
#950=LINE('',#5671,#1155);
#951=LINE('',#5677,#1156);
#952=LINE('',#5683,#1157);
#953=LINE('',#5689,#1158);
#954=LINE('',#5695,#1159);
#955=LINE('',#5701,#1160);
#956=LINE('',#5703,#1161);
#957=LINE('',#5704,#1162);
#958=LINE('',#5710,#1163);
#959=LINE('',#5722,#1164);
#960=LINE('',#5726,#1165);
#961=LINE('',#5730,#1166);
#962=LINE('',#5758,#1167);
#963=LINE('',#5760,#1168);
#964=LINE('',#5762,#1169);
#965=LINE('',#5763,#1170);
#966=LINE('',#5788,#1171);
#967=LINE('',#5793,#1172);
#968=LINE('',#5817,#1173);
#969=LINE('',#5822,#1174);
#970=LINE('',#5824,#1175);
#971=LINE('',#5826,#1176);
#972=LINE('',#5830,#1177);
#973=LINE('',#5833,#1178);
#974=LINE('',#5836,#1179);
#975=LINE('',#5839,#1180);
#976=LINE('',#5845,#1181);
#977=LINE('',#5863,#1182);
#978=LINE('',#5872,#1183);
#979=LINE('',#5917,#1184);
#980=LINE('',#5924,#1185);
#981=LINE('',#5964,#1186);
#982=LINE('',#5969,#1187);
#983=LINE('',#5970,#1188);
#984=LINE('',#5973,#1189);
#985=LINE('',#5974,#1190);
#986=LINE('',#5978,#1191);
#987=LINE('',#5981,#1192);
#988=LINE('',#6033,#1193);
#989=LINE('',#6040,#1194);
#990=LINE('',#6043,#1195);
#991=LINE('',#6044,#1196);
#992=LINE('',#6047,#1197);
#993=LINE('',#6048,#1198);
#994=LINE('',#6051,#1199);
#995=LINE('',#6052,#1200);
#996=LINE('',#6056,#1201);
#997=LINE('',#6062,#1202);
#998=LINE('',#6065,#1203);
#999=LINE('',#6068,#1204);
#1000=LINE('',#6071,#1205);
#1001=LINE('',#6077,#1206);
#1002=LINE('',#6167,#1207);
#1003=LINE('',#6170,#1208);
#1004=LINE('',#6184,#1209);
#1005=LINE('',#6186,#1210);
#1006=LINE('',#6238,#1211);
#1007=LINE('',#6239,#1212);
#1008=LINE('',#6244,#1213);
#1009=LINE('',#6245,#1214);
#1010=LINE('',#6248,#1215);
#1011=LINE('',#6249,#1216);
#1012=LINE('',#6253,#1217);
#1013=LINE('',#6256,#1218);
#1014=LINE('',#6257,#1219);
#1015=LINE('',#6291,#1220);
#1016=LINE('',#6294,#1221);
#1017=LINE('',#6301,#1222);
#1018=LINE('',#6305,#1223);
#1019=LINE('',#6306,#1224);
#1020=LINE('',#6308,#1225);
#1021=LINE('',#6310,#1226);
#1022=VECTOR('',#3537,10.);
#1023=VECTOR('',#3538,10.);
#1024=VECTOR('',#3539,10.);
#1025=VECTOR('',#3540,10.);
#1026=VECTOR('',#3543,10.);
#1027=VECTOR('',#3544,10.);
#1028=VECTOR('',#3545,10.);
#1029=VECTOR('',#3548,10.);
#1030=VECTOR('',#3549,10.);
#1031=VECTOR('',#3550,10.);
#1032=VECTOR('',#3553,10.);
#1033=VECTOR('',#3556,10.);
#1034=VECTOR('',#3559,10.);
#1035=VECTOR('',#3560,10.);
#1036=VECTOR('',#3563,10.);
#1037=VECTOR('',#3566,10.);
#1038=VECTOR('',#3569,10.);
#1039=VECTOR('',#3578,10.);
#1040=VECTOR('',#3581,10.);
#1041=VECTOR('',#3584,10.);
#1042=VECTOR('',#3585,10.);
#1043=VECTOR('',#3586,8.);
#1044=VECTOR('',#3591,10.);
#1045=VECTOR('',#3598,10.);
#1046=VECTOR('',#3601,10.);
#1047=VECTOR('',#3604,10.);
#1048=VECTOR('',#3607,10.);
#1049=VECTOR('',#3610,10.);
#1050=VECTOR('',#3613,10.);
#1051=VECTOR('',#3616,10.);
#1052=VECTOR('',#3617,10.);
#1053=VECTOR('',#3620,10.);
#1054=VECTOR('',#3621,1.);
#1055=VECTOR('',#3624,10.);
#1056=VECTOR('',#3629,10.);
#1057=VECTOR('',#3632,10.);
#1058=VECTOR('',#3643,10.);
#1059=VECTOR('',#3644,10.);
#1060=VECTOR('',#3649,10.);
#1061=VECTOR('',#3650,10.);
#1062=VECTOR('',#3659,10.);
#1063=VECTOR('',#3666,10.);
#1064=VECTOR('',#3667,10.);
#1065=VECTOR('',#3668,10.);
#1066=VECTOR('',#3671,10.);
#1067=VECTOR('',#3672,10.);
#1068=VECTOR('',#3677,10.);
#1069=VECTOR('',#3678,10.);
#1070=VECTOR('',#3691,10.);
#1071=VECTOR('',#3692,10.);
#1072=VECTOR('',#3695,10.);
#1073=VECTOR('',#3696,10.);
#1074=VECTOR('',#3697,10.);
#1075=VECTOR('',#3702,10.);
#1076=VECTOR('',#3707,10.);
#1077=VECTOR('',#3722,3.59999999999999);
#1078=VECTOR('',#3731,2.10000000000001);
#1079=VECTOR('',#3828,10.);
#1080=VECTOR('',#3833,2.99999999999999);
#1081=VECTOR('',#3838,2.7);
#1082=VECTOR('',#3843,2.99999999999999);
#1083=VECTOR('',#3848,10.);
#1084=VECTOR('',#3849,10.);
#1085=VECTOR('',#3850,10.);
#1086=VECTOR('',#3853,1.);
#1087=VECTOR('',#3860,10.);
#1088=VECTOR('',#3861,10.);
#1089=VECTOR('',#3866,10.);
#1090=VECTOR('',#3895,10.);
#1091=VECTOR('',#3896,10.);
#1092=VECTOR('',#3901,10.);
#1093=VECTOR('',#3904,10.);
#1094=VECTOR('',#3923,10.);
#1095=VECTOR('',#3926,10.);
#1096=VECTOR('',#3929,10.);
#1097=VECTOR('',#3930,10.);
#1098=VECTOR('',#3931,10.);
#1099=VECTOR('',#3936,10.);
#1100=VECTOR('',#3939,10.);
#1101=VECTOR('',#3948,10.);
#1102=VECTOR('',#3961,10.);
#1103=VECTOR('',#3964,10.);
#1104=VECTOR('',#3983,10.);
#1105=VECTOR('',#3988,10.);
#1106=VECTOR('',#3991,10.);
#1107=VECTOR('',#3992,10.);
#1108=VECTOR('',#4003,10.);
#1109=VECTOR('',#4006,10.);
#1110=VECTOR('',#4009,10.);
#1111=VECTOR('',#4012,10.);
#1112=VECTOR('',#4013,10.);
#1113=VECTOR('',#4014,10.);
#1114=VECTOR('',#4017,10.);
#1115=VECTOR('',#4026,10.);
#1116=VECTOR('',#4029,10.);
#1117=VECTOR('',#4034,10.);
#1118=VECTOR('',#4037,10.);
#1119=VECTOR('',#4040,10.);
#1120=VECTOR('',#4041,10.);
#1121=VECTOR('',#4042,10.);
#1122=VECTOR('',#4049,10.);
#1123=VECTOR('',#4066,10.);
#1124=VECTOR('',#4069,10.);
#1125=VECTOR('',#4074,10.);
#1126=VECTOR('',#4085,10.);
#1127=VECTOR('',#4096,10.);
#1128=VECTOR('',#4109,10.);
#1129=VECTOR('',#4112,10.);
#1130=VECTOR('',#4113,9.99999999999999);
#1131=VECTOR('',#4114,10.);
#1132=VECTOR('',#4129,10.);
#1133=VECTOR('',#4132,10.);
#1134=VECTOR('',#4133,10.);
#1135=VECTOR('',#4134,10.);
#1136=VECTOR('',#4139,10.);
#1137=VECTOR('',#4144,10.);
#1138=VECTOR('',#4147,10.);
#1139=VECTOR('',#4150,10.);
#1140=VECTOR('',#4153,10.);
#1141=VECTOR('',#4154,10.);
#1142=VECTOR('',#4155,10.);
#1143=VECTOR('',#4156,10.);
#1144=VECTOR('',#4157,10.);
#1145=VECTOR('',#4158,10.);
#1146=VECTOR('',#4161,10.);
#1147=VECTOR('',#4162,10.);
#1148=VECTOR('',#4165,10.);
#1149=VECTOR('',#4168,10.);
#1150=VECTOR('',#4171,10.);
#1151=VECTOR('',#4174,2.);
#1152=VECTOR('',#4175,10.);
#1153=VECTOR('',#4176,10.);
#1154=VECTOR('',#4187,4.25);
#1155=VECTOR('',#4194,2.5);
#1156=VECTOR('',#4201,1.5);
#1157=VECTOR('',#4208,1.5);
#1158=VECTOR('',#4215,1.5);
#1159=VECTOR('',#4222,1.5);
#1160=VECTOR('',#4229,10.);
#1161=VECTOR('',#4230,10.);
#1162=VECTOR('',#4231,10.);
#1163=VECTOR('',#4236,10.);
#1164=VECTOR('',#4237,10.);
#1165=VECTOR('',#4240,10.);
#1166=VECTOR('',#4245,10.);
#1167=VECTOR('',#4252,10.);
#1168=VECTOR('',#4253,10.);
#1169=VECTOR('',#4254,10.);
#1170=VECTOR('',#4255,10.);
#1171=VECTOR('',#4260,10.);
#1172=VECTOR('',#4265,10.);
#1173=VECTOR('',#4274,10.);
#1174=VECTOR('',#4279,10.);
#1175=VECTOR('',#4280,10.);
#1176=VECTOR('',#4281,10.);
#1177=VECTOR('',#4284,10.);
#1178=VECTOR('',#4287,10.);
#1179=VECTOR('',#4290,5.);
#1180=VECTOR('',#4293,2.5);
#1181=VECTOR('',#4302,5.);
#1182=VECTOR('',#4309,2.5);
#1183=VECTOR('',#4320,11.);
#1184=VECTOR('',#4325,5.);
#1185=VECTOR('',#4336,5.);
#1186=VECTOR('',#4341,10.);
#1187=VECTOR('',#4346,10.);
#1188=VECTOR('',#4347,10.);
#1189=VECTOR('',#4350,10.);
#1190=VECTOR('',#4351,10.);
#1191=VECTOR('',#4356,5.);
#1192=VECTOR('',#4359,10.);
#1193=VECTOR('',#4372,10.);
#1194=VECTOR('',#4379,10.);
#1195=VECTOR('',#4382,10.);
#1196=VECTOR('',#4383,10.);
#1197=VECTOR('',#4386,10.);
#1198=VECTOR('',#4387,10.);
#1199=VECTOR('',#4390,10.);
#1200=VECTOR('',#4391,10.);
#1201=VECTOR('',#4396,10.);
#1202=VECTOR('',#4403,10.);
#1203=VECTOR('',#4406,10.);
#1204=VECTOR('',#4409,10.);
#1205=VECTOR('',#4412,10.);
#1206=VECTOR('',#4417,10.);
#1207=VECTOR('',#4418,10.);
#1208=VECTOR('',#4421,10.);
#1209=VECTOR('',#4426,10.);
#1210=VECTOR('',#4427,10.);
#1211=VECTOR('',#4438,10.);
#1212=VECTOR('',#4439,10.);
#1213=VECTOR('',#4444,10.);
#1214=VECTOR('',#4445,10.);
#1215=VECTOR('',#4448,10.);
#1216=VECTOR('',#4449,10.);
#1217=VECTOR('',#4454,10.);
#1218=VECTOR('',#4457,10.);
#1219=VECTOR('',#4458,10.);
#1220=VECTOR('',#4487,10.);
#1221=VECTOR('',#4490,10.);
#1222=VECTOR('',#4501,10.);
#1223=VECTOR('',#4506,10.);
#1224=VECTOR('',#4507,10.);
#1225=VECTOR('',#4510,10.);
#1226=VECTOR('',#4513,10.);
#1227=VERTEX_POINT('',#4518);
#1228=VERTEX_POINT('',#4519);
#1229=VERTEX_POINT('',#4521);
#1230=VERTEX_POINT('',#4523);
#1231=VERTEX_POINT('',#4527);
#1232=VERTEX_POINT('',#4529);
#1233=VERTEX_POINT('',#4533);
#1234=VERTEX_POINT('',#4535);
#1235=VERTEX_POINT('',#4541);
#1236=VERTEX_POINT('',#4542);
#1237=VERTEX_POINT('',#4544);
#1238=VERTEX_POINT('',#4546);
#1239=VERTEX_POINT('',#4548);
#1240=VERTEX_POINT('',#4550);
#1241=VERTEX_POINT('',#4552);
#1242=VERTEX_POINT('',#4554);
#1243=VERTEX_POINT('',#4556);
#1244=VERTEX_POINT('',#4558);
#1245=VERTEX_POINT('',#4560);
#1246=VERTEX_POINT('',#4563);
#1247=VERTEX_POINT('',#4566);
#1248=VERTEX_POINT('',#4567);
#1249=VERTEX_POINT('',#4569);
#1250=VERTEX_POINT('',#4571);
#1251=VERTEX_POINT('',#4575);
#1252=VERTEX_POINT('',#4577);
#1253=VERTEX_POINT('',#4581);
#1254=VERTEX_POINT('',#4583);
#1255=VERTEX_POINT('',#4587);
#1256=VERTEX_POINT('',#4588);
#1257=VERTEX_POINT('',#4590);
#1258=VERTEX_POINT('',#4592);
#1259=VERTEX_POINT('',#4655);
#1260=VERTEX_POINT('',#4681);
#1261=VERTEX_POINT('',#4683);
#1262=VERTEX_POINT('',#4687);
#1263=VERTEX_POINT('',#4689);
#1264=VERTEX_POINT('',#4693);
#1265=VERTEX_POINT('',#4695);
#1266=VERTEX_POINT('',#4697);
#1267=VERTEX_POINT('',#4700);
#1268=VERTEX_POINT('',#4702);
#1269=VERTEX_POINT('',#4704);
#1270=VERTEX_POINT('',#4707);
#1271=VERTEX_POINT('',#4708);
#1272=VERTEX_POINT('',#4710);
#1273=VERTEX_POINT('',#4712);
#1274=VERTEX_POINT('',#4751);
#1275=VERTEX_POINT('',#4752);
#1276=VERTEX_POINT('',#4757);
#1277=VERTEX_POINT('',#4758);
#1278=VERTEX_POINT('',#4763);
#1279=VERTEX_POINT('',#4764);
#1280=VERTEX_POINT('',#4772);
#1281=VERTEX_POINT('',#4774);
#1282=VERTEX_POINT('',#4776);
#1283=VERTEX_POINT('',#4783);
#1284=VERTEX_POINT('',#4785);
#1285=VERTEX_POINT('',#4787);
#1286=VERTEX_POINT('',#4789);
#1287=VERTEX_POINT('',#4791);
#1288=VERTEX_POINT('',#4802);
#1289=VERTEX_POINT('',#4807);
#1290=VERTEX_POINT('',#4811);
#1291=VERTEX_POINT('',#4812);
#1292=VERTEX_POINT('',#4817);
#1293=VERTEX_POINT('',#4818);
#1294=VERTEX_POINT('',#4823);
#1295=VERTEX_POINT('',#4824);
#1296=VERTEX_POINT('',#4829);
#1297=VERTEX_POINT('',#4831);
#1298=VERTEX_POINT('',#4834);
#1299=VERTEX_POINT('',#4837);
#1300=VERTEX_POINT('',#4849);
#1301=VERTEX_POINT('',#4853);
#1302=VERTEX_POINT('',#4877);
#1303=VERTEX_POINT('',#4879);
#1304=VERTEX_POINT('',#4947);
#1305=VERTEX_POINT('',#4979);
#1306=VERTEX_POINT('',#4998);
#1307=VERTEX_POINT('',#5000);
#1308=VERTEX_POINT('',#5002);
#1309=VERTEX_POINT('',#5032);
#1310=VERTEX_POINT('',#5036);
#1311=VERTEX_POINT('',#5038);
#1312=VERTEX_POINT('',#5040);
#1313=VERTEX_POINT('',#5070);
#1314=VERTEX_POINT('',#5074);
#1315=VERTEX_POINT('',#5075);
#1316=VERTEX_POINT('',#5082);
#1317=VERTEX_POINT('',#5084);
#1318=VERTEX_POINT('',#5113);
#1319=VERTEX_POINT('',#5122);
#1320=VERTEX_POINT('',#5134);
#1321=VERTEX_POINT('',#5164);
#1322=VERTEX_POINT('',#5168);
#1323=VERTEX_POINT('',#5170);
#1324=VERTEX_POINT('',#5172);
#1325=VERTEX_POINT('',#5202);
#1326=VERTEX_POINT('',#5206);
#1327=VERTEX_POINT('',#5208);
#1328=VERTEX_POINT('',#5210);
#1329=VERTEX_POINT('',#5240);
#1330=VERTEX_POINT('',#5251);
#1331=VERTEX_POINT('',#5253);
#1332=VERTEX_POINT('',#5257);
#1333=VERTEX_POINT('',#5261);
#1334=VERTEX_POINT('',#5265);
#1335=VERTEX_POINT('',#5267);
#1336=VERTEX_POINT('',#5271);
#1337=VERTEX_POINT('',#5275);
#1338=VERTEX_POINT('',#5276);
#1339=VERTEX_POINT('',#5278);
#1340=VERTEX_POINT('',#5280);
#1341=VERTEX_POINT('',#5287);
#1342=VERTEX_POINT('',#5289);
#1343=VERTEX_POINT('',#5291);
#1344=VERTEX_POINT('',#5293);
#1345=VERTEX_POINT('',#5325);
#1346=VERTEX_POINT('',#5351);
#1347=VERTEX_POINT('',#5355);
#1348=VERTEX_POINT('',#5357);
#1349=VERTEX_POINT('',#5364);
#1350=VERTEX_POINT('',#5377);
#1351=VERTEX_POINT('',#5378);
#1352=VERTEX_POINT('',#5380);
#1353=VERTEX_POINT('',#5382);
#1354=VERTEX_POINT('',#5386);
#1355=VERTEX_POINT('',#5388);
#1356=VERTEX_POINT('',#5392);
#1357=VERTEX_POINT('',#5393);
#1358=VERTEX_POINT('',#5395);
#1359=VERTEX_POINT('',#5400);
#1360=VERTEX_POINT('',#5404);
#1361=VERTEX_POINT('',#5411);
#1362=VERTEX_POINT('',#5427);
#1363=VERTEX_POINT('',#5431);
#1364=VERTEX_POINT('',#5435);
#1365=VERTEX_POINT('',#5439);
#1366=VERTEX_POINT('',#5445);
#1367=VERTEX_POINT('',#5447);
#1368=VERTEX_POINT('',#5449);
#1369=VERTEX_POINT('',#5451);
#1370=VERTEX_POINT('',#5453);
#1371=VERTEX_POINT('',#5455);
#1372=VERTEX_POINT('',#5457);
#1373=VERTEX_POINT('',#5459);
#1374=VERTEX_POINT('',#5461);
#1375=VERTEX_POINT('',#5464);
#1376=VERTEX_POINT('',#5465);
#1377=VERTEX_POINT('',#5467);
#1378=VERTEX_POINT('',#5469);
#1379=VERTEX_POINT('',#5473);
#1380=VERTEX_POINT('',#5474);
#1381=VERTEX_POINT('',#5476);
#1382=VERTEX_POINT('',#5478);
#1383=VERTEX_POINT('',#5482);
#1384=VERTEX_POINT('',#5484);
#1385=VERTEX_POINT('',#5488);
#1386=VERTEX_POINT('',#5499);
#1387=VERTEX_POINT('',#5505);
#1388=VERTEX_POINT('',#5507);
#1389=VERTEX_POINT('',#5511);
#1390=VERTEX_POINT('',#5515);
#1391=VERTEX_POINT('',#5521);
#1392=VERTEX_POINT('',#5523);
#1393=VERTEX_POINT('',#5572);
#1394=VERTEX_POINT('',#5578);
#1395=VERTEX_POINT('',#5579);
#1396=VERTEX_POINT('',#5586);
#1397=VERTEX_POINT('',#5590);
#1398=VERTEX_POINT('',#5599);
#1399=VERTEX_POINT('',#5601);
#1400=VERTEX_POINT('',#5603);
#1401=VERTEX_POINT('',#5607);
#1402=VERTEX_POINT('',#5609);
#1403=VERTEX_POINT('',#5613);
#1404=VERTEX_POINT('',#5615);
#1405=VERTEX_POINT('',#5617);
#1406=VERTEX_POINT('',#5620);
#1407=VERTEX_POINT('',#5624);
#1408=VERTEX_POINT('',#5628);
#1409=VERTEX_POINT('',#5630);
#1410=VERTEX_POINT('',#5632);
#1411=VERTEX_POINT('',#5634);
#1412=VERTEX_POINT('',#5636);
#1413=VERTEX_POINT('',#5638);
#1414=VERTEX_POINT('',#5643);
#1415=VERTEX_POINT('',#5645);
#1416=VERTEX_POINT('',#5647);
#1417=VERTEX_POINT('',#5650);
#1418=VERTEX_POINT('',#5652);
#1419=VERTEX_POINT('',#5654);
#1420=VERTEX_POINT('',#5656);
#1421=VERTEX_POINT('',#5670);
#1422=VERTEX_POINT('',#5674);
#1423=VERTEX_POINT('',#5676);
#1424=VERTEX_POINT('',#5680);
#1425=VERTEX_POINT('',#5682);
#1426=VERTEX_POINT('',#5686);
#1427=VERTEX_POINT('',#5688);
#1428=VERTEX_POINT('',#5692);
#1429=VERTEX_POINT('',#5694);
#1430=VERTEX_POINT('',#5699);
#1431=VERTEX_POINT('',#5700);
#1432=VERTEX_POINT('',#5702);
#1433=VERTEX_POINT('',#5706);
#1434=VERTEX_POINT('',#5707);
#1435=VERTEX_POINT('',#5709);
#1436=VERTEX_POINT('',#5711);
#1437=VERTEX_POINT('',#5724);
#1438=VERTEX_POINT('',#5725);
#1439=VERTEX_POINT('',#5727);
#1440=VERTEX_POINT('',#5756);
#1441=VERTEX_POINT('',#5757);
#1442=VERTEX_POINT('',#5759);
#1443=VERTEX_POINT('',#5761);
#1444=VERTEX_POINT('',#5765);
#1445=VERTEX_POINT('',#5786);
#1446=VERTEX_POINT('',#5790);
#1447=VERTEX_POINT('',#5792);
#1448=VERTEX_POINT('',#5811);
#1449=VERTEX_POINT('',#5815);
#1450=VERTEX_POINT('',#5816);
#1451=VERTEX_POINT('',#5818);
#1452=VERTEX_POINT('',#5820);
#1453=VERTEX_POINT('',#5823);
#1454=VERTEX_POINT('',#5825);
#1455=VERTEX_POINT('',#5827);
#1456=VERTEX_POINT('',#5829);
#1457=VERTEX_POINT('',#5831);
#1458=VERTEX_POINT('',#5834);
#1459=VERTEX_POINT('',#5838);
#1460=VERTEX_POINT('',#5842);
#1461=VERTEX_POINT('',#5847);
#1462=VERTEX_POINT('',#5862);
#1463=VERTEX_POINT('',#5866);
#1464=VERTEX_POINT('',#5869);
#1465=VERTEX_POINT('',#5871);
#1466=VERTEX_POINT('',#5873);
#1467=VERTEX_POINT('',#5906);
#1468=VERTEX_POINT('',#5916);
#1469=VERTEX_POINT('',#5920);
#1470=VERTEX_POINT('',#5925);
#1471=VERTEX_POINT('',#5938);
#1472=VERTEX_POINT('',#5962);
#1473=VERTEX_POINT('',#5966);
#1474=VERTEX_POINT('',#5967);
#1475=VERTEX_POINT('',#5972);
#1476=VERTEX_POINT('',#5976);
#1477=VERTEX_POINT('',#5980);
#1478=VERTEX_POINT('',#6013);
#1479=VERTEX_POINT('',#6026);
#1480=VERTEX_POINT('',#6027);
#1481=VERTEX_POINT('',#6030);
#1482=VERTEX_POINT('',#6032);
#1483=VERTEX_POINT('',#6036);
#1484=VERTEX_POINT('',#6037);
#1485=VERTEX_POINT('',#6039);
#1486=VERTEX_POINT('',#6041);
#1487=VERTEX_POINT('',#6046);
#1488=VERTEX_POINT('',#6050);
#1489=VERTEX_POINT('',#6055);
#1490=VERTEX_POINT('',#6059);
#1491=VERTEX_POINT('',#6061);
#1492=VERTEX_POINT('',#6063);
#1493=VERTEX_POINT('',#6067);
#1494=VERTEX_POINT('',#6069);
#1495=VERTEX_POINT('',#6073);
#1496=VERTEX_POINT('',#6074);
#1497=VERTEX_POINT('',#6076);
#1498=VERTEX_POINT('',#6078);
#1499=VERTEX_POINT('',#6169);
#1500=VERTEX_POINT('',#6182);
#1501=VERTEX_POINT('',#6185);
#1502=VERTEX_POINT('',#6237);
#1503=VERTEX_POINT('',#6241);
#1504=VERTEX_POINT('',#6242);
#1505=VERTEX_POINT('',#6247);
#1506=VERTEX_POINT('',#6251);
#1507=VERTEX_POINT('',#6255);
#1508=VERTEX_POINT('',#6289);
#1509=VERTEX_POINT('',#6293);
#1510=VERTEX_POINT('',#6300);
#1511=VERTEX_POINT('',#6304);
#1512=EDGE_CURVE('',#1227,#1228,#817,.T.);
#1513=EDGE_CURVE('',#1227,#1229,#818,.T.);
#1514=EDGE_CURVE('',#1230,#1229,#819,.T.);
#1515=EDGE_CURVE('',#1228,#1230,#820,.T.);
#1516=EDGE_CURVE('',#1228,#1231,#821,.T.);
#1517=EDGE_CURVE('',#1232,#1230,#822,.T.);
#1518=EDGE_CURVE('',#1231,#1232,#823,.T.);
#1519=EDGE_CURVE('',#1233,#1231,#824,.T.);
#1520=EDGE_CURVE('',#1234,#1232,#825,.T.);
#1521=EDGE_CURVE('',#1233,#1234,#826,.T.);
#1522=EDGE_CURVE('',#1229,#1234,#827,.T.);
#1523=EDGE_CURVE('',#1235,#1236,#828,.T.);
#1524=EDGE_CURVE('',#1237,#1235,#239,.T.);
#1525=EDGE_CURVE('',#1237,#1238,#829,.T.);
#1526=EDGE_CURVE('',#1238,#1239,#830,.T.);
#1527=EDGE_CURVE('',#1239,#1240,#199,.T.);
#1528=EDGE_CURVE('',#1240,#1241,#831,.T.);
#1529=EDGE_CURVE('',#1242,#1241,#200,.T.);
#1530=EDGE_CURVE('',#1243,#1242,#832,.T.);
#1531=EDGE_CURVE('',#1244,#1243,#240,.T.);
#1532=EDGE_CURVE('',#1245,#1244,#833,.T.);
#1533=EDGE_CURVE('',#1236,#1245,#241,.T.);
#1534=EDGE_CURVE('',#1246,#1246,#242,.T.);
#1535=EDGE_CURVE('',#1247,#1248,#243,.T.);
#1536=EDGE_CURVE('',#1247,#1249,#834,.T.);
#1537=EDGE_CURVE('',#1250,#1249,#244,.T.);
#1538=EDGE_CURVE('',#1250,#1248,#835,.T.);
#1539=EDGE_CURVE('',#1251,#1247,#836,.T.);
#1540=EDGE_CURVE('',#1252,#1251,#837,.T.);
#1541=EDGE_CURVE('',#1252,#1249,#838,.T.);
#1542=EDGE_CURVE('',#1253,#1251,#245,.T.);
#1543=EDGE_CURVE('',#1253,#1254,#839,.T.);
#1544=EDGE_CURVE('',#1252,#1254,#246,.T.);
#1545=EDGE_CURVE('',#1255,#1256,#247,.T.);
#1546=EDGE_CURVE('',#1256,#1257,#840,.T.);
#1547=EDGE_CURVE('',#1257,#1258,#201,.T.);
#1548=EDGE_CURVE('',#1258,#1255,#841,.T.);
#1549=EDGE_CURVE('',#1255,#1259,#52,.T.);
#1550=EDGE_CURVE('',#1259,#1256,#53,.T.);
#1551=EDGE_CURVE('',#1259,#1260,#842,.T.);
#1552=EDGE_CURVE('',#1260,#1261,#248,.T.);
#1553=EDGE_CURVE('',#1261,#1256,#843,.T.);
#1554=EDGE_CURVE('',#1255,#1262,#844,.T.);
#1555=EDGE_CURVE('',#1263,#1262,#249,.T.);
#1556=EDGE_CURVE('',#1263,#1259,#845,.T.);
#1557=EDGE_CURVE('',#1258,#1264,#846,.T.);
#1558=EDGE_CURVE('',#1265,#1264,#847,.T.);
#1559=EDGE_CURVE('',#1266,#1265,#250,.T.);
#1560=EDGE_CURVE('',#1243,#1266,#848,.T.);
#1561=EDGE_CURVE('',#1242,#1267,#849,.T.);
#1562=EDGE_CURVE('',#1268,#1267,#251,.T.);
#1563=EDGE_CURVE('',#1269,#1268,#850,.T.);
#1564=EDGE_CURVE('',#1262,#1269,#252,.T.);
#1565=EDGE_CURVE('',#1270,#1271,#253,.T.);
#1566=EDGE_CURVE('',#1272,#1270,#851,.T.);
#1567=EDGE_CURVE('',#1273,#1272,#254,.T.);
#1568=EDGE_CURVE('',#1271,#1273,#852,.T.);
#1569=EDGE_CURVE('',#1274,#1275,#255,.T.);
#1570=EDGE_CURVE('',#1261,#1274,#202,.F.);
#1571=EDGE_CURVE('',#1260,#1275,#203,.T.);
#1572=EDGE_CURVE('',#1276,#1277,#204,.T.);
#1573=EDGE_CURVE('',#1277,#1261,#853,.T.);
#1574=EDGE_CURVE('',#1274,#1276,#854,.T.);
#1575=EDGE_CURVE('',#1278,#1279,#256,.T.);
#1576=EDGE_CURVE('',#1279,#1274,#855,.T.);
#1577=EDGE_CURVE('',#1275,#1278,#856,.T.);
#1578=EDGE_CURVE('',#1254,#1279,#257,.T.);
#1579=EDGE_CURVE('',#1278,#1252,#258,.T.);
#1580=EDGE_CURVE('',#1278,#1280,#857,.T.);
#1581=EDGE_CURVE('',#1281,#1280,#205,.T.);
#1582=EDGE_CURVE('',#1282,#1281,#54,.T.);
#1583=EDGE_CURVE('',#1249,#1282,#259,.T.);
#1584=EDGE_CURVE('',#1283,#1263,#858,.T.);
#1585=EDGE_CURVE('',#1284,#1283,#859,.T.);
#1586=EDGE_CURVE('',#1285,#1284,#860,.T.);
#1587=EDGE_CURVE('',#1286,#1285,#206,.T.);
#1588=EDGE_CURVE('',#1287,#1286,#55,.T.);
#1589=EDGE_CURVE('',#1288,#1287,#56,.T.);
#1590=EDGE_CURVE('',#1289,#1288,#861,.T.);
#1591=EDGE_CURVE('',#1280,#1289,#862,.T.);
#1592=EDGE_CURVE('',#1290,#1291,#260,.T.);
#1593=EDGE_CURVE('',#1291,#1236,#863,.T.);
#1594=EDGE_CURVE('',#1245,#1290,#864,.T.);
#1595=EDGE_CURVE('',#1292,#1293,#261,.T.);
#1596=EDGE_CURVE('',#1293,#1291,#262,.T.);
#1597=EDGE_CURVE('',#1290,#1292,#263,.T.);
#1598=EDGE_CURVE('',#1294,#1295,#207,.T.);
#1599=EDGE_CURVE('',#1295,#1293,#865,.T.);
#1600=EDGE_CURVE('',#1292,#1294,#866,.T.);
#1601=EDGE_CURVE('',#1296,#1292,#867,.T.);
#1602=EDGE_CURVE('',#1297,#1296,#868,.T.);
#1603=EDGE_CURVE('',#1294,#1297,#869,.T.);
#1604=EDGE_CURVE('',#1298,#1298,#264,.T.);
#1605=EDGE_CURVE('',#1290,#1299,#870,.T.);
#1606=EDGE_CURVE('',#1296,#1299,#265,.T.);
#1607=EDGE_CURVE('',#1299,#1244,#871,.T.);
#1608=EDGE_CURVE('',#1296,#1265,#266,.T.);
#1609=EDGE_CURVE('',#1264,#1297,#208,.T.);
#1610=EDGE_CURVE('',#1299,#1266,#267,.T.);
#1611=EDGE_CURVE('',#1298,#1300,#872,.T.);
#1612=EDGE_CURVE('',#1300,#1300,#268,.F.);
#1613=EDGE_CURVE('',#1301,#1301,#269,.T.);
#1614=EDGE_CURVE('',#1301,#1246,#873,.T.);
#1615=EDGE_CURVE('',#1287,#1302,#270,.T.);
#1616=EDGE_CURVE('',#1302,#1303,#57,.T.);
#1617=EDGE_CURVE('',#1288,#1303,#271,.T.);
#1618=EDGE_CURVE('',#1286,#1304,#272,.T.);
#1619=EDGE_CURVE('',#1304,#1302,#58,.T.);
#1620=EDGE_CURVE('',#1285,#1305,#273,.T.);
#1621=EDGE_CURVE('',#1305,#1304,#59,.T.);
#1622=EDGE_CURVE('',#1306,#1306,#274,.T.);
#1623=EDGE_CURVE('',#1306,#1307,#275,.T.);
#1624=EDGE_CURVE('',#1307,#1308,#276,.T.);
#1625=EDGE_CURVE('',#1308,#1307,#277,.T.);
#1626=EDGE_CURVE('',#1308,#1309,#278,.T.);
#1627=EDGE_CURVE('',#1309,#1309,#279,.T.);
#1628=EDGE_CURVE('',#1310,#1310,#280,.T.);
#1629=EDGE_CURVE('',#1310,#1311,#281,.T.);
#1630=EDGE_CURVE('',#1311,#1312,#282,.T.);
#1631=EDGE_CURVE('',#1312,#1311,#283,.T.);
#1632=EDGE_CURVE('',#1312,#1313,#284,.T.);
#1633=EDGE_CURVE('',#1313,#1313,#285,.T.);
#1634=EDGE_CURVE('',#1314,#1315,#60,.T.);
#1635=EDGE_CURVE('',#1315,#1316,#286,.T.);
#1636=EDGE_CURVE('',#1316,#1317,#61,.T.);
#1637=EDGE_CURVE('',#1317,#1314,#287,.T.);
#1638=EDGE_CURVE('',#1318,#1317,#62,.F.);
#1639=EDGE_CURVE('',#1318,#1319,#288,.T.);
#1640=EDGE_CURVE('',#1319,#1314,#63,.T.);
#1641=EDGE_CURVE('',#1305,#1303,#289,.T.);
#1642=EDGE_CURVE('',#1302,#1320,#290,.T.);
#1643=EDGE_CURVE('',#1320,#1304,#291,.T.);
#1644=EDGE_CURVE('',#1320,#1321,#292,.T.);
#1645=EDGE_CURVE('',#1321,#1321,#293,.T.);
#1646=EDGE_CURVE('',#1322,#1322,#294,.T.);
#1647=EDGE_CURVE('',#1322,#1323,#295,.T.);
#1648=EDGE_CURVE('',#1323,#1324,#296,.T.);
#1649=EDGE_CURVE('',#1324,#1323,#297,.T.);
#1650=EDGE_CURVE('',#1324,#1325,#298,.T.);
#1651=EDGE_CURVE('',#1325,#1325,#299,.T.);
#1652=EDGE_CURVE('',#1326,#1326,#300,.T.);
#1653=EDGE_CURVE('',#1326,#1327,#301,.T.);
#1654=EDGE_CURVE('',#1327,#1328,#302,.T.);
#1655=EDGE_CURVE('',#1328,#1327,#303,.T.);
#1656=EDGE_CURVE('',#1328,#1329,#304,.T.);
#1657=EDGE_CURVE('',#1329,#1329,#305,.T.);
#1658=EDGE_CURVE('',#1319,#1318,#874,.T.);
#1659=EDGE_CURVE('',#1330,#1330,#306,.T.);
#1660=EDGE_CURVE('',#1330,#1331,#875,.T.);
#1661=EDGE_CURVE('',#1331,#1331,#307,.T.);
#1662=EDGE_CURVE('',#1330,#1332,#876,.T.);
#1663=EDGE_CURVE('',#1332,#1332,#308,.T.);
#1664=EDGE_CURVE('',#1332,#1333,#877,.T.);
#1665=EDGE_CURVE('',#1333,#1333,#309,.T.);
#1666=EDGE_CURVE('',#1241,#1334,#878,.T.);
#1667=EDGE_CURVE('',#1335,#1240,#879,.T.);
#1668=EDGE_CURVE('',#1334,#1335,#880,.T.);
#1669=EDGE_CURVE('',#1336,#1239,#881,.T.);
#1670=EDGE_CURVE('',#1335,#1336,#310,.T.);
#1671=EDGE_CURVE('',#1337,#1338,#209,.T.);
#1672=EDGE_CURVE('',#1338,#1339,#882,.T.);
#1673=EDGE_CURVE('',#1340,#1339,#64,.T.);
#1674=EDGE_CURVE('',#1340,#1337,#883,.T.);
#1675=EDGE_CURVE('',#1341,#1263,#311,.T.);
#1676=EDGE_CURVE('',#1341,#1342,#884,.T.);
#1677=EDGE_CURVE('',#1343,#1342,#312,.T.);
#1678=EDGE_CURVE('',#1344,#1343,#65,.T.);
#1679=EDGE_CURVE('',#1283,#1344,#210,.T.);
#1680=EDGE_CURVE('',#1345,#1283,#313,.T.);
#1681=EDGE_CURVE('',#1339,#1344,#314,.T.);
#1682=EDGE_CURVE('',#1339,#1345,#211,.T.);
#1683=EDGE_CURVE('',#1340,#1343,#315,.T.);
#1684=EDGE_CURVE('',#1346,#1342,#316,.T.);
#1685=EDGE_CURVE('',#1346,#1340,#317,.T.);
#1686=EDGE_CURVE('',#1336,#1347,#318,.T.);
#1687=EDGE_CURVE('',#1348,#1347,#319,.T.);
#1688=EDGE_CURVE('',#1348,#1335,#320,.T.);
#1689=EDGE_CURVE('',#1342,#1348,#885,.T.);
#1690=EDGE_CURVE('',#1347,#1346,#886,.T.);
#1691=EDGE_CURVE('',#1334,#1349,#321,.T.);
#1692=EDGE_CURVE('',#1348,#1349,#887,.T.);
#1693=EDGE_CURVE('',#1349,#1341,#888,.T.);
#1694=EDGE_CURVE('',#1341,#1269,#322,.T.);
#1695=EDGE_CURVE('',#1349,#1268,#323,.T.);
#1696=EDGE_CURVE('',#1334,#1267,#324,.T.);
#1697=EDGE_CURVE('',#1350,#1351,#325,.T.);
#1698=EDGE_CURVE('',#1350,#1352,#889,.T.);
#1699=EDGE_CURVE('',#1353,#1352,#326,.T.);
#1700=EDGE_CURVE('',#1351,#1353,#890,.T.);
#1701=EDGE_CURVE('',#1351,#1354,#891,.T.);
#1702=EDGE_CURVE('',#1355,#1353,#892,.T.);
#1703=EDGE_CURVE('',#1354,#1355,#893,.T.);
#1704=EDGE_CURVE('',#1356,#1357,#327,.T.);
#1705=EDGE_CURVE('',#1356,#1358,#894,.T.);
#1706=EDGE_CURVE('',#1352,#1358,#328,.T.);
#1707=EDGE_CURVE('',#1352,#1357,#895,.T.);
#1708=EDGE_CURVE('',#1358,#1359,#329,.T.);
#1709=EDGE_CURVE('',#1353,#1359,#330,.T.);
#1710=EDGE_CURVE('',#1359,#1360,#896,.T.);
#1711=EDGE_CURVE('',#1355,#1360,#331,.T.);
#1712=EDGE_CURVE('',#1357,#1355,#332,.T.);
#1713=EDGE_CURVE('',#1360,#1356,#333,.T.);
#1714=EDGE_CURVE('',#1354,#1361,#334,.T.);
#1715=EDGE_CURVE('',#1361,#1357,#897,.T.);
#1716=EDGE_CURVE('',#1361,#1350,#898,.T.);
#1717=EDGE_CURVE('',#1271,#1354,#335,.T.);
#1718=EDGE_CURVE('',#1351,#1273,#336,.T.);
#1719=EDGE_CURVE('',#1350,#1272,#337,.T.);
#1720=EDGE_CURVE('',#1361,#1270,#338,.T.);
#1721=EDGE_CURVE('',#1337,#1238,#899,.T.);
#1722=EDGE_CURVE('',#1284,#1362,#339,.T.);
#1723=EDGE_CURVE('',#1345,#1362,#900,.T.);
#1724=EDGE_CURVE('',#1362,#1363,#901,.T.);
#1725=EDGE_CURVE('',#1363,#1338,#902,.T.);
#1726=EDGE_CURVE('',#1364,#1362,#340,.T.);
#1727=EDGE_CURVE('',#1284,#1364,#341,.T.);
#1728=EDGE_CURVE('',#1363,#1365,#212,.T.);
#1729=EDGE_CURVE('',#1365,#1364,#903,.T.);
#1730=EDGE_CURVE('',#1364,#1305,#904,.T.);
#1731=EDGE_CURVE('',#1248,#1366,#905,.T.);
#1732=EDGE_CURVE('',#1367,#1250,#342,.T.);
#1733=EDGE_CURVE('',#1368,#1367,#906,.T.);
#1734=EDGE_CURVE('',#1369,#1368,#907,.T.);
#1735=EDGE_CURVE('',#1370,#1369,#908,.T.);
#1736=EDGE_CURVE('',#1371,#1370,#343,.T.);
#1737=EDGE_CURVE('',#1372,#1371,#909,.T.);
#1738=EDGE_CURVE('',#1373,#1372,#344,.T.);
#1739=EDGE_CURVE('',#1374,#1373,#345,.T.);
#1740=EDGE_CURVE('',#1366,#1374,#346,.T.);
#1741=EDGE_CURVE('',#1375,#1376,#347,.T.);
#1742=EDGE_CURVE('',#1377,#1375,#910,.T.);
#1743=EDGE_CURVE('',#1378,#1377,#348,.T.);
#1744=EDGE_CURVE('',#1376,#1378,#911,.T.);
#1745=EDGE_CURVE('',#1379,#1380,#349,.T.);
#1746=EDGE_CURVE('',#1379,#1381,#912,.T.);
#1747=EDGE_CURVE('',#1382,#1381,#350,.T.);
#1748=EDGE_CURVE('',#1380,#1382,#913,.T.);
#1749=EDGE_CURVE('',#1380,#1383,#914,.T.);
#1750=EDGE_CURVE('',#1384,#1382,#915,.T.);
#1751=EDGE_CURVE('',#1383,#1384,#916,.T.);
#1752=EDGE_CURVE('',#1376,#1385,#351,.T.);
#1753=EDGE_CURVE('',#1381,#1378,#352,.T.);
#1754=EDGE_CURVE('',#1381,#1385,#917,.T.);
#1755=EDGE_CURVE('',#1382,#1377,#353,.T.);
#1756=EDGE_CURVE('',#1384,#1375,#354,.T.);
#1757=EDGE_CURVE('',#1385,#1384,#355,.T.);
#1758=EDGE_CURVE('',#1383,#1386,#356,.T.);
#1759=EDGE_CURVE('',#1386,#1385,#918,.T.);
#1760=EDGE_CURVE('',#1386,#1379,#919,.T.);
#1761=EDGE_CURVE('',#1387,#1383,#357,.T.);
#1762=EDGE_CURVE('',#1387,#1388,#920,.T.);
#1763=EDGE_CURVE('',#1380,#1388,#358,.T.);
#1764=EDGE_CURVE('',#1388,#1389,#359,.T.);
#1765=EDGE_CURVE('',#1379,#1389,#360,.T.);
#1766=EDGE_CURVE('',#1389,#1390,#921,.T.);
#1767=EDGE_CURVE('',#1386,#1390,#361,.T.);
#1768=EDGE_CURVE('',#1390,#1387,#362,.T.);
#1769=EDGE_CURVE('',#1368,#1391,#213,.T.);
#1770=EDGE_CURVE('',#1392,#1367,#66,.T.);
#1771=EDGE_CURVE('',#1392,#1391,#922,.T.);
#1772=EDGE_CURVE('',#1367,#1282,#363,.T.);
#1773=EDGE_CURVE('',#1392,#1281,#364,.T.);
#1774=EDGE_CURVE('',#1393,#1280,#365,.T.);
#1775=EDGE_CURVE('',#1393,#1392,#214,.T.);
#1776=EDGE_CURVE('',#1257,#1277,#923,.T.);
#1777=EDGE_CURVE('',#1394,#1395,#924,.T.);
#1778=EDGE_CURVE('',#1391,#1394,#925,.T.);
#1779=EDGE_CURVE('',#1395,#1393,#926,.T.);
#1780=EDGE_CURVE('',#1395,#1289,#366,.T.);
#1781=EDGE_CURVE('',#1396,#1289,#367,.T.);
#1782=EDGE_CURVE('',#1395,#1396,#368,.T.);
#1783=EDGE_CURVE('',#1397,#1394,#215,.T.);
#1784=EDGE_CURVE('',#1396,#1397,#927,.T.);
#1785=EDGE_CURVE('',#1397,#1315,#928,.T.);
#1786=EDGE_CURVE('',#1303,#1396,#929,.T.);
#1787=EDGE_CURVE('',#1316,#1365,#930,.T.);
#1788=EDGE_CURVE('',#1372,#1398,#931,.T.);
#1789=EDGE_CURVE('',#1398,#1399,#216,.T.);
#1790=EDGE_CURVE('',#1399,#1400,#369,.T.);
#1791=EDGE_CURVE('',#1400,#1373,#932,.T.);
#1792=EDGE_CURVE('',#1401,#1370,#933,.T.);
#1793=EDGE_CURVE('',#1402,#1401,#217,.T.);
#1794=EDGE_CURVE('',#1371,#1402,#934,.T.);
#1795=EDGE_CURVE('',#1403,#1402,#935,.T.);
#1796=EDGE_CURVE('',#1403,#1404,#936,.T.);
#1797=EDGE_CURVE('',#1404,#1405,#937,.F.);
#1798=EDGE_CURVE('',#1405,#1253,#938,.T.);
#1799=EDGE_CURVE('',#1406,#1366,#939,.T.);
#1800=EDGE_CURVE('',#1398,#1406,#940,.T.);
#1801=EDGE_CURVE('',#1407,#1369,#941,.T.);
#1802=EDGE_CURVE('',#1401,#1407,#942,.T.);
#1803=EDGE_CURVE('',#1231,#1408,#943,.T.);
#1804=EDGE_CURVE('',#1408,#1409,#370,.T.);
#1805=EDGE_CURVE('',#1409,#1410,#944,.T.);
#1806=EDGE_CURVE('',#1410,#1411,#371,.T.);
#1807=EDGE_CURVE('',#1411,#1412,#945,.T.);
#1808=EDGE_CURVE('',#1412,#1413,#372,.T.);
#1809=EDGE_CURVE('',#1413,#1235,#946,.T.);
#1810=EDGE_CURVE('',#1276,#1295,#947,.T.);
#1811=EDGE_CURVE('',#1405,#1227,#948,.F.);
#1812=EDGE_CURVE('',#1414,#1414,#373,.F.);
#1813=EDGE_CURVE('',#1415,#1415,#374,.F.);
#1814=EDGE_CURVE('',#1416,#1416,#375,.F.);
#1815=EDGE_CURVE('',#1417,#1417,#376,.T.);
#1816=EDGE_CURVE('',#1417,#1418,#949,.T.);
#1817=EDGE_CURVE('',#1418,#1419,#377,.T.);
#1818=EDGE_CURVE('',#1420,#1419,#67,.F.);
#1819=EDGE_CURVE('',#1420,#1418,#378,.T.);
#1820=EDGE_CURVE('',#1415,#1421,#950,.T.);
#1821=EDGE_CURVE('',#1421,#1421,#379,.T.);
#1822=EDGE_CURVE('',#1422,#1422,#380,.T.);
#1823=EDGE_CURVE('',#1422,#1423,#951,.T.);
#1824=EDGE_CURVE('',#1423,#1423,#381,.T.);
#1825=EDGE_CURVE('',#1424,#1424,#382,.T.);
#1826=EDGE_CURVE('',#1424,#1425,#952,.T.);
#1827=EDGE_CURVE('',#1425,#1425,#383,.T.);
#1828=EDGE_CURVE('',#1426,#1426,#384,.T.);
#1829=EDGE_CURVE('',#1426,#1427,#953,.T.);
#1830=EDGE_CURVE('',#1427,#1427,#385,.T.);
#1831=EDGE_CURVE('',#1428,#1428,#386,.T.);
#1832=EDGE_CURVE('',#1428,#1429,#954,.T.);
#1833=EDGE_CURVE('',#1429,#1429,#387,.T.);
#1834=EDGE_CURVE('',#1430,#1431,#955,.T.);
#1835=EDGE_CURVE('',#1432,#1431,#956,.T.);
#1836=EDGE_CURVE('',#1430,#1432,#957,.T.);
#1837=EDGE_CURVE('',#1433,#1434,#218,.F.);
#1838=EDGE_CURVE('',#1435,#1434,#958,.T.);
#1839=EDGE_CURVE('',#1436,#1435,#68,.T.);
#1840=EDGE_CURVE('',#1433,#1436,#959,.T.);
#1841=EDGE_CURVE('',#1437,#1438,#960,.T.);
#1842=EDGE_CURVE('',#1439,#1438,#219,.T.);
#1843=EDGE_CURVE('',#1435,#1439,#220,.T.);
#1844=EDGE_CURVE('',#1434,#1437,#961,.F.);
#1845=EDGE_CURVE('',#1437,#1431,#221,.F.);
#1846=EDGE_CURVE('',#1438,#1430,#69,.T.);
#1847=EDGE_CURVE('',#1440,#1441,#962,.T.);
#1848=EDGE_CURVE('',#1441,#1442,#963,.T.);
#1849=EDGE_CURVE('',#1443,#1442,#964,.T.);
#1850=EDGE_CURVE('',#1440,#1443,#965,.T.);
#1851=EDGE_CURVE('',#1442,#1444,#70,.T.);
#1852=EDGE_CURVE('',#1445,#1441,#388,.T.);
#1853=EDGE_CURVE('',#1444,#1445,#966,.T.);
#1854=EDGE_CURVE('',#1446,#1440,#222,.T.);
#1855=EDGE_CURVE('',#1447,#1446,#967,.T.);
#1856=EDGE_CURVE('',#1441,#1447,#223,.F.);
#1857=EDGE_CURVE('',#1447,#1448,#389,.T.);
#1858=EDGE_CURVE('',#1445,#1448,#224,.T.);
#1859=EDGE_CURVE('',#1449,#1450,#968,.T.);
#1860=EDGE_CURVE('',#1451,#1450,#390,.T.);
#1861=EDGE_CURVE('',#1452,#1451,#391,.T.);
#1862=EDGE_CURVE('',#1452,#1419,#969,.T.);
#1863=EDGE_CURVE('',#1420,#1453,#970,.T.);
#1864=EDGE_CURVE('',#1453,#1454,#971,.T.);
#1865=EDGE_CURVE('',#1455,#1454,#392,.T.);
#1866=EDGE_CURVE('',#1456,#1455,#972,.T.);
#1867=EDGE_CURVE('',#1457,#1456,#393,.T.);
#1868=EDGE_CURVE('',#1433,#1457,#973,.T.);
#1869=EDGE_CURVE('',#1458,#1436,#394,.T.);
#1870=EDGE_CURVE('',#1458,#1449,#974,.T.);
#1871=EDGE_CURVE('',#1414,#1459,#975,.T.);
#1872=EDGE_CURVE('',#1459,#1459,#395,.T.);
#1873=EDGE_CURVE('',#1460,#1460,#396,.T.);
#1874=EDGE_CURVE('',#1460,#1439,#976,.T.);
#1875=EDGE_CURVE('',#1432,#1443,#225,.T.);
#1876=EDGE_CURVE('',#1444,#1461,#226,.T.);
#1877=EDGE_CURVE('',#1461,#1458,#71,.T.);
#1878=EDGE_CURVE('',#1416,#1462,#977,.T.);
#1879=EDGE_CURVE('',#1462,#1462,#397,.T.);
#1880=EDGE_CURVE('',#1463,#1463,#398,.T.);
#1881=EDGE_CURVE('',#1464,#1464,#399,.T.);
#1882=EDGE_CURVE('',#1464,#1465,#978,.T.);
#1883=EDGE_CURVE('',#1465,#1466,#72,.T.);
#1884=EDGE_CURVE('',#1466,#1467,#400,.T.);
#1885=EDGE_CURVE('',#1467,#1465,#73,.T.);
#1886=EDGE_CURVE('',#1468,#1461,#979,.T.);
#1887=EDGE_CURVE('',#1468,#1449,#401,.T.);
#1888=EDGE_CURVE('',#1469,#1468,#402,.T.);
#1889=EDGE_CURVE('',#1469,#1449,#403,.T.);
#1890=EDGE_CURVE('',#1463,#1451,#980,.T.);
#1891=EDGE_CURVE('',#1450,#1470,#74,.T.);
#1892=EDGE_CURVE('',#1471,#1470,#75,.T.);
#1893=EDGE_CURVE('',#1452,#1471,#76,.F.);
#1894=EDGE_CURVE('',#1472,#1470,#404,.T.);
#1895=EDGE_CURVE('',#1472,#1469,#981,.T.);
#1896=EDGE_CURVE('',#1473,#1474,#227,.T.);
#1897=EDGE_CURVE('',#1448,#1473,#982,.T.);
#1898=EDGE_CURVE('',#1474,#1447,#983,.T.);
#1899=EDGE_CURVE('',#1475,#1473,#984,.T.);
#1900=EDGE_CURVE('',#1475,#1468,#985,.T.);
#1901=EDGE_CURVE('',#1476,#1475,#228,.T.);
#1902=EDGE_CURVE('',#1469,#1476,#986,.T.);
#1903=EDGE_CURVE('',#1477,#1476,#987,.T.);
#1904=EDGE_CURVE('',#1477,#1472,#229,.T.);
#1905=EDGE_CURVE('',#1478,#1477,#77,.T.);
#1906=EDGE_CURVE('',#1471,#1478,#230,.T.);
#1907=EDGE_CURVE('',#1479,#1480,#231,.T.);
#1908=EDGE_CURVE('',#1453,#1479,#232,.T.);
#1909=EDGE_CURVE('',#1481,#1478,#405,.T.);
#1910=EDGE_CURVE('',#1481,#1482,#988,.T.);
#1911=EDGE_CURVE('',#1480,#1482,#233,.T.);
#1912=EDGE_CURVE('',#1483,#1484,#406,.T.);
#1913=EDGE_CURVE('',#1484,#1485,#989,.T.);
#1914=EDGE_CURVE('',#1485,#1486,#407,.T.);
#1915=EDGE_CURVE('',#1481,#1486,#990,.T.);
#1916=EDGE_CURVE('',#1474,#1483,#991,.T.);
#1917=EDGE_CURVE('',#1486,#1487,#992,.T.);
#1918=EDGE_CURVE('',#1482,#1487,#993,.T.);
#1919=EDGE_CURVE('',#1488,#1483,#994,.T.);
#1920=EDGE_CURVE('',#1488,#1446,#995,.T.);
#1921=EDGE_CURVE('',#1487,#1403,#234,.T.);
#1922=EDGE_CURVE('',#1489,#1485,#996,.T.);
#1923=EDGE_CURVE('',#1404,#1489,#408,.T.);
#1924=EDGE_CURVE('',#1490,#1488,#235,.T.);
#1925=EDGE_CURVE('',#1491,#1433,#997,.T.);
#1926=EDGE_CURVE('',#1491,#1492,#236,.T.);
#1927=EDGE_CURVE('',#1490,#1492,#998,.T.);
#1928=EDGE_CURVE('',#1493,#1490,#999,.T.);
#1929=EDGE_CURVE('',#1494,#1493,#409,.T.);
#1930=EDGE_CURVE('',#1484,#1494,#1000,.T.);
#1931=EDGE_CURVE('',#1495,#1496,#410,.T.);
#1932=EDGE_CURVE('',#1496,#1497,#1001,.T.);
#1933=EDGE_CURVE('',#1497,#1498,#78,.T.);
#1934=EDGE_CURVE('',#1498,#1495,#1002,.T.);
#1935=EDGE_CURVE('',#1499,#1489,#1003,.T.);
#1936=EDGE_CURVE('',#1499,#1495,#411,.T.);
#1937=EDGE_CURVE('',#1498,#1467,#79,.T.);
#1938=EDGE_CURVE('',#1466,#1497,#80,.T.);
#1939=EDGE_CURVE('',#1496,#1500,#412,.T.);
#1940=EDGE_CURVE('',#1494,#1500,#1004,.T.);
#1941=EDGE_CURVE('',#1501,#1493,#1005,.T.);
#1942=EDGE_CURVE('',#1501,#1233,#413,.T.);
#1943=EDGE_CURVE('',#1500,#1499,#414,.T.);
#1944=EDGE_CURVE('',#1502,#1501,#1006,.T.);
#1945=EDGE_CURVE('',#1492,#1502,#1007,.T.);
#1946=EDGE_CURVE('',#1503,#1504,#415,.T.);
#1947=EDGE_CURVE('',#1504,#1455,#1008,.T.);
#1948=EDGE_CURVE('',#1503,#1454,#1009,.T.);
#1949=EDGE_CURVE('',#1504,#1505,#1010,.T.);
#1950=EDGE_CURVE('',#1505,#1456,#1011,.T.);
#1951=EDGE_CURVE('',#1505,#1506,#416,.T.);
#1952=EDGE_CURVE('',#1506,#1457,#1012,.T.);
#1953=EDGE_CURVE('',#1506,#1507,#1013,.T.);
#1954=EDGE_CURVE('',#1507,#1491,#1014,.T.);
#1955=EDGE_CURVE('',#1507,#1502,#417,.T.);
#1956=EDGE_CURVE('',#1502,#1408,#418,.T.);
#1957=EDGE_CURVE('',#1507,#1409,#419,.T.);
#1958=EDGE_CURVE('',#1506,#1410,#420,.T.);
#1959=EDGE_CURVE('',#1505,#1411,#421,.T.);
#1960=EDGE_CURVE('',#1504,#1412,#422,.T.);
#1961=EDGE_CURVE('',#1503,#1413,#423,.T.);
#1962=EDGE_CURVE('',#1400,#1508,#424,.T.);
#1963=EDGE_CURVE('',#1374,#1508,#1015,.T.);
#1964=EDGE_CURVE('',#1509,#1399,#1016,.T.);
#1965=EDGE_CURVE('',#1508,#1509,#425,.T.);
#1966=EDGE_CURVE('',#1509,#1406,#237,.T.);
#1967=EDGE_CURVE('',#1510,#1503,#1017,.T.);
#1968=EDGE_CURVE('',#1237,#1510,#238,.T.);
#1969=EDGE_CURVE('',#1511,#1479,#1018,.T.);
#1970=EDGE_CURVE('',#1511,#1453,#1019,.T.);
#1971=EDGE_CURVE('',#1480,#1407,#1020,.T.);
#1972=EDGE_CURVE('',#1510,#1511,#1021,.T.);
#1973=ORIENTED_EDGE('',*,*,#1512,.F.);
#1974=ORIENTED_EDGE('',*,*,#1513,.T.);
#1975=ORIENTED_EDGE('',*,*,#1514,.F.);
#1976=ORIENTED_EDGE('',*,*,#1515,.F.);
#1977=ORIENTED_EDGE('',*,*,#1516,.F.);
#1978=ORIENTED_EDGE('',*,*,#1515,.T.);
#1979=ORIENTED_EDGE('',*,*,#1517,.F.);
#1980=ORIENTED_EDGE('',*,*,#1518,.F.);
#1981=ORIENTED_EDGE('',*,*,#1519,.T.);
#1982=ORIENTED_EDGE('',*,*,#1518,.T.);
#1983=ORIENTED_EDGE('',*,*,#1520,.F.);
#1984=ORIENTED_EDGE('',*,*,#1521,.F.);
#1985=ORIENTED_EDGE('',*,*,#1522,.T.);
#1986=ORIENTED_EDGE('',*,*,#1520,.T.);
#1987=ORIENTED_EDGE('',*,*,#1517,.T.);
#1988=ORIENTED_EDGE('',*,*,#1514,.T.);
#1989=ORIENTED_EDGE('',*,*,#1523,.F.);
#1990=ORIENTED_EDGE('',*,*,#1524,.F.);
#1991=ORIENTED_EDGE('',*,*,#1525,.T.);
#1992=ORIENTED_EDGE('',*,*,#1526,.T.);
#1993=ORIENTED_EDGE('',*,*,#1527,.T.);
#1994=ORIENTED_EDGE('',*,*,#1528,.T.);
#1995=ORIENTED_EDGE('',*,*,#1529,.F.);
#1996=ORIENTED_EDGE('',*,*,#1530,.F.);
#1997=ORIENTED_EDGE('',*,*,#1531,.F.);
#1998=ORIENTED_EDGE('',*,*,#1532,.F.);
#1999=ORIENTED_EDGE('',*,*,#1533,.F.);
#2000=ORIENTED_EDGE('',*,*,#1534,.T.);
#2001=ORIENTED_EDGE('',*,*,#1535,.F.);
#2002=ORIENTED_EDGE('',*,*,#1536,.T.);
#2003=ORIENTED_EDGE('',*,*,#1537,.F.);
#2004=ORIENTED_EDGE('',*,*,#1538,.T.);
#2005=ORIENTED_EDGE('',*,*,#1539,.F.);
#2006=ORIENTED_EDGE('',*,*,#1540,.F.);
#2007=ORIENTED_EDGE('',*,*,#1541,.T.);
#2008=ORIENTED_EDGE('',*,*,#1536,.F.);
#2009=ORIENTED_EDGE('',*,*,#1542,.F.);
#2010=ORIENTED_EDGE('',*,*,#1543,.T.);
#2011=ORIENTED_EDGE('',*,*,#1544,.F.);
#2012=ORIENTED_EDGE('',*,*,#1540,.T.);
#2013=ORIENTED_EDGE('',*,*,#1545,.T.);
#2014=ORIENTED_EDGE('',*,*,#1546,.T.);
#2015=ORIENTED_EDGE('',*,*,#1547,.T.);
#2016=ORIENTED_EDGE('',*,*,#1548,.T.);
#2017=ORIENTED_EDGE('',*,*,#1549,.T.);
#2018=ORIENTED_EDGE('',*,*,#1550,.T.);
#2019=ORIENTED_EDGE('',*,*,#1545,.F.);
#2020=ORIENTED_EDGE('',*,*,#1550,.F.);
#2021=ORIENTED_EDGE('',*,*,#1551,.T.);
#2022=ORIENTED_EDGE('',*,*,#1552,.T.);
#2023=ORIENTED_EDGE('',*,*,#1553,.T.);
#2024=ORIENTED_EDGE('',*,*,#1549,.F.);
#2025=ORIENTED_EDGE('',*,*,#1554,.T.);
#2026=ORIENTED_EDGE('',*,*,#1555,.F.);
#2027=ORIENTED_EDGE('',*,*,#1556,.T.);
#2028=ORIENTED_EDGE('',*,*,#1548,.F.);
#2029=ORIENTED_EDGE('',*,*,#1557,.T.);
#2030=ORIENTED_EDGE('',*,*,#1558,.F.);
#2031=ORIENTED_EDGE('',*,*,#1559,.F.);
#2032=ORIENTED_EDGE('',*,*,#1560,.F.);
#2033=ORIENTED_EDGE('',*,*,#1530,.T.);
#2034=ORIENTED_EDGE('',*,*,#1561,.T.);
#2035=ORIENTED_EDGE('',*,*,#1562,.F.);
#2036=ORIENTED_EDGE('',*,*,#1563,.F.);
#2037=ORIENTED_EDGE('',*,*,#1564,.F.);
#2038=ORIENTED_EDGE('',*,*,#1554,.F.);
#2039=ORIENTED_EDGE('',*,*,#1565,.F.);
#2040=ORIENTED_EDGE('',*,*,#1566,.F.);
#2041=ORIENTED_EDGE('',*,*,#1567,.F.);
#2042=ORIENTED_EDGE('',*,*,#1568,.F.);
#2043=ORIENTED_EDGE('',*,*,#1569,.F.);
#2044=ORIENTED_EDGE('',*,*,#1570,.F.);
#2045=ORIENTED_EDGE('',*,*,#1552,.F.);
#2046=ORIENTED_EDGE('',*,*,#1571,.T.);
#2047=ORIENTED_EDGE('',*,*,#1572,.T.);
#2048=ORIENTED_EDGE('',*,*,#1573,.T.);
#2049=ORIENTED_EDGE('',*,*,#1570,.T.);
#2050=ORIENTED_EDGE('',*,*,#1574,.T.);
#2051=ORIENTED_EDGE('',*,*,#1575,.T.);
#2052=ORIENTED_EDGE('',*,*,#1576,.T.);
#2053=ORIENTED_EDGE('',*,*,#1569,.T.);
#2054=ORIENTED_EDGE('',*,*,#1577,.T.);
#2055=ORIENTED_EDGE('',*,*,#1544,.T.);
#2056=ORIENTED_EDGE('',*,*,#1578,.T.);
#2057=ORIENTED_EDGE('',*,*,#1575,.F.);
#2058=ORIENTED_EDGE('',*,*,#1579,.T.);
#2059=ORIENTED_EDGE('',*,*,#1579,.F.);
#2060=ORIENTED_EDGE('',*,*,#1580,.T.);
#2061=ORIENTED_EDGE('',*,*,#1581,.F.);
#2062=ORIENTED_EDGE('',*,*,#1582,.F.);
#2063=ORIENTED_EDGE('',*,*,#1583,.F.);
#2064=ORIENTED_EDGE('',*,*,#1541,.F.);
#2065=ORIENTED_EDGE('',*,*,#1577,.F.);
#2066=ORIENTED_EDGE('',*,*,#1571,.F.);
#2067=ORIENTED_EDGE('',*,*,#1551,.F.);
#2068=ORIENTED_EDGE('',*,*,#1556,.F.);
#2069=ORIENTED_EDGE('',*,*,#1584,.F.);
#2070=ORIENTED_EDGE('',*,*,#1585,.F.);
#2071=ORIENTED_EDGE('',*,*,#1586,.F.);
#2072=ORIENTED_EDGE('',*,*,#1587,.F.);
#2073=ORIENTED_EDGE('',*,*,#1588,.F.);
#2074=ORIENTED_EDGE('',*,*,#1589,.F.);
#2075=ORIENTED_EDGE('',*,*,#1590,.F.);
#2076=ORIENTED_EDGE('',*,*,#1591,.F.);
#2077=ORIENTED_EDGE('',*,*,#1580,.F.);
#2078=ORIENTED_EDGE('',*,*,#1592,.T.);
#2079=ORIENTED_EDGE('',*,*,#1593,.T.);
#2080=ORIENTED_EDGE('',*,*,#1533,.T.);
#2081=ORIENTED_EDGE('',*,*,#1594,.T.);
#2082=ORIENTED_EDGE('',*,*,#1595,.T.);
#2083=ORIENTED_EDGE('',*,*,#1596,.T.);
#2084=ORIENTED_EDGE('',*,*,#1592,.F.);
#2085=ORIENTED_EDGE('',*,*,#1597,.T.);
#2086=ORIENTED_EDGE('',*,*,#1598,.T.);
#2087=ORIENTED_EDGE('',*,*,#1599,.T.);
#2088=ORIENTED_EDGE('',*,*,#1595,.F.);
#2089=ORIENTED_EDGE('',*,*,#1600,.T.);
#2090=ORIENTED_EDGE('',*,*,#1600,.F.);
#2091=ORIENTED_EDGE('',*,*,#1601,.F.);
#2092=ORIENTED_EDGE('',*,*,#1602,.F.);
#2093=ORIENTED_EDGE('',*,*,#1603,.F.);
#2094=ORIENTED_EDGE('',*,*,#1604,.T.);
#2095=ORIENTED_EDGE('',*,*,#1597,.F.);
#2096=ORIENTED_EDGE('',*,*,#1605,.T.);
#2097=ORIENTED_EDGE('',*,*,#1606,.F.);
#2098=ORIENTED_EDGE('',*,*,#1601,.T.);
#2099=ORIENTED_EDGE('',*,*,#1594,.F.);
#2100=ORIENTED_EDGE('',*,*,#1532,.T.);
#2101=ORIENTED_EDGE('',*,*,#1607,.F.);
#2102=ORIENTED_EDGE('',*,*,#1605,.F.);
#2103=ORIENTED_EDGE('',*,*,#1608,.T.);
#2104=ORIENTED_EDGE('',*,*,#1558,.T.);
#2105=ORIENTED_EDGE('',*,*,#1609,.T.);
#2106=ORIENTED_EDGE('',*,*,#1602,.T.);
#2107=ORIENTED_EDGE('',*,*,#1610,.T.);
#2108=ORIENTED_EDGE('',*,*,#1559,.T.);
#2109=ORIENTED_EDGE('',*,*,#1608,.F.);
#2110=ORIENTED_EDGE('',*,*,#1606,.T.);
#2111=ORIENTED_EDGE('',*,*,#1531,.T.);
#2112=ORIENTED_EDGE('',*,*,#1560,.T.);
#2113=ORIENTED_EDGE('',*,*,#1610,.F.);
#2114=ORIENTED_EDGE('',*,*,#1607,.T.);
#2115=ORIENTED_EDGE('',*,*,#1604,.F.);
#2116=ORIENTED_EDGE('',*,*,#1611,.T.);
#2117=ORIENTED_EDGE('',*,*,#1612,.F.);
#2118=ORIENTED_EDGE('',*,*,#1611,.F.);
#2119=ORIENTED_EDGE('',*,*,#1612,.T.);
#2120=ORIENTED_EDGE('',*,*,#1613,.F.);
#2121=ORIENTED_EDGE('',*,*,#1613,.T.);
#2122=ORIENTED_EDGE('',*,*,#1614,.T.);
#2123=ORIENTED_EDGE('',*,*,#1534,.F.);
#2124=ORIENTED_EDGE('',*,*,#1614,.F.);
#2125=ORIENTED_EDGE('',*,*,#1615,.T.);
#2126=ORIENTED_EDGE('',*,*,#1616,.T.);
#2127=ORIENTED_EDGE('',*,*,#1617,.F.);
#2128=ORIENTED_EDGE('',*,*,#1589,.T.);
#2129=ORIENTED_EDGE('',*,*,#1618,.T.);
#2130=ORIENTED_EDGE('',*,*,#1619,.T.);
#2131=ORIENTED_EDGE('',*,*,#1615,.F.);
#2132=ORIENTED_EDGE('',*,*,#1588,.T.);
#2133=ORIENTED_EDGE('',*,*,#1620,.T.);
#2134=ORIENTED_EDGE('',*,*,#1621,.T.);
#2135=ORIENTED_EDGE('',*,*,#1618,.F.);
#2136=ORIENTED_EDGE('',*,*,#1587,.T.);
#2137=ORIENTED_EDGE('',*,*,#1622,.T.);
#2138=ORIENTED_EDGE('',*,*,#1623,.T.);
#2139=ORIENTED_EDGE('',*,*,#1624,.T.);
#2140=ORIENTED_EDGE('',*,*,#1625,.T.);
#2141=ORIENTED_EDGE('',*,*,#1623,.F.);
#2142=ORIENTED_EDGE('',*,*,#1625,.F.);
#2143=ORIENTED_EDGE('',*,*,#1626,.T.);
#2144=ORIENTED_EDGE('',*,*,#1627,.T.);
#2145=ORIENTED_EDGE('',*,*,#1626,.F.);
#2146=ORIENTED_EDGE('',*,*,#1624,.F.);
#2147=ORIENTED_EDGE('',*,*,#1628,.T.);
#2148=ORIENTED_EDGE('',*,*,#1629,.T.);
#2149=ORIENTED_EDGE('',*,*,#1630,.T.);
#2150=ORIENTED_EDGE('',*,*,#1631,.T.);
#2151=ORIENTED_EDGE('',*,*,#1629,.F.);
#2152=ORIENTED_EDGE('',*,*,#1631,.F.);
#2153=ORIENTED_EDGE('',*,*,#1632,.T.);
#2154=ORIENTED_EDGE('',*,*,#1633,.T.);
#2155=ORIENTED_EDGE('',*,*,#1632,.F.);
#2156=ORIENTED_EDGE('',*,*,#1630,.F.);
#2157=ORIENTED_EDGE('',*,*,#1634,.T.);
#2158=ORIENTED_EDGE('',*,*,#1635,.T.);
#2159=ORIENTED_EDGE('',*,*,#1636,.T.);
#2160=ORIENTED_EDGE('',*,*,#1637,.T.);
#2161=ORIENTED_EDGE('',*,*,#1637,.F.);
#2162=ORIENTED_EDGE('',*,*,#1638,.F.);
#2163=ORIENTED_EDGE('',*,*,#1639,.T.);
#2164=ORIENTED_EDGE('',*,*,#1640,.T.);
#2165=ORIENTED_EDGE('',*,*,#1621,.F.);
#2166=ORIENTED_EDGE('',*,*,#1641,.T.);
#2167=ORIENTED_EDGE('',*,*,#1616,.F.);
#2168=ORIENTED_EDGE('',*,*,#1642,.T.);
#2169=ORIENTED_EDGE('',*,*,#1643,.T.);
#2170=ORIENTED_EDGE('',*,*,#1642,.F.);
#2171=ORIENTED_EDGE('',*,*,#1619,.F.);
#2172=ORIENTED_EDGE('',*,*,#1643,.F.);
#2173=ORIENTED_EDGE('',*,*,#1644,.T.);
#2174=ORIENTED_EDGE('',*,*,#1645,.T.);
#2175=ORIENTED_EDGE('',*,*,#1644,.F.);
#2176=ORIENTED_EDGE('',*,*,#1646,.T.);
#2177=ORIENTED_EDGE('',*,*,#1647,.T.);
#2178=ORIENTED_EDGE('',*,*,#1648,.T.);
#2179=ORIENTED_EDGE('',*,*,#1649,.T.);
#2180=ORIENTED_EDGE('',*,*,#1647,.F.);
#2181=ORIENTED_EDGE('',*,*,#1649,.F.);
#2182=ORIENTED_EDGE('',*,*,#1650,.T.);
#2183=ORIENTED_EDGE('',*,*,#1651,.T.);
#2184=ORIENTED_EDGE('',*,*,#1650,.F.);
#2185=ORIENTED_EDGE('',*,*,#1648,.F.);
#2186=ORIENTED_EDGE('',*,*,#1652,.T.);
#2187=ORIENTED_EDGE('',*,*,#1653,.T.);
#2188=ORIENTED_EDGE('',*,*,#1654,.T.);
#2189=ORIENTED_EDGE('',*,*,#1655,.T.);
#2190=ORIENTED_EDGE('',*,*,#1653,.F.);
#2191=ORIENTED_EDGE('',*,*,#1655,.F.);
#2192=ORIENTED_EDGE('',*,*,#1656,.T.);
#2193=ORIENTED_EDGE('',*,*,#1657,.T.);
#2194=ORIENTED_EDGE('',*,*,#1656,.F.);
#2195=ORIENTED_EDGE('',*,*,#1654,.F.);
#2196=ORIENTED_EDGE('',*,*,#1633,.F.);
#2197=ORIENTED_EDGE('',*,*,#1627,.F.);
#2198=ORIENTED_EDGE('',*,*,#1645,.F.);
#2199=ORIENTED_EDGE('',*,*,#1657,.F.);
#2200=ORIENTED_EDGE('',*,*,#1651,.F.);
#2201=ORIENTED_EDGE('',*,*,#1639,.F.);
#2202=ORIENTED_EDGE('',*,*,#1658,.F.);
#2203=ORIENTED_EDGE('',*,*,#1659,.T.);
#2204=ORIENTED_EDGE('',*,*,#1660,.T.);
#2205=ORIENTED_EDGE('',*,*,#1661,.T.);
#2206=ORIENTED_EDGE('',*,*,#1660,.F.);
#2207=ORIENTED_EDGE('',*,*,#1659,.F.);
#2208=ORIENTED_EDGE('',*,*,#1662,.T.);
#2209=ORIENTED_EDGE('',*,*,#1663,.F.);
#2210=ORIENTED_EDGE('',*,*,#1662,.F.);
#2211=ORIENTED_EDGE('',*,*,#1663,.T.);
#2212=ORIENTED_EDGE('',*,*,#1664,.T.);
#2213=ORIENTED_EDGE('',*,*,#1665,.T.);
#2214=ORIENTED_EDGE('',*,*,#1664,.F.);
#2215=ORIENTED_EDGE('',*,*,#1666,.F.);
#2216=ORIENTED_EDGE('',*,*,#1528,.F.);
#2217=ORIENTED_EDGE('',*,*,#1667,.F.);
#2218=ORIENTED_EDGE('',*,*,#1668,.F.);
#2219=ORIENTED_EDGE('',*,*,#1527,.F.);
#2220=ORIENTED_EDGE('',*,*,#1669,.F.);
#2221=ORIENTED_EDGE('',*,*,#1670,.F.);
#2222=ORIENTED_EDGE('',*,*,#1667,.T.);
#2223=ORIENTED_EDGE('',*,*,#1671,.T.);
#2224=ORIENTED_EDGE('',*,*,#1672,.T.);
#2225=ORIENTED_EDGE('',*,*,#1673,.F.);
#2226=ORIENTED_EDGE('',*,*,#1674,.T.);
#2227=ORIENTED_EDGE('',*,*,#1675,.F.);
#2228=ORIENTED_EDGE('',*,*,#1676,.T.);
#2229=ORIENTED_EDGE('',*,*,#1677,.F.);
#2230=ORIENTED_EDGE('',*,*,#1678,.F.);
#2231=ORIENTED_EDGE('',*,*,#1679,.F.);
#2232=ORIENTED_EDGE('',*,*,#1584,.T.);
#2233=ORIENTED_EDGE('',*,*,#1680,.T.);
#2234=ORIENTED_EDGE('',*,*,#1679,.T.);
#2235=ORIENTED_EDGE('',*,*,#1681,.F.);
#2236=ORIENTED_EDGE('',*,*,#1682,.T.);
#2237=ORIENTED_EDGE('',*,*,#1683,.F.);
#2238=ORIENTED_EDGE('',*,*,#1673,.T.);
#2239=ORIENTED_EDGE('',*,*,#1681,.T.);
#2240=ORIENTED_EDGE('',*,*,#1678,.T.);
#2241=ORIENTED_EDGE('',*,*,#1683,.T.);
#2242=ORIENTED_EDGE('',*,*,#1677,.T.);
#2243=ORIENTED_EDGE('',*,*,#1684,.F.);
#2244=ORIENTED_EDGE('',*,*,#1685,.T.);
#2245=ORIENTED_EDGE('',*,*,#1670,.T.);
#2246=ORIENTED_EDGE('',*,*,#1686,.T.);
#2247=ORIENTED_EDGE('',*,*,#1687,.F.);
#2248=ORIENTED_EDGE('',*,*,#1688,.T.);
#2249=ORIENTED_EDGE('',*,*,#1684,.T.);
#2250=ORIENTED_EDGE('',*,*,#1689,.T.);
#2251=ORIENTED_EDGE('',*,*,#1687,.T.);
#2252=ORIENTED_EDGE('',*,*,#1690,.T.);
#2253=ORIENTED_EDGE('',*,*,#1691,.F.);
#2254=ORIENTED_EDGE('',*,*,#1668,.T.);
#2255=ORIENTED_EDGE('',*,*,#1688,.F.);
#2256=ORIENTED_EDGE('',*,*,#1692,.T.);
#2257=ORIENTED_EDGE('',*,*,#1693,.F.);
#2258=ORIENTED_EDGE('',*,*,#1692,.F.);
#2259=ORIENTED_EDGE('',*,*,#1689,.F.);
#2260=ORIENTED_EDGE('',*,*,#1676,.F.);
#2261=ORIENTED_EDGE('',*,*,#1555,.T.);
#2262=ORIENTED_EDGE('',*,*,#1564,.T.);
#2263=ORIENTED_EDGE('',*,*,#1694,.F.);
#2264=ORIENTED_EDGE('',*,*,#1675,.T.);
#2265=ORIENTED_EDGE('',*,*,#1694,.T.);
#2266=ORIENTED_EDGE('',*,*,#1563,.T.);
#2267=ORIENTED_EDGE('',*,*,#1695,.F.);
#2268=ORIENTED_EDGE('',*,*,#1693,.T.);
#2269=ORIENTED_EDGE('',*,*,#1695,.T.);
#2270=ORIENTED_EDGE('',*,*,#1562,.T.);
#2271=ORIENTED_EDGE('',*,*,#1696,.F.);
#2272=ORIENTED_EDGE('',*,*,#1691,.T.);
#2273=ORIENTED_EDGE('',*,*,#1666,.T.);
#2274=ORIENTED_EDGE('',*,*,#1696,.T.);
#2275=ORIENTED_EDGE('',*,*,#1561,.F.);
#2276=ORIENTED_EDGE('',*,*,#1529,.T.);
#2277=ORIENTED_EDGE('',*,*,#1697,.F.);
#2278=ORIENTED_EDGE('',*,*,#1698,.T.);
#2279=ORIENTED_EDGE('',*,*,#1699,.F.);
#2280=ORIENTED_EDGE('',*,*,#1700,.F.);
#2281=ORIENTED_EDGE('',*,*,#1701,.F.);
#2282=ORIENTED_EDGE('',*,*,#1700,.T.);
#2283=ORIENTED_EDGE('',*,*,#1702,.F.);
#2284=ORIENTED_EDGE('',*,*,#1703,.F.);
#2285=ORIENTED_EDGE('',*,*,#1704,.F.);
#2286=ORIENTED_EDGE('',*,*,#1705,.T.);
#2287=ORIENTED_EDGE('',*,*,#1706,.F.);
#2288=ORIENTED_EDGE('',*,*,#1707,.T.);
#2289=ORIENTED_EDGE('',*,*,#1706,.T.);
#2290=ORIENTED_EDGE('',*,*,#1708,.T.);
#2291=ORIENTED_EDGE('',*,*,#1709,.F.);
#2292=ORIENTED_EDGE('',*,*,#1699,.T.);
#2293=ORIENTED_EDGE('',*,*,#1709,.T.);
#2294=ORIENTED_EDGE('',*,*,#1710,.T.);
#2295=ORIENTED_EDGE('',*,*,#1711,.F.);
#2296=ORIENTED_EDGE('',*,*,#1702,.T.);
#2297=ORIENTED_EDGE('',*,*,#1704,.T.);
#2298=ORIENTED_EDGE('',*,*,#1712,.T.);
#2299=ORIENTED_EDGE('',*,*,#1711,.T.);
#2300=ORIENTED_EDGE('',*,*,#1713,.T.);
#2301=ORIENTED_EDGE('',*,*,#1714,.F.);
#2302=ORIENTED_EDGE('',*,*,#1703,.T.);
#2303=ORIENTED_EDGE('',*,*,#1712,.F.);
#2304=ORIENTED_EDGE('',*,*,#1715,.F.);
#2305=ORIENTED_EDGE('',*,*,#1716,.F.);
#2306=ORIENTED_EDGE('',*,*,#1715,.T.);
#2307=ORIENTED_EDGE('',*,*,#1707,.F.);
#2308=ORIENTED_EDGE('',*,*,#1698,.F.);
#2309=ORIENTED_EDGE('',*,*,#1717,.F.);
#2310=ORIENTED_EDGE('',*,*,#1568,.T.);
#2311=ORIENTED_EDGE('',*,*,#1718,.F.);
#2312=ORIENTED_EDGE('',*,*,#1701,.T.);
#2313=ORIENTED_EDGE('',*,*,#1718,.T.);
#2314=ORIENTED_EDGE('',*,*,#1567,.T.);
#2315=ORIENTED_EDGE('',*,*,#1719,.F.);
#2316=ORIENTED_EDGE('',*,*,#1697,.T.);
#2317=ORIENTED_EDGE('',*,*,#1719,.T.);
#2318=ORIENTED_EDGE('',*,*,#1566,.T.);
#2319=ORIENTED_EDGE('',*,*,#1720,.F.);
#2320=ORIENTED_EDGE('',*,*,#1716,.T.);
#2321=ORIENTED_EDGE('',*,*,#1717,.T.);
#2322=ORIENTED_EDGE('',*,*,#1714,.T.);
#2323=ORIENTED_EDGE('',*,*,#1720,.T.);
#2324=ORIENTED_EDGE('',*,*,#1565,.T.);
#2325=ORIENTED_EDGE('',*,*,#1674,.F.);
#2326=ORIENTED_EDGE('',*,*,#1685,.F.);
#2327=ORIENTED_EDGE('',*,*,#1690,.F.);
#2328=ORIENTED_EDGE('',*,*,#1686,.F.);
#2329=ORIENTED_EDGE('',*,*,#1669,.T.);
#2330=ORIENTED_EDGE('',*,*,#1526,.F.);
#2331=ORIENTED_EDGE('',*,*,#1721,.F.);
#2332=ORIENTED_EDGE('',*,*,#1713,.F.);
#2333=ORIENTED_EDGE('',*,*,#1710,.F.);
#2334=ORIENTED_EDGE('',*,*,#1708,.F.);
#2335=ORIENTED_EDGE('',*,*,#1705,.F.);
#2336=ORIENTED_EDGE('',*,*,#1722,.F.);
#2337=ORIENTED_EDGE('',*,*,#1585,.T.);
#2338=ORIENTED_EDGE('',*,*,#1680,.F.);
#2339=ORIENTED_EDGE('',*,*,#1723,.T.);
#2340=ORIENTED_EDGE('',*,*,#1724,.F.);
#2341=ORIENTED_EDGE('',*,*,#1723,.F.);
#2342=ORIENTED_EDGE('',*,*,#1682,.F.);
#2343=ORIENTED_EDGE('',*,*,#1672,.F.);
#2344=ORIENTED_EDGE('',*,*,#1725,.F.);
#2345=ORIENTED_EDGE('',*,*,#1726,.F.);
#2346=ORIENTED_EDGE('',*,*,#1727,.F.);
#2347=ORIENTED_EDGE('',*,*,#1722,.T.);
#2348=ORIENTED_EDGE('',*,*,#1728,.T.);
#2349=ORIENTED_EDGE('',*,*,#1729,.T.);
#2350=ORIENTED_EDGE('',*,*,#1726,.T.);
#2351=ORIENTED_EDGE('',*,*,#1724,.T.);
#2352=ORIENTED_EDGE('',*,*,#1586,.T.);
#2353=ORIENTED_EDGE('',*,*,#1727,.T.);
#2354=ORIENTED_EDGE('',*,*,#1730,.T.);
#2355=ORIENTED_EDGE('',*,*,#1620,.F.);
#2356=ORIENTED_EDGE('',*,*,#1731,.F.);
#2357=ORIENTED_EDGE('',*,*,#1538,.F.);
#2358=ORIENTED_EDGE('',*,*,#1732,.F.);
#2359=ORIENTED_EDGE('',*,*,#1733,.F.);
#2360=ORIENTED_EDGE('',*,*,#1734,.F.);
#2361=ORIENTED_EDGE('',*,*,#1735,.F.);
#2362=ORIENTED_EDGE('',*,*,#1736,.F.);
#2363=ORIENTED_EDGE('',*,*,#1737,.F.);
#2364=ORIENTED_EDGE('',*,*,#1738,.F.);
#2365=ORIENTED_EDGE('',*,*,#1739,.F.);
#2366=ORIENTED_EDGE('',*,*,#1740,.F.);
#2367=ORIENTED_EDGE('',*,*,#1741,.F.);
#2368=ORIENTED_EDGE('',*,*,#1742,.F.);
#2369=ORIENTED_EDGE('',*,*,#1743,.F.);
#2370=ORIENTED_EDGE('',*,*,#1744,.F.);
#2371=ORIENTED_EDGE('',*,*,#1745,.F.);
#2372=ORIENTED_EDGE('',*,*,#1746,.T.);
#2373=ORIENTED_EDGE('',*,*,#1747,.F.);
#2374=ORIENTED_EDGE('',*,*,#1748,.F.);
#2375=ORIENTED_EDGE('',*,*,#1749,.F.);
#2376=ORIENTED_EDGE('',*,*,#1748,.T.);
#2377=ORIENTED_EDGE('',*,*,#1750,.F.);
#2378=ORIENTED_EDGE('',*,*,#1751,.F.);
#2379=ORIENTED_EDGE('',*,*,#1752,.F.);
#2380=ORIENTED_EDGE('',*,*,#1744,.T.);
#2381=ORIENTED_EDGE('',*,*,#1753,.F.);
#2382=ORIENTED_EDGE('',*,*,#1754,.T.);
#2383=ORIENTED_EDGE('',*,*,#1753,.T.);
#2384=ORIENTED_EDGE('',*,*,#1743,.T.);
#2385=ORIENTED_EDGE('',*,*,#1755,.F.);
#2386=ORIENTED_EDGE('',*,*,#1747,.T.);
#2387=ORIENTED_EDGE('',*,*,#1755,.T.);
#2388=ORIENTED_EDGE('',*,*,#1742,.T.);
#2389=ORIENTED_EDGE('',*,*,#1756,.F.);
#2390=ORIENTED_EDGE('',*,*,#1750,.T.);
#2391=ORIENTED_EDGE('',*,*,#1752,.T.);
#2392=ORIENTED_EDGE('',*,*,#1757,.T.);
#2393=ORIENTED_EDGE('',*,*,#1756,.T.);
#2394=ORIENTED_EDGE('',*,*,#1741,.T.);
#2395=ORIENTED_EDGE('',*,*,#1758,.F.);
#2396=ORIENTED_EDGE('',*,*,#1751,.T.);
#2397=ORIENTED_EDGE('',*,*,#1757,.F.);
#2398=ORIENTED_EDGE('',*,*,#1759,.F.);
#2399=ORIENTED_EDGE('',*,*,#1760,.F.);
#2400=ORIENTED_EDGE('',*,*,#1759,.T.);
#2401=ORIENTED_EDGE('',*,*,#1754,.F.);
#2402=ORIENTED_EDGE('',*,*,#1746,.F.);
#2403=ORIENTED_EDGE('',*,*,#1761,.F.);
#2404=ORIENTED_EDGE('',*,*,#1762,.T.);
#2405=ORIENTED_EDGE('',*,*,#1763,.F.);
#2406=ORIENTED_EDGE('',*,*,#1749,.T.);
#2407=ORIENTED_EDGE('',*,*,#1763,.T.);
#2408=ORIENTED_EDGE('',*,*,#1764,.T.);
#2409=ORIENTED_EDGE('',*,*,#1765,.F.);
#2410=ORIENTED_EDGE('',*,*,#1745,.T.);
#2411=ORIENTED_EDGE('',*,*,#1765,.T.);
#2412=ORIENTED_EDGE('',*,*,#1766,.T.);
#2413=ORIENTED_EDGE('',*,*,#1767,.F.);
#2414=ORIENTED_EDGE('',*,*,#1760,.T.);
#2415=ORIENTED_EDGE('',*,*,#1761,.T.);
#2416=ORIENTED_EDGE('',*,*,#1758,.T.);
#2417=ORIENTED_EDGE('',*,*,#1767,.T.);
#2418=ORIENTED_EDGE('',*,*,#1768,.T.);
#2419=ORIENTED_EDGE('',*,*,#1769,.F.);
#2420=ORIENTED_EDGE('',*,*,#1733,.T.);
#2421=ORIENTED_EDGE('',*,*,#1770,.F.);
#2422=ORIENTED_EDGE('',*,*,#1771,.T.);
#2423=ORIENTED_EDGE('',*,*,#1537,.T.);
#2424=ORIENTED_EDGE('',*,*,#1583,.T.);
#2425=ORIENTED_EDGE('',*,*,#1772,.F.);
#2426=ORIENTED_EDGE('',*,*,#1732,.T.);
#2427=ORIENTED_EDGE('',*,*,#1773,.F.);
#2428=ORIENTED_EDGE('',*,*,#1770,.T.);
#2429=ORIENTED_EDGE('',*,*,#1772,.T.);
#2430=ORIENTED_EDGE('',*,*,#1582,.T.);
#2431=ORIENTED_EDGE('',*,*,#1773,.T.);
#2432=ORIENTED_EDGE('',*,*,#1581,.T.);
#2433=ORIENTED_EDGE('',*,*,#1774,.F.);
#2434=ORIENTED_EDGE('',*,*,#1775,.T.);
#2435=ORIENTED_EDGE('',*,*,#1546,.F.);
#2436=ORIENTED_EDGE('',*,*,#1553,.F.);
#2437=ORIENTED_EDGE('',*,*,#1573,.F.);
#2438=ORIENTED_EDGE('',*,*,#1776,.F.);
#2439=ORIENTED_EDGE('',*,*,#1661,.F.);
#2440=ORIENTED_EDGE('',*,*,#1777,.F.);
#2441=ORIENTED_EDGE('',*,*,#1778,.F.);
#2442=ORIENTED_EDGE('',*,*,#1771,.F.);
#2443=ORIENTED_EDGE('',*,*,#1775,.F.);
#2444=ORIENTED_EDGE('',*,*,#1779,.F.);
#2445=ORIENTED_EDGE('',*,*,#1780,.F.);
#2446=ORIENTED_EDGE('',*,*,#1779,.T.);
#2447=ORIENTED_EDGE('',*,*,#1774,.T.);
#2448=ORIENTED_EDGE('',*,*,#1591,.T.);
#2449=ORIENTED_EDGE('',*,*,#1781,.F.);
#2450=ORIENTED_EDGE('',*,*,#1782,.F.);
#2451=ORIENTED_EDGE('',*,*,#1780,.T.);
#2452=ORIENTED_EDGE('',*,*,#1783,.T.);
#2453=ORIENTED_EDGE('',*,*,#1777,.T.);
#2454=ORIENTED_EDGE('',*,*,#1782,.T.);
#2455=ORIENTED_EDGE('',*,*,#1784,.T.);
#2456=ORIENTED_EDGE('',*,*,#1785,.F.);
#2457=ORIENTED_EDGE('',*,*,#1784,.F.);
#2458=ORIENTED_EDGE('',*,*,#1786,.F.);
#2459=ORIENTED_EDGE('',*,*,#1641,.F.);
#2460=ORIENTED_EDGE('',*,*,#1730,.F.);
#2461=ORIENTED_EDGE('',*,*,#1729,.F.);
#2462=ORIENTED_EDGE('',*,*,#1787,.F.);
#2463=ORIENTED_EDGE('',*,*,#1635,.F.);
#2464=ORIENTED_EDGE('',*,*,#1628,.F.);
#2465=ORIENTED_EDGE('',*,*,#1652,.F.);
#2466=ORIENTED_EDGE('',*,*,#1665,.F.);
#2467=ORIENTED_EDGE('',*,*,#1646,.F.);
#2468=ORIENTED_EDGE('',*,*,#1622,.F.);
#2469=ORIENTED_EDGE('',*,*,#1786,.T.);
#2470=ORIENTED_EDGE('',*,*,#1781,.T.);
#2471=ORIENTED_EDGE('',*,*,#1590,.T.);
#2472=ORIENTED_EDGE('',*,*,#1617,.T.);
#2473=ORIENTED_EDGE('',*,*,#1738,.T.);
#2474=ORIENTED_EDGE('',*,*,#1788,.T.);
#2475=ORIENTED_EDGE('',*,*,#1789,.T.);
#2476=ORIENTED_EDGE('',*,*,#1790,.T.);
#2477=ORIENTED_EDGE('',*,*,#1791,.T.);
#2478=ORIENTED_EDGE('',*,*,#1736,.T.);
#2479=ORIENTED_EDGE('',*,*,#1792,.F.);
#2480=ORIENTED_EDGE('',*,*,#1793,.F.);
#2481=ORIENTED_EDGE('',*,*,#1794,.F.);
#2482=ORIENTED_EDGE('',*,*,#1737,.T.);
#2483=ORIENTED_EDGE('',*,*,#1794,.T.);
#2484=ORIENTED_EDGE('',*,*,#1795,.F.);
#2485=ORIENTED_EDGE('',*,*,#1796,.T.);
#2486=ORIENTED_EDGE('',*,*,#1797,.T.);
#2487=ORIENTED_EDGE('',*,*,#1798,.T.);
#2488=ORIENTED_EDGE('',*,*,#1542,.T.);
#2489=ORIENTED_EDGE('',*,*,#1539,.T.);
#2490=ORIENTED_EDGE('',*,*,#1535,.T.);
#2491=ORIENTED_EDGE('',*,*,#1731,.T.);
#2492=ORIENTED_EDGE('',*,*,#1799,.F.);
#2493=ORIENTED_EDGE('',*,*,#1800,.F.);
#2494=ORIENTED_EDGE('',*,*,#1788,.F.);
#2495=ORIENTED_EDGE('',*,*,#1735,.T.);
#2496=ORIENTED_EDGE('',*,*,#1801,.F.);
#2497=ORIENTED_EDGE('',*,*,#1802,.F.);
#2498=ORIENTED_EDGE('',*,*,#1792,.T.);
#2499=ORIENTED_EDGE('',*,*,#1516,.T.);
#2500=ORIENTED_EDGE('',*,*,#1803,.T.);
#2501=ORIENTED_EDGE('',*,*,#1804,.T.);
#2502=ORIENTED_EDGE('',*,*,#1805,.T.);
#2503=ORIENTED_EDGE('',*,*,#1806,.T.);
#2504=ORIENTED_EDGE('',*,*,#1807,.T.);
#2505=ORIENTED_EDGE('',*,*,#1808,.T.);
#2506=ORIENTED_EDGE('',*,*,#1809,.T.);
#2507=ORIENTED_EDGE('',*,*,#1523,.T.);
#2508=ORIENTED_EDGE('',*,*,#1593,.F.);
#2509=ORIENTED_EDGE('',*,*,#1596,.F.);
#2510=ORIENTED_EDGE('',*,*,#1599,.F.);
#2511=ORIENTED_EDGE('',*,*,#1810,.F.);
#2512=ORIENTED_EDGE('',*,*,#1574,.F.);
#2513=ORIENTED_EDGE('',*,*,#1576,.F.);
#2514=ORIENTED_EDGE('',*,*,#1578,.F.);
#2515=ORIENTED_EDGE('',*,*,#1543,.F.);
#2516=ORIENTED_EDGE('',*,*,#1798,.F.);
#2517=ORIENTED_EDGE('',*,*,#1811,.T.);
#2518=ORIENTED_EDGE('',*,*,#1512,.T.);
#2519=ORIENTED_EDGE('',*,*,#1768,.F.);
#2520=ORIENTED_EDGE('',*,*,#1766,.F.);
#2521=ORIENTED_EDGE('',*,*,#1764,.F.);
#2522=ORIENTED_EDGE('',*,*,#1762,.F.);
#2523=ORIENTED_EDGE('',*,*,#1812,.T.);
#2524=ORIENTED_EDGE('',*,*,#1813,.T.);
#2525=ORIENTED_EDGE('',*,*,#1814,.T.);
#2526=ORIENTED_EDGE('',*,*,#1815,.F.);
#2527=ORIENTED_EDGE('',*,*,#1816,.T.);
#2528=ORIENTED_EDGE('',*,*,#1817,.T.);
#2529=ORIENTED_EDGE('',*,*,#1818,.F.);
#2530=ORIENTED_EDGE('',*,*,#1819,.T.);
#2531=ORIENTED_EDGE('',*,*,#1816,.F.);
#2532=ORIENTED_EDGE('',*,*,#1813,.F.);
#2533=ORIENTED_EDGE('',*,*,#1820,.T.);
#2534=ORIENTED_EDGE('',*,*,#1821,.T.);
#2535=ORIENTED_EDGE('',*,*,#1820,.F.);
#2536=ORIENTED_EDGE('',*,*,#1822,.T.);
#2537=ORIENTED_EDGE('',*,*,#1823,.T.);
#2538=ORIENTED_EDGE('',*,*,#1824,.T.);
#2539=ORIENTED_EDGE('',*,*,#1823,.F.);
#2540=ORIENTED_EDGE('',*,*,#1825,.T.);
#2541=ORIENTED_EDGE('',*,*,#1826,.T.);
#2542=ORIENTED_EDGE('',*,*,#1827,.T.);
#2543=ORIENTED_EDGE('',*,*,#1826,.F.);
#2544=ORIENTED_EDGE('',*,*,#1828,.T.);
#2545=ORIENTED_EDGE('',*,*,#1829,.T.);
#2546=ORIENTED_EDGE('',*,*,#1830,.T.);
#2547=ORIENTED_EDGE('',*,*,#1829,.F.);
#2548=ORIENTED_EDGE('',*,*,#1831,.T.);
#2549=ORIENTED_EDGE('',*,*,#1832,.T.);
#2550=ORIENTED_EDGE('',*,*,#1833,.T.);
#2551=ORIENTED_EDGE('',*,*,#1832,.F.);
#2552=ORIENTED_EDGE('',*,*,#1815,.T.);
#2553=ORIENTED_EDGE('',*,*,#1821,.F.);
#2554=ORIENTED_EDGE('',*,*,#1834,.T.);
#2555=ORIENTED_EDGE('',*,*,#1835,.F.);
#2556=ORIENTED_EDGE('',*,*,#1836,.F.);
#2557=ORIENTED_EDGE('',*,*,#1837,.T.);
#2558=ORIENTED_EDGE('',*,*,#1838,.F.);
#2559=ORIENTED_EDGE('',*,*,#1839,.F.);
#2560=ORIENTED_EDGE('',*,*,#1840,.F.);
#2561=ORIENTED_EDGE('',*,*,#1841,.T.);
#2562=ORIENTED_EDGE('',*,*,#1842,.F.);
#2563=ORIENTED_EDGE('',*,*,#1843,.F.);
#2564=ORIENTED_EDGE('',*,*,#1838,.T.);
#2565=ORIENTED_EDGE('',*,*,#1844,.T.);
#2566=ORIENTED_EDGE('',*,*,#1845,.T.);
#2567=ORIENTED_EDGE('',*,*,#1834,.F.);
#2568=ORIENTED_EDGE('',*,*,#1846,.F.);
#2569=ORIENTED_EDGE('',*,*,#1841,.F.);
#2570=ORIENTED_EDGE('',*,*,#1847,.T.);
#2571=ORIENTED_EDGE('',*,*,#1848,.T.);
#2572=ORIENTED_EDGE('',*,*,#1849,.F.);
#2573=ORIENTED_EDGE('',*,*,#1850,.F.);
#2574=ORIENTED_EDGE('',*,*,#1851,.F.);
#2575=ORIENTED_EDGE('',*,*,#1848,.F.);
#2576=ORIENTED_EDGE('',*,*,#1852,.F.);
#2577=ORIENTED_EDGE('',*,*,#1853,.F.);
#2578=ORIENTED_EDGE('',*,*,#1854,.F.);
#2579=ORIENTED_EDGE('',*,*,#1855,.F.);
#2580=ORIENTED_EDGE('',*,*,#1856,.F.);
#2581=ORIENTED_EDGE('',*,*,#1847,.F.);
#2582=ORIENTED_EDGE('',*,*,#1857,.T.);
#2583=ORIENTED_EDGE('',*,*,#1858,.F.);
#2584=ORIENTED_EDGE('',*,*,#1852,.T.);
#2585=ORIENTED_EDGE('',*,*,#1856,.T.);
#2586=ORIENTED_EDGE('',*,*,#1859,.T.);
#2587=ORIENTED_EDGE('',*,*,#1860,.F.);
#2588=ORIENTED_EDGE('',*,*,#1861,.F.);
#2589=ORIENTED_EDGE('',*,*,#1862,.T.);
#2590=ORIENTED_EDGE('',*,*,#1817,.F.);
#2591=ORIENTED_EDGE('',*,*,#1819,.F.);
#2592=ORIENTED_EDGE('',*,*,#1863,.T.);
#2593=ORIENTED_EDGE('',*,*,#1864,.T.);
#2594=ORIENTED_EDGE('',*,*,#1865,.F.);
#2595=ORIENTED_EDGE('',*,*,#1866,.F.);
#2596=ORIENTED_EDGE('',*,*,#1867,.F.);
#2597=ORIENTED_EDGE('',*,*,#1868,.F.);
#2598=ORIENTED_EDGE('',*,*,#1840,.T.);
#2599=ORIENTED_EDGE('',*,*,#1869,.F.);
#2600=ORIENTED_EDGE('',*,*,#1870,.T.);
#2601=ORIENTED_EDGE('',*,*,#1812,.F.);
#2602=ORIENTED_EDGE('',*,*,#1871,.T.);
#2603=ORIENTED_EDGE('',*,*,#1872,.T.);
#2604=ORIENTED_EDGE('',*,*,#1871,.F.);
#2605=ORIENTED_EDGE('',*,*,#1873,.T.);
#2606=ORIENTED_EDGE('',*,*,#1872,.F.);
#2607=ORIENTED_EDGE('',*,*,#1873,.F.);
#2608=ORIENTED_EDGE('',*,*,#1874,.T.);
#2609=ORIENTED_EDGE('',*,*,#1842,.T.);
#2610=ORIENTED_EDGE('',*,*,#1846,.T.);
#2611=ORIENTED_EDGE('',*,*,#1836,.T.);
#2612=ORIENTED_EDGE('',*,*,#1875,.T.);
#2613=ORIENTED_EDGE('',*,*,#1849,.T.);
#2614=ORIENTED_EDGE('',*,*,#1851,.T.);
#2615=ORIENTED_EDGE('',*,*,#1876,.T.);
#2616=ORIENTED_EDGE('',*,*,#1877,.T.);
#2617=ORIENTED_EDGE('',*,*,#1869,.T.);
#2618=ORIENTED_EDGE('',*,*,#1839,.T.);
#2619=ORIENTED_EDGE('',*,*,#1843,.T.);
#2620=ORIENTED_EDGE('',*,*,#1874,.F.);
#2621=ORIENTED_EDGE('',*,*,#1814,.F.);
#2622=ORIENTED_EDGE('',*,*,#1878,.T.);
#2623=ORIENTED_EDGE('',*,*,#1879,.T.);
#2624=ORIENTED_EDGE('',*,*,#1878,.F.);
#2625=ORIENTED_EDGE('',*,*,#1880,.T.);
#2626=ORIENTED_EDGE('',*,*,#1879,.F.);
#2627=ORIENTED_EDGE('',*,*,#1881,.T.);
#2628=ORIENTED_EDGE('',*,*,#1882,.T.);
#2629=ORIENTED_EDGE('',*,*,#1883,.T.);
#2630=ORIENTED_EDGE('',*,*,#1884,.T.);
#2631=ORIENTED_EDGE('',*,*,#1885,.T.);
#2632=ORIENTED_EDGE('',*,*,#1882,.F.);
#2633=ORIENTED_EDGE('',*,*,#1877,.F.);
#2634=ORIENTED_EDGE('',*,*,#1886,.F.);
#2635=ORIENTED_EDGE('',*,*,#1887,.T.);
#2636=ORIENTED_EDGE('',*,*,#1870,.F.);
#2637=ORIENTED_EDGE('',*,*,#1887,.F.);
#2638=ORIENTED_EDGE('',*,*,#1888,.F.);
#2639=ORIENTED_EDGE('',*,*,#1889,.T.);
#2640=ORIENTED_EDGE('',*,*,#1880,.F.);
#2641=ORIENTED_EDGE('',*,*,#1890,.T.);
#2642=ORIENTED_EDGE('',*,*,#1860,.T.);
#2643=ORIENTED_EDGE('',*,*,#1891,.T.);
#2644=ORIENTED_EDGE('',*,*,#1892,.F.);
#2645=ORIENTED_EDGE('',*,*,#1893,.F.);
#2646=ORIENTED_EDGE('',*,*,#1861,.T.);
#2647=ORIENTED_EDGE('',*,*,#1890,.F.);
#2648=ORIENTED_EDGE('',*,*,#1894,.T.);
#2649=ORIENTED_EDGE('',*,*,#1891,.F.);
#2650=ORIENTED_EDGE('',*,*,#1859,.F.);
#2651=ORIENTED_EDGE('',*,*,#1889,.F.);
#2652=ORIENTED_EDGE('',*,*,#1895,.F.);
#2653=ORIENTED_EDGE('',*,*,#1896,.F.);
#2654=ORIENTED_EDGE('',*,*,#1897,.F.);
#2655=ORIENTED_EDGE('',*,*,#1857,.F.);
#2656=ORIENTED_EDGE('',*,*,#1898,.F.);
#2657=ORIENTED_EDGE('',*,*,#1899,.F.);
#2658=ORIENTED_EDGE('',*,*,#1900,.T.);
#2659=ORIENTED_EDGE('',*,*,#1886,.T.);
#2660=ORIENTED_EDGE('',*,*,#1876,.F.);
#2661=ORIENTED_EDGE('',*,*,#1853,.T.);
#2662=ORIENTED_EDGE('',*,*,#1858,.T.);
#2663=ORIENTED_EDGE('',*,*,#1897,.T.);
#2664=ORIENTED_EDGE('',*,*,#1901,.F.);
#2665=ORIENTED_EDGE('',*,*,#1902,.F.);
#2666=ORIENTED_EDGE('',*,*,#1888,.T.);
#2667=ORIENTED_EDGE('',*,*,#1900,.F.);
#2668=ORIENTED_EDGE('',*,*,#1903,.F.);
#2669=ORIENTED_EDGE('',*,*,#1904,.T.);
#2670=ORIENTED_EDGE('',*,*,#1895,.T.);
#2671=ORIENTED_EDGE('',*,*,#1902,.T.);
#2672=ORIENTED_EDGE('',*,*,#1905,.F.);
#2673=ORIENTED_EDGE('',*,*,#1906,.F.);
#2674=ORIENTED_EDGE('',*,*,#1892,.T.);
#2675=ORIENTED_EDGE('',*,*,#1894,.F.);
#2676=ORIENTED_EDGE('',*,*,#1904,.F.);
#2677=ORIENTED_EDGE('',*,*,#1907,.F.);
#2678=ORIENTED_EDGE('',*,*,#1908,.F.);
#2679=ORIENTED_EDGE('',*,*,#1863,.F.);
#2680=ORIENTED_EDGE('',*,*,#1818,.T.);
#2681=ORIENTED_EDGE('',*,*,#1862,.F.);
#2682=ORIENTED_EDGE('',*,*,#1893,.T.);
#2683=ORIENTED_EDGE('',*,*,#1906,.T.);
#2684=ORIENTED_EDGE('',*,*,#1909,.F.);
#2685=ORIENTED_EDGE('',*,*,#1910,.T.);
#2686=ORIENTED_EDGE('',*,*,#1911,.F.);
#2687=ORIENTED_EDGE('',*,*,#1912,.T.);
#2688=ORIENTED_EDGE('',*,*,#1913,.T.);
#2689=ORIENTED_EDGE('',*,*,#1914,.T.);
#2690=ORIENTED_EDGE('',*,*,#1915,.F.);
#2691=ORIENTED_EDGE('',*,*,#1909,.T.);
#2692=ORIENTED_EDGE('',*,*,#1905,.T.);
#2693=ORIENTED_EDGE('',*,*,#1903,.T.);
#2694=ORIENTED_EDGE('',*,*,#1901,.T.);
#2695=ORIENTED_EDGE('',*,*,#1899,.T.);
#2696=ORIENTED_EDGE('',*,*,#1896,.T.);
#2697=ORIENTED_EDGE('',*,*,#1916,.T.);
#2698=ORIENTED_EDGE('',*,*,#1881,.F.);
#2699=ORIENTED_EDGE('',*,*,#1828,.F.);
#2700=ORIENTED_EDGE('',*,*,#1825,.F.);
#2701=ORIENTED_EDGE('',*,*,#1822,.F.);
#2702=ORIENTED_EDGE('',*,*,#1831,.F.);
#2703=ORIENTED_EDGE('',*,*,#1917,.T.);
#2704=ORIENTED_EDGE('',*,*,#1918,.F.);
#2705=ORIENTED_EDGE('',*,*,#1910,.F.);
#2706=ORIENTED_EDGE('',*,*,#1915,.T.);
#2707=ORIENTED_EDGE('',*,*,#1919,.T.);
#2708=ORIENTED_EDGE('',*,*,#1916,.F.);
#2709=ORIENTED_EDGE('',*,*,#1898,.T.);
#2710=ORIENTED_EDGE('',*,*,#1855,.T.);
#2711=ORIENTED_EDGE('',*,*,#1920,.F.);
#2712=ORIENTED_EDGE('',*,*,#1921,.F.);
#2713=ORIENTED_EDGE('',*,*,#1917,.F.);
#2714=ORIENTED_EDGE('',*,*,#1914,.F.);
#2715=ORIENTED_EDGE('',*,*,#1922,.F.);
#2716=ORIENTED_EDGE('',*,*,#1923,.F.);
#2717=ORIENTED_EDGE('',*,*,#1796,.F.);
#2718=ORIENTED_EDGE('',*,*,#1924,.T.);
#2719=ORIENTED_EDGE('',*,*,#1920,.T.);
#2720=ORIENTED_EDGE('',*,*,#1854,.T.);
#2721=ORIENTED_EDGE('',*,*,#1850,.T.);
#2722=ORIENTED_EDGE('',*,*,#1875,.F.);
#2723=ORIENTED_EDGE('',*,*,#1835,.T.);
#2724=ORIENTED_EDGE('',*,*,#1845,.F.);
#2725=ORIENTED_EDGE('',*,*,#1844,.F.);
#2726=ORIENTED_EDGE('',*,*,#1837,.F.);
#2727=ORIENTED_EDGE('',*,*,#1925,.F.);
#2728=ORIENTED_EDGE('',*,*,#1926,.T.);
#2729=ORIENTED_EDGE('',*,*,#1927,.F.);
#2730=ORIENTED_EDGE('',*,*,#1912,.F.);
#2731=ORIENTED_EDGE('',*,*,#1919,.F.);
#2732=ORIENTED_EDGE('',*,*,#1924,.F.);
#2733=ORIENTED_EDGE('',*,*,#1928,.F.);
#2734=ORIENTED_EDGE('',*,*,#1929,.F.);
#2735=ORIENTED_EDGE('',*,*,#1930,.F.);
#2736=ORIENTED_EDGE('',*,*,#1931,.T.);
#2737=ORIENTED_EDGE('',*,*,#1932,.T.);
#2738=ORIENTED_EDGE('',*,*,#1933,.T.);
#2739=ORIENTED_EDGE('',*,*,#1934,.T.);
#2740=ORIENTED_EDGE('',*,*,#1811,.F.);
#2741=ORIENTED_EDGE('',*,*,#1797,.F.);
#2742=ORIENTED_EDGE('',*,*,#1923,.T.);
#2743=ORIENTED_EDGE('',*,*,#1935,.F.);
#2744=ORIENTED_EDGE('',*,*,#1936,.T.);
#2745=ORIENTED_EDGE('',*,*,#1934,.F.);
#2746=ORIENTED_EDGE('',*,*,#1937,.T.);
#2747=ORIENTED_EDGE('',*,*,#1884,.F.);
#2748=ORIENTED_EDGE('',*,*,#1938,.T.);
#2749=ORIENTED_EDGE('',*,*,#1932,.F.);
#2750=ORIENTED_EDGE('',*,*,#1939,.T.);
#2751=ORIENTED_EDGE('',*,*,#1940,.F.);
#2752=ORIENTED_EDGE('',*,*,#1929,.T.);
#2753=ORIENTED_EDGE('',*,*,#1941,.F.);
#2754=ORIENTED_EDGE('',*,*,#1942,.T.);
#2755=ORIENTED_EDGE('',*,*,#1521,.T.);
#2756=ORIENTED_EDGE('',*,*,#1522,.F.);
#2757=ORIENTED_EDGE('',*,*,#1513,.F.);
#2758=ORIENTED_EDGE('',*,*,#1824,.F.);
#2759=ORIENTED_EDGE('',*,*,#1827,.F.);
#2760=ORIENTED_EDGE('',*,*,#1830,.F.);
#2761=ORIENTED_EDGE('',*,*,#1833,.F.);
#2762=ORIENTED_EDGE('',*,*,#1937,.F.);
#2763=ORIENTED_EDGE('',*,*,#1933,.F.);
#2764=ORIENTED_EDGE('',*,*,#1938,.F.);
#2765=ORIENTED_EDGE('',*,*,#1883,.F.);
#2766=ORIENTED_EDGE('',*,*,#1885,.F.);
#2767=ORIENTED_EDGE('',*,*,#1943,.T.);
#2768=ORIENTED_EDGE('',*,*,#1935,.T.);
#2769=ORIENTED_EDGE('',*,*,#1922,.T.);
#2770=ORIENTED_EDGE('',*,*,#1913,.F.);
#2771=ORIENTED_EDGE('',*,*,#1930,.T.);
#2772=ORIENTED_EDGE('',*,*,#1940,.T.);
#2773=ORIENTED_EDGE('',*,*,#1939,.F.);
#2774=ORIENTED_EDGE('',*,*,#1931,.F.);
#2775=ORIENTED_EDGE('',*,*,#1936,.F.);
#2776=ORIENTED_EDGE('',*,*,#1943,.F.);
#2777=ORIENTED_EDGE('',*,*,#1944,.T.);
#2778=ORIENTED_EDGE('',*,*,#1941,.T.);
#2779=ORIENTED_EDGE('',*,*,#1928,.T.);
#2780=ORIENTED_EDGE('',*,*,#1927,.T.);
#2781=ORIENTED_EDGE('',*,*,#1945,.T.);
#2782=ORIENTED_EDGE('',*,*,#1946,.T.);
#2783=ORIENTED_EDGE('',*,*,#1947,.T.);
#2784=ORIENTED_EDGE('',*,*,#1865,.T.);
#2785=ORIENTED_EDGE('',*,*,#1948,.F.);
#2786=ORIENTED_EDGE('',*,*,#1949,.T.);
#2787=ORIENTED_EDGE('',*,*,#1950,.T.);
#2788=ORIENTED_EDGE('',*,*,#1866,.T.);
#2789=ORIENTED_EDGE('',*,*,#1947,.F.);
#2790=ORIENTED_EDGE('',*,*,#1951,.T.);
#2791=ORIENTED_EDGE('',*,*,#1952,.T.);
#2792=ORIENTED_EDGE('',*,*,#1867,.T.);
#2793=ORIENTED_EDGE('',*,*,#1950,.F.);
#2794=ORIENTED_EDGE('',*,*,#1953,.T.);
#2795=ORIENTED_EDGE('',*,*,#1954,.T.);
#2796=ORIENTED_EDGE('',*,*,#1925,.T.);
#2797=ORIENTED_EDGE('',*,*,#1868,.T.);
#2798=ORIENTED_EDGE('',*,*,#1952,.F.);
#2799=ORIENTED_EDGE('',*,*,#1955,.T.);
#2800=ORIENTED_EDGE('',*,*,#1945,.F.);
#2801=ORIENTED_EDGE('',*,*,#1926,.F.);
#2802=ORIENTED_EDGE('',*,*,#1954,.F.);
#2803=ORIENTED_EDGE('',*,*,#1519,.F.);
#2804=ORIENTED_EDGE('',*,*,#1942,.F.);
#2805=ORIENTED_EDGE('',*,*,#1944,.F.);
#2806=ORIENTED_EDGE('',*,*,#1956,.T.);
#2807=ORIENTED_EDGE('',*,*,#1803,.F.);
#2808=ORIENTED_EDGE('',*,*,#1956,.F.);
#2809=ORIENTED_EDGE('',*,*,#1955,.F.);
#2810=ORIENTED_EDGE('',*,*,#1957,.T.);
#2811=ORIENTED_EDGE('',*,*,#1804,.F.);
#2812=ORIENTED_EDGE('',*,*,#1957,.F.);
#2813=ORIENTED_EDGE('',*,*,#1953,.F.);
#2814=ORIENTED_EDGE('',*,*,#1958,.T.);
#2815=ORIENTED_EDGE('',*,*,#1805,.F.);
#2816=ORIENTED_EDGE('',*,*,#1958,.F.);
#2817=ORIENTED_EDGE('',*,*,#1951,.F.);
#2818=ORIENTED_EDGE('',*,*,#1959,.T.);
#2819=ORIENTED_EDGE('',*,*,#1806,.F.);
#2820=ORIENTED_EDGE('',*,*,#1959,.F.);
#2821=ORIENTED_EDGE('',*,*,#1949,.F.);
#2822=ORIENTED_EDGE('',*,*,#1960,.T.);
#2823=ORIENTED_EDGE('',*,*,#1807,.F.);
#2824=ORIENTED_EDGE('',*,*,#1960,.F.);
#2825=ORIENTED_EDGE('',*,*,#1946,.F.);
#2826=ORIENTED_EDGE('',*,*,#1961,.T.);
#2827=ORIENTED_EDGE('',*,*,#1808,.F.);
#2828=ORIENTED_EDGE('',*,*,#1739,.T.);
#2829=ORIENTED_EDGE('',*,*,#1791,.F.);
#2830=ORIENTED_EDGE('',*,*,#1962,.T.);
#2831=ORIENTED_EDGE('',*,*,#1963,.F.);
#2832=ORIENTED_EDGE('',*,*,#1964,.F.);
#2833=ORIENTED_EDGE('',*,*,#1965,.F.);
#2834=ORIENTED_EDGE('',*,*,#1962,.F.);
#2835=ORIENTED_EDGE('',*,*,#1790,.F.);
#2836=ORIENTED_EDGE('',*,*,#1800,.T.);
#2837=ORIENTED_EDGE('',*,*,#1966,.F.);
#2838=ORIENTED_EDGE('',*,*,#1964,.T.);
#2839=ORIENTED_EDGE('',*,*,#1789,.F.);
#2840=ORIENTED_EDGE('',*,*,#1740,.T.);
#2841=ORIENTED_EDGE('',*,*,#1963,.T.);
#2842=ORIENTED_EDGE('',*,*,#1965,.T.);
#2843=ORIENTED_EDGE('',*,*,#1966,.T.);
#2844=ORIENTED_EDGE('',*,*,#1799,.T.);
#2845=ORIENTED_EDGE('',*,*,#1524,.T.);
#2846=ORIENTED_EDGE('',*,*,#1809,.F.);
#2847=ORIENTED_EDGE('',*,*,#1961,.F.);
#2848=ORIENTED_EDGE('',*,*,#1967,.F.);
#2849=ORIENTED_EDGE('',*,*,#1968,.F.);
#2850=ORIENTED_EDGE('',*,*,#1969,.F.);
#2851=ORIENTED_EDGE('',*,*,#1970,.T.);
#2852=ORIENTED_EDGE('',*,*,#1908,.T.);
#2853=ORIENTED_EDGE('',*,*,#1971,.F.);
#2854=ORIENTED_EDGE('',*,*,#1911,.T.);
#2855=ORIENTED_EDGE('',*,*,#1918,.T.);
#2856=ORIENTED_EDGE('',*,*,#1921,.T.);
#2857=ORIENTED_EDGE('',*,*,#1795,.T.);
#2858=ORIENTED_EDGE('',*,*,#1793,.T.);
#2859=ORIENTED_EDGE('',*,*,#1802,.T.);
#2860=ORIENTED_EDGE('',*,*,#1972,.F.);
#2861=ORIENTED_EDGE('',*,*,#1967,.T.);
#2862=ORIENTED_EDGE('',*,*,#1948,.T.);
#2863=ORIENTED_EDGE('',*,*,#1864,.F.);
#2864=ORIENTED_EDGE('',*,*,#1970,.F.);
#2865=ORIENTED_EDGE('',*,*,#1968,.T.);
#2866=ORIENTED_EDGE('',*,*,#1972,.T.);
#2867=ORIENTED_EDGE('',*,*,#1969,.T.);
#2868=ORIENTED_EDGE('',*,*,#1907,.T.);
#2869=ORIENTED_EDGE('',*,*,#1971,.T.);
#2870=ORIENTED_EDGE('',*,*,#1801,.T.);
#2871=ORIENTED_EDGE('',*,*,#1734,.T.);
#2872=ORIENTED_EDGE('',*,*,#1769,.T.);
#2873=ORIENTED_EDGE('',*,*,#1778,.T.);
#2874=ORIENTED_EDGE('',*,*,#1783,.F.);
#2875=ORIENTED_EDGE('',*,*,#1785,.T.);
#2876=ORIENTED_EDGE('',*,*,#1634,.F.);
#2877=ORIENTED_EDGE('',*,*,#1640,.F.);
#2878=ORIENTED_EDGE('',*,*,#1658,.T.);
#2879=ORIENTED_EDGE('',*,*,#1638,.T.);
#2880=ORIENTED_EDGE('',*,*,#1636,.F.);
#2881=ORIENTED_EDGE('',*,*,#1787,.T.);
#2882=ORIENTED_EDGE('',*,*,#1728,.F.);
#2883=ORIENTED_EDGE('',*,*,#1725,.T.);
#2884=ORIENTED_EDGE('',*,*,#1671,.F.);
#2885=ORIENTED_EDGE('',*,*,#1721,.T.);
#2886=ORIENTED_EDGE('',*,*,#1525,.F.);
#2887=ORIENTED_EDGE('',*,*,#1598,.F.);
#2888=ORIENTED_EDGE('',*,*,#1603,.T.);
#2889=ORIENTED_EDGE('',*,*,#1609,.F.);
#2890=ORIENTED_EDGE('',*,*,#1557,.F.);
#2891=ORIENTED_EDGE('',*,*,#1547,.F.);
#2892=ORIENTED_EDGE('',*,*,#1776,.T.);
#2893=ORIENTED_EDGE('',*,*,#1572,.F.);
#2894=ORIENTED_EDGE('',*,*,#1810,.T.);
#2895=PLANE('',#3145);
#2896=PLANE('',#3146);
#2897=PLANE('',#3147);
#2898=PLANE('',#3148);
#2899=PLANE('',#3149);
#2900=PLANE('',#3159);
#2901=PLANE('',#3170);
#2902=PLANE('',#3189);
#2903=PLANE('',#3199);
#2904=PLANE('',#3203);
#2905=PLANE('',#3212);
#2906=PLANE('',#3257);
#2907=PLANE('',#3258);
#2908=PLANE('',#3259);
#2909=PLANE('',#3260);
#2910=PLANE('',#3261);
#2911=PLANE('',#3262);
#2912=PLANE('',#3270);
#2913=PLANE('',#3293);
#2914=PLANE('',#3304);
#2915=PLANE('',#3318);
#2916=PLANE('',#3327);
#2917=PLANE('',#3330);
#2918=PLANE('',#3337);
#2919=PLANE('',#3348);
#2920=PLANE('',#3360);
#2921=PLANE('',#3378);
#2922=PLANE('',#3379);
#2923=PLANE('',#3387);
#2924=PLANE('',#3394);
#2925=PLANE('',#3395);
#2926=PLANE('',#3396);
#2927=PLANE('',#3421);
#2928=PLANE('',#3422);
#2929=PLANE('',#3425);
#2930=PLANE('',#3430);
#2931=PLANE('',#3438);
#2932=PLANE('',#3446);
#2933=PLANE('',#3453);
#2934=PLANE('',#3468);
#2935=PLANE('',#3471);
#2936=PLANE('',#3479);
#2937=PLANE('',#3482);
#2938=PLANE('',#3483);
#2939=PLANE('',#3487);
#2940=PLANE('',#3494);
#2941=PLANE('',#3498);
#2942=PLANE('',#3501);
#2943=PLANE('',#3504);
#2944=PLANE('',#3507);
#2945=PLANE('',#3522);
#2946=PLANE('',#3529);
#2947=PLANE('',#3530);
#2948=PLANE('',#3531);
#2949=PLANE('',#3532);
#2950=ADVANCED_FACE('',(#426),#2895,.T.);
#2951=ADVANCED_FACE('',(#427),#2896,.T.);
#2952=ADVANCED_FACE('',(#428),#2897,.T.);
#2953=ADVANCED_FACE('',(#429),#2898,.T.);
#2954=ADVANCED_FACE('',(#430,#170),#2899,.T.);
#2955=ADVANCED_FACE('',(#431),#93,.T.);
#2956=ADVANCED_FACE('',(#432),#2900,.T.);
#2957=ADVANCED_FACE('',(#433),#94,.T.);
#2958=ADVANCED_FACE('',(#434),#95,.F.);
#2959=ADVANCED_FACE('',(#435),#81,.T.);
#2960=ADVANCED_FACE('',(#436),#96,.T.);
#2961=ADVANCED_FACE('',(#437),#97,.T.);
#2962=ADVANCED_FACE('',(#438,#171),#2901,.T.);
#2963=ADVANCED_FACE('',(#439),#82,.F.);
#2964=ADVANCED_FACE('',(#440),#98,.F.);
#2965=ADVANCED_FACE('',(#441),#99,.T.);
#2966=ADVANCED_FACE('',(#442),#28,.T.);
#2967=ADVANCED_FACE('',(#443),#100,.T.);
#2968=ADVANCED_FACE('',(#444),#2902,.T.);
#2969=ADVANCED_FACE('',(#445),#101,.F.);
#2970=ADVANCED_FACE('',(#446),#29,.F.);
#2971=ADVANCED_FACE('',(#447),#102,.F.);
#2972=ADVANCED_FACE('',(#448,#172),#2903,.F.);
#2973=ADVANCED_FACE('',(#449),#103,.T.);
#2974=ADVANCED_FACE('',(#450),#2904,.T.);
#2975=ADVANCED_FACE('',(#451),#104,.F.);
#2976=ADVANCED_FACE('',(#452),#30,.F.);
#2977=ADVANCED_FACE('',(#453),#105,.F.);
#2978=ADVANCED_FACE('',(#454),#106,.F.);
#2979=ADVANCED_FACE('',(#455,#173),#2905,.F.);
#2980=ADVANCED_FACE('',(#456),#107,.F.);
#2981=ADVANCED_FACE('',(#457),#83,.F.);
#2982=ADVANCED_FACE('',(#458),#84,.F.);
#2983=ADVANCED_FACE('',(#459),#85,.F.);
#2984=ADVANCED_FACE('',(#460),#31,.T.);
#2985=ADVANCED_FACE('',(#461),#20,.T.);
#2986=ADVANCED_FACE('',(#462),#32,.T.);
#2987=ADVANCED_FACE('',(#463),#21,.T.);
#2988=ADVANCED_FACE('',(#464),#33,.T.);
#2989=ADVANCED_FACE('',(#465),#22,.T.);
#2990=ADVANCED_FACE('',(#466),#34,.T.);
#2991=ADVANCED_FACE('',(#467),#23,.T.);
#2992=ADVANCED_FACE('',(#468),#35,.T.);
#2993=ADVANCED_FACE('',(#469),#24,.T.);
#2994=ADVANCED_FACE('',(#470),#36,.T.);
#2995=ADVANCED_FACE('',(#471),#25,.T.);
#2996=ADVANCED_FACE('',(#472),#2906,.T.);
#2997=ADVANCED_FACE('',(#473),#2907,.T.);
#2998=ADVANCED_FACE('',(#474),#2908,.T.);
#2999=ADVANCED_FACE('',(#475),#2909,.T.);
#3000=ADVANCED_FACE('',(#476),#2910,.T.);
#3001=ADVANCED_FACE('',(#477),#2911,.T.);
#3002=ADVANCED_FACE('',(#478),#18,.F.);
#3003=ADVANCED_FACE('',(#479),#108,.F.);
#3004=ADVANCED_FACE('',(#480),#19,.F.);
#3005=ADVANCED_FACE('',(#481),#2912,.T.);
#3006=ADVANCED_FACE('',(#482),#109,.T.);
#3007=ADVANCED_FACE('',(#483),#110,.T.);
#3008=ADVANCED_FACE('',(#484),#111,.T.);
#3009=ADVANCED_FACE('',(#485),#86,.F.);
#3010=ADVANCED_FACE('',(#486),#87,.F.);
#3011=ADVANCED_FACE('',(#487),#37,.T.);
#3012=ADVANCED_FACE('',(#488),#38,.T.);
#3013=ADVANCED_FACE('',(#489),#112,.T.);
#3014=ADVANCED_FACE('',(#490),#113,.T.);
#3015=ADVANCED_FACE('',(#491),#2913,.T.);
#3016=ADVANCED_FACE('',(#492),#39,.T.);
#3017=ADVANCED_FACE('',(#493),#114,.T.);
#3018=ADVANCED_FACE('',(#494),#40,.T.);
#3019=ADVANCED_FACE('',(#495),#115,.T.);
#3020=ADVANCED_FACE('',(#496),#116,.F.);
#3021=ADVANCED_FACE('',(#497),#2914,.F.);
#3022=ADVANCED_FACE('',(#498),#117,.T.);
#3023=ADVANCED_FACE('',(#499),#41,.T.);
#3024=ADVANCED_FACE('',(#500),#118,.T.);
#3025=ADVANCED_FACE('',(#501),#42,.T.);
#3026=ADVANCED_FACE('',(#502),#119,.F.);
#3027=ADVANCED_FACE('',(#503),#2915,.F.);
#3028=ADVANCED_FACE('',(#504),#120,.T.);
#3029=ADVANCED_FACE('',(#505),#43,.T.);
#3030=ADVANCED_FACE('',(#506),#121,.T.);
#3031=ADVANCED_FACE('',(#507),#44,.T.);
#3032=ADVANCED_FACE('',(#508,#174),#2916,.T.);
#3033=ADVANCED_FACE('',(#509),#122,.T.);
#3034=ADVANCED_FACE('',(#510),#2917,.T.);
#3035=ADVANCED_FACE('',(#511),#15,.T.);
#3036=ADVANCED_FACE('',(#512),#123,.T.);
#3037=ADVANCED_FACE('',(#513),#124,.T.);
#3038=ADVANCED_FACE('',(#514,#175),#2918,.T.);
#3039=ADVANCED_FACE('',(#515),#125,.F.);
#3040=ADVANCED_FACE('',(#516),#2919,.F.);
#3041=ADVANCED_FACE('',(#517),#126,.T.);
#3042=ADVANCED_FACE('',(#518),#45,.T.);
#3043=ADVANCED_FACE('',(#519),#127,.T.);
#3044=ADVANCED_FACE('',(#520),#46,.T.);
#3045=ADVANCED_FACE('',(#521),#128,.F.);
#3046=ADVANCED_FACE('',(#522),#2920,.F.);
#3047=ADVANCED_FACE('',(#523),#129,.T.);
#3048=ADVANCED_FACE('',(#524),#47,.T.);
#3049=ADVANCED_FACE('',(#525),#130,.T.);
#3050=ADVANCED_FACE('',(#526),#48,.T.);
#3051=ADVANCED_FACE('',(#527),#131,.T.);
#3052=ADVANCED_FACE('',(#528),#49,.T.);
#3053=ADVANCED_FACE('',(#529),#88,.F.);
#3054=ADVANCED_FACE('',(#530),#89,.F.);
#3055=ADVANCED_FACE('',(#531,#176),#2921,.T.);
#3056=ADVANCED_FACE('',(#532),#2922,.T.);
#3057=ADVANCED_FACE('',(#533),#132,.T.);
#3058=ADVANCED_FACE('',(#534),#16,.T.);
#3059=ADVANCED_FACE('',(#535),#133,.T.);
#3060=ADVANCED_FACE('',(#536,#177,#178,#179,#180,#181),#2923,.T.);
#3061=ADVANCED_FACE('',(#537),#134,.T.);
#3062=ADVANCED_FACE('',(#538),#135,.T.);
#3063=ADVANCED_FACE('',(#539),#136,.T.);
#3064=ADVANCED_FACE('',(#540),#2924,.F.);
#3065=ADVANCED_FACE('',(#541),#2925,.F.);
#3066=ADVANCED_FACE('',(#542,#182,#183,#184,#185),#2926,.F.);
#3067=ADVANCED_FACE('',(#543),#137,.F.);
#3068=ADVANCED_FACE('',(#544),#138,.F.);
#3069=ADVANCED_FACE('',(#545),#139,.F.);
#3070=ADVANCED_FACE('',(#546),#140,.F.);
#3071=ADVANCED_FACE('',(#547),#141,.F.);
#3072=ADVANCED_FACE('',(#548),#142,.F.);
#3073=ADVANCED_FACE('',(#549,#186),#2927,.F.);
#3074=ADVANCED_FACE('',(#550),#2928,.F.);
#3075=ADVANCED_FACE('',(#551),#143,.F.);
#3076=ADVANCED_FACE('',(#552),#2929,.F.);
#3077=ADVANCED_FACE('',(#553),#144,.F.);
#3078=ADVANCED_FACE('',(#554),#2930,.F.);
#3079=ADVANCED_FACE('',(#555),#145,.F.);
#3080=ADVANCED_FACE('',(#556),#146,.T.);
#3081=ADVANCED_FACE('',(#557),#90,.F.);
#3082=ADVANCED_FACE('',(#558),#2931,.F.);
#3083=ADVANCED_FACE('',(#559),#147,.F.);
#3084=ADVANCED_FACE('',(#560,#187),#2932,.F.);
#3085=ADVANCED_FACE('',(#561),#148,.F.);
#3086=ADVANCED_FACE('',(#562),#149,.F.);
#3087=ADVANCED_FACE('',(#563,#188),#2933,.F.);
#3088=ADVANCED_FACE('',(#564),#150,.F.);
#3089=ADVANCED_FACE('',(#565),#151,.F.);
#3090=ADVANCED_FACE('',(#566),#17,.F.);
#3091=ADVANCED_FACE('',(#567),#152,.F.);
#3092=ADVANCED_FACE('',(#568),#153,.F.);
#3093=ADVANCED_FACE('',(#569),#154,.F.);
#3094=ADVANCED_FACE('',(#570),#2934,.F.);
#3095=ADVANCED_FACE('',(#571),#155,.F.);
#3096=ADVANCED_FACE('',(#572),#2935,.F.);
#3097=ADVANCED_FACE('',(#573),#91,.F.);
#3098=ADVANCED_FACE('',(#574),#156,.F.);
#3099=ADVANCED_FACE('',(#575,#189,#190,#191,#192,#193),#2936,.F.);
#3100=ADVANCED_FACE('',(#576),#2937,.T.);
#3101=ADVANCED_FACE('',(#577),#2938,.F.);
#3102=ADVANCED_FACE('',(#578),#157,.T.);
#3103=ADVANCED_FACE('',(#579),#2939,.F.);
#3104=ADVANCED_FACE('',(#580),#158,.T.);
#3105=ADVANCED_FACE('',(#581),#159,.F.);
#3106=ADVANCED_FACE('',(#582,#194,#195,#196,#197),#2940,.F.);
#3107=ADVANCED_FACE('',(#583),#92,.T.);
#3108=ADVANCED_FACE('',(#584),#2941,.F.);
#3109=ADVANCED_FACE('',(#585),#50,.T.);
#3110=ADVANCED_FACE('',(#586),#2942,.F.);
#3111=ADVANCED_FACE('',(#587),#160,.T.);
#3112=ADVANCED_FACE('',(#588),#2943,.F.);
#3113=ADVANCED_FACE('',(#589),#161,.F.);
#3114=ADVANCED_FACE('',(#590),#2944,.F.);
#3115=ADVANCED_FACE('',(#591),#162,.T.);
#3116=ADVANCED_FACE('',(#592),#163,.T.);
#3117=ADVANCED_FACE('',(#593),#26,.T.);
#3118=ADVANCED_FACE('',(#594),#164,.T.);
#3119=ADVANCED_FACE('',(#595),#51,.T.);
#3120=ADVANCED_FACE('',(#596),#165,.T.);
#3121=ADVANCED_FACE('',(#597),#27,.T.);
#3122=ADVANCED_FACE('',(#598),#166,.F.);
#3123=ADVANCED_FACE('',(#599),#2945,.T.);
#3124=ADVANCED_FACE('',(#600),#167,.T.);
#3125=ADVANCED_FACE('',(#601),#168,.T.);
#3126=ADVANCED_FACE('',(#602),#169,.T.);
#3127=ADVANCED_FACE('',(#603),#2946,.F.);
#3128=ADVANCED_FACE('',(#604),#2947,.F.);
#3129=ADVANCED_FACE('',(#605),#2948,.F.);
#3130=ADVANCED_FACE('',(#606,#198),#2949,.T.);
#3131=CLOSED_SHELL('',(#2950,#2951,#2952,#2953,#2954,#2955,#2956,#2957,
#2958,#2959,#2960,#2961,#2962,#2963,#2964,#2965,#2966,#2967,#2968,#2969,
#2970,#2971,#2972,#2973,#2974,#2975,#2976,#2977,#2978,#2979,#2980,#2981,
#2982,#2983,#2984,#2985,#2986,#2987,#2988,#2989,#2990,#2991,#2992,#2993,
#2994,#2995,#2996,#2997,#2998,#2999,#3000,#3001,#3002,#3003,#3004,#3005,
#3006,#3007,#3008,#3009,#3010,#3011,#3012,#3013,#3014,#3015,#3016,#3017,
#3018,#3019,#3020,#3021,#3022,#3023,#3024,#3025,#3026,#3027,#3028,#3029,
#3030,#3031,#3032,#3033,#3034,#3035,#3036,#3037,#3038,#3039,#3040,#3041,
#3042,#3043,#3044,#3045,#3046,#3047,#3048,#3049,#3050,#3051,#3052,#3053,
#3054,#3055,#3056,#3057,#3058,#3059,#3060,#3061,#3062,#3063,#3064,#3065,
#3066,#3067,#3068,#3069,#3070,#3071,#3072,#3073,#3074,#3075,#3076,#3077,
#3078,#3079,#3080,#3081,#3082,#3083,#3084,#3085,#3086,#3087,#3088,#3089,
#3090,#3091,#3092,#3093,#3094,#3095,#3096,#3097,#3098,#3099,#3100,#3101,
#3102,#3103,#3104,#3105,#3106,#3107,#3108,#3109,#3110,#3111,#3112,#3113,
#3114,#3115,#3116,#3117,#3118,#3119,#3120,#3121,#3122,#3123,#3124,#3125,
#3126,#3127,#3128,#3129,#3130));
#3132=DERIVED_UNIT_ELEMENT(#3134,1.);
#3133=DERIVED_UNIT_ELEMENT(#6317,-3.);
#3134=(
MASS_UNIT()
NAMED_UNIT(*)
SI_UNIT(.KILO.,.GRAM.)
);
#3135=DERIVED_UNIT((#3132,#3133));
#3136=MEASURE_REPRESENTATION_ITEM('density measure',
POSITIVE_RATIO_MEASURE(7850.),#3135);
#3137=PROPERTY_DEFINITION_REPRESENTATION(#3142,#3139);
#3138=PROPERTY_DEFINITION_REPRESENTATION(#3143,#3140);
#3139=REPRESENTATION('material name',(#3141),#6314);
#3140=REPRESENTATION('density',(#3136),#6314);
#3141=DESCRIPTIVE_REPRESENTATION_ITEM('Steel','Steel');
#3142=PROPERTY_DEFINITION('material property','material name',#6324);
#3143=PROPERTY_DEFINITION('material property','density of part',#6324);
#3144=AXIS2_PLACEMENT_3D('',#4516,#3533,#3534);
#3145=AXIS2_PLACEMENT_3D('',#4517,#3535,#3536);
#3146=AXIS2_PLACEMENT_3D('',#4526,#3541,#3542);
#3147=AXIS2_PLACEMENT_3D('',#4532,#3546,#3547);
#3148=AXIS2_PLACEMENT_3D('',#4538,#3551,#3552);
#3149=AXIS2_PLACEMENT_3D('',#4540,#3554,#3555);
#3150=AXIS2_PLACEMENT_3D('',#4545,#3557,#3558);
#3151=AXIS2_PLACEMENT_3D('',#4551,#3561,#3562);
#3152=AXIS2_PLACEMENT_3D('',#4555,#3564,#3565);
#3153=AXIS2_PLACEMENT_3D('',#4559,#3567,#3568);
#3154=AXIS2_PLACEMENT_3D('',#4562,#3570,#3571);
#3155=AXIS2_PLACEMENT_3D('',#4564,#3572,#3573);
#3156=AXIS2_PLACEMENT_3D('',#4565,#3574,#3575);
#3157=AXIS2_PLACEMENT_3D('',#4568,#3576,#3577);
#3158=AXIS2_PLACEMENT_3D('',#4572,#3579,#3580);
#3159=AXIS2_PLACEMENT_3D('',#4574,#3582,#3583);
#3160=AXIS2_PLACEMENT_3D('',#4580,#3587,#3588);
#3161=AXIS2_PLACEMENT_3D('',#4582,#3589,#3590);
#3162=AXIS2_PLACEMENT_3D('',#4585,#3592,#3593);
#3163=AXIS2_PLACEMENT_3D('',#4586,#3594,#3595);
#3164=AXIS2_PLACEMENT_3D('',#4589,#3596,#3597);
#3165=AXIS2_PLACEMENT_3D('',#4593,#3599,#3600);
#3166=AXIS2_PLACEMENT_3D('',#4680,#3602,#3603);
#3167=AXIS2_PLACEMENT_3D('',#4684,#3605,#3606);
#3168=AXIS2_PLACEMENT_3D('',#4686,#3608,#3609);
#3169=AXIS2_PLACEMENT_3D('',#4690,#3611,#3612);
#3170=AXIS2_PLACEMENT_3D('',#4692,#3614,#3615);
#3171=AXIS2_PLACEMENT_3D('',#4698,#3618,#3619);
#3172=AXIS2_PLACEMENT_3D('',#4703,#3622,#3623);
#3173=AXIS2_PLACEMENT_3D('',#4706,#3625,#3626);
#3174=AXIS2_PLACEMENT_3D('',#4709,#3627,#3628);
#3175=AXIS2_PLACEMENT_3D('',#4713,#3630,#3631);
#3176=AXIS2_PLACEMENT_3D('',#4753,#3633,#3634);
#3177=AXIS2_PLACEMENT_3D('',#4754,#3635,#3636);
#3178=AXIS2_PLACEMENT_3D('',#4755,#3637,#3638);
#3179=AXIS2_PLACEMENT_3D('',#4756,#3639,#3640);
#3180=AXIS2_PLACEMENT_3D('',#4759,#3641,#3642);
#3181=AXIS2_PLACEMENT_3D('',#4762,#3645,#3646);
#3182=AXIS2_PLACEMENT_3D('',#4765,#3647,#3648);
#3183=AXIS2_PLACEMENT_3D('',#4768,#3651,#3652);
#3184=AXIS2_PLACEMENT_3D('',#4769,#3653,#3654);
#3185=AXIS2_PLACEMENT_3D('',#4770,#3655,#3656);
#3186=AXIS2_PLACEMENT_3D('',#4771,#3657,#3658);
#3187=AXIS2_PLACEMENT_3D('',#4775,#3660,#3661);
#3188=AXIS2_PLACEMENT_3D('',#4781,#3662,#3663);
#3189=AXIS2_PLACEMENT_3D('',#4782,#3664,#3665);
#3190=AXIS2_PLACEMENT_3D('',#4790,#3669,#3670);
#3191=AXIS2_PLACEMENT_3D('',#4810,#3673,#3674);
#3192=AXIS2_PLACEMENT_3D('',#4813,#3675,#3676);
#3193=AXIS2_PLACEMENT_3D('',#4816,#3679,#3680);
#3194=AXIS2_PLACEMENT_3D('',#4819,#3681,#3682);
#3195=AXIS2_PLACEMENT_3D('',#4820,#3683,#3684);
#3196=AXIS2_PLACEMENT_3D('',#4821,#3685,#3686);
#3197=AXIS2_PLACEMENT_3D('',#4822,#3687,#3688);
#3198=AXIS2_PLACEMENT_3D('',#4825,#3689,#3690);
#3199=AXIS2_PLACEMENT_3D('',#4828,#3693,#3694);
#3200=AXIS2_PLACEMENT_3D('',#4835,#3698,#3699);
#3201=AXIS2_PLACEMENT_3D('',#4836,#3700,#3701);
#3202=AXIS2_PLACEMENT_3D('',#4839,#3703,#3704);
#3203=AXIS2_PLACEMENT_3D('',#4840,#3705,#3706);
#3204=AXIS2_PLACEMENT_3D('',#4842,#3708,#3709);
#3205=AXIS2_PLACEMENT_3D('',#4843,#3710,#3711);
#3206=AXIS2_PLACEMENT_3D('',#4844,#3712,#3713);
#3207=AXIS2_PLACEMENT_3D('',#4845,#3714,#3715);
#3208=AXIS2_PLACEMENT_3D('',#4846,#3716,#3717);
#3209=AXIS2_PLACEMENT_3D('',#4847,#3718,#3719);
#3210=AXIS2_PLACEMENT_3D('',#4848,#3720,#3721);
#3211=AXIS2_PLACEMENT_3D('',#4851,#3723,#3724);
#3212=AXIS2_PLACEMENT_3D('',#4852,#3725,#3726);
#3213=AXIS2_PLACEMENT_3D('',#4854,#3727,#3728);
#3214=AXIS2_PLACEMENT_3D('',#4855,#3729,#3730);
#3215=AXIS2_PLACEMENT_3D('',#4878,#3732,#3733);
#3216=AXIS2_PLACEMENT_3D('',#4896,#3734,#3735);
#3217=AXIS2_PLACEMENT_3D('',#4948,#3736,#3737);
#3218=AXIS2_PLACEMENT_3D('',#4980,#3738,#3739);
#3219=AXIS2_PLACEMENT_3D('',#4997,#3740,#3741);
#3220=AXIS2_PLACEMENT_3D('',#4999,#3742,#3743);
#3221=AXIS2_PLACEMENT_3D('',#5001,#3744,#3745);
#3222=AXIS2_PLACEMENT_3D('',#5003,#3746,#3747);
#3223=AXIS2_PLACEMENT_3D('',#5004,#3748,#3749);
#3224=AXIS2_PLACEMENT_3D('',#5033,#3750,#3751);
#3225=AXIS2_PLACEMENT_3D('',#5034,#3752,#3753);
#3226=AXIS2_PLACEMENT_3D('',#5035,#3754,#3755);
#3227=AXIS2_PLACEMENT_3D('',#5037,#3756,#3757);
#3228=AXIS2_PLACEMENT_3D('',#5039,#3758,#3759);
#3229=AXIS2_PLACEMENT_3D('',#5041,#3760,#3761);
#3230=AXIS2_PLACEMENT_3D('',#5042,#3762,#3763);
#3231=AXIS2_PLACEMENT_3D('',#5071,#3764,#3765);
#3232=AXIS2_PLACEMENT_3D('',#5072,#3766,#3767);
#3233=AXIS2_PLACEMENT_3D('',#5073,#3768,#3769);
#3234=AXIS2_PLACEMENT_3D('',#5083,#3770,#3771);
#3235=AXIS2_PLACEMENT_3D('',#5091,#3772,#3773);
#3236=AXIS2_PLACEMENT_3D('',#5123,#3774,#3775);
#3237=AXIS2_PLACEMENT_3D('',#5132,#3776,#3777);
#3238=AXIS2_PLACEMENT_3D('',#5133,#3778,#3779);
#3239=AXIS2_PLACEMENT_3D('',#5135,#3780,#3781);
#3240=AXIS2_PLACEMENT_3D('',#5136,#3782,#3783);
#3241=AXIS2_PLACEMENT_3D('',#5165,#3784,#3785);
#3242=AXIS2_PLACEMENT_3D('',#5166,#3786,#3787);
#3243=AXIS2_PLACEMENT_3D('',#5167,#3788,#3789);
#3244=AXIS2_PLACEMENT_3D('',#5169,#3790,#3791);
#3245=AXIS2_PLACEMENT_3D('',#5171,#3792,#3793);
#3246=AXIS2_PLACEMENT_3D('',#5173,#3794,#3795);
#3247=AXIS2_PLACEMENT_3D('',#5174,#3796,#3797);
#3248=AXIS2_PLACEMENT_3D('',#5203,#3798,#3799);
#3249=AXIS2_PLACEMENT_3D('',#5204,#3800,#3801);
#3250=AXIS2_PLACEMENT_3D('',#5205,#3802,#3803);
#3251=AXIS2_PLACEMENT_3D('',#5207,#3804,#3805);
#3252=AXIS2_PLACEMENT_3D('',#5209,#3806,#3807);
#3253=AXIS2_PLACEMENT_3D('',#5211,#3808,#3809);
#3254=AXIS2_PLACEMENT_3D('',#5212,#3810,#3811);
#3255=AXIS2_PLACEMENT_3D('',#5241,#3812,#3813);
#3256=AXIS2_PLACEMENT_3D('',#5242,#3814,#3815);
#3257=AXIS2_PLACEMENT_3D('',#5243,#3816,#3817);
#3258=AXIS2_PLACEMENT_3D('',#5244,#3818,#3819);
#3259=AXIS2_PLACEMENT_3D('',#5245,#3820,#3821);
#3260=AXIS2_PLACEMENT_3D('',#5246,#3822,#3823);
#3261=AXIS2_PLACEMENT_3D('',#5247,#3824,#3825);
#3262=AXIS2_PLACEMENT_3D('',#5248,#3826,#3827);
#3263=AXIS2_PLACEMENT_3D('',#5250,#3829,#3830);
#3264=AXIS2_PLACEMENT_3D('',#5252,#3831,#3832);
#3265=AXIS2_PLACEMENT_3D('',#5255,#3834,#3835);
#3266=AXIS2_PLACEMENT_3D('',#5256,#3836,#3837);
#3267=AXIS2_PLACEMENT_3D('',#5259,#3839,#3840);
#3268=AXIS2_PLACEMENT_3D('',#5260,#3841,#3842);
#3269=AXIS2_PLACEMENT_3D('',#5263,#3844,#3845);
#3270=AXIS2_PLACEMENT_3D('',#5264,#3846,#3847);
#3271=AXIS2_PLACEMENT_3D('',#5270,#3851,#3852);
#3272=AXIS2_PLACEMENT_3D('',#5273,#3854,#3855);
#3273=AXIS2_PLACEMENT_3D('',#5274,#3856,#3857);
#3274=AXIS2_PLACEMENT_3D('',#5277,#3858,#3859);
#3275=AXIS2_PLACEMENT_3D('',#5286,#3862,#3863);
#3276=AXIS2_PLACEMENT_3D('',#5288,#3864,#3865);
#3277=AXIS2_PLACEMENT_3D('',#5292,#3867,#3868);
#3278=AXIS2_PLACEMENT_3D('',#5304,#3869,#3870);
#3279=AXIS2_PLACEMENT_3D('',#5326,#3871,#3872);
#3280=AXIS2_PLACEMENT_3D('',#5327,#3873,#3874);
#3281=AXIS2_PLACEMENT_3D('',#5328,#3875,#3876);
#3282=AXIS2_PLACEMENT_3D('',#5349,#3877,#3878);
#3283=AXIS2_PLACEMENT_3D('',#5350,#3879,#3880);
#3284=AXIS2_PLACEMENT_3D('',#5352,#3881,#3882);
#3285=AXIS2_PLACEMENT_3D('',#5353,#3883,#3884);
#3286=AXIS2_PLACEMENT_3D('',#5354,#3885,#3886);
#3287=AXIS2_PLACEMENT_3D('',#5356,#3887,#3888);
#3288=AXIS2_PLACEMENT_3D('',#5358,#3889,#3890);
#3289=AXIS2_PLACEMENT_3D('',#5359,#3891,#3892);
#3290=AXIS2_PLACEMENT_3D('',#5360,#3893,#3894);
#3291=AXIS2_PLACEMENT_3D('',#5363,#3897,#3898);
#3292=AXIS2_PLACEMENT_3D('',#5365,#3899,#3900);
#3293=AXIS2_PLACEMENT_3D('',#5367,#3902,#3903);
#3294=AXIS2_PLACEMENT_3D('',#5369,#3905,#3906);
#3295=AXIS2_PLACEMENT_3D('',#5370,#3907,#3908);
#3296=AXIS2_PLACEMENT_3D('',#5371,#3909,#3910);
#3297=AXIS2_PLACEMENT_3D('',#5372,#3911,#3912);
#3298=AXIS2_PLACEMENT_3D('',#5373,#3913,#3914);
#3299=AXIS2_PLACEMENT_3D('',#5374,#3915,#3916);
#3300=AXIS2_PLACEMENT_3D('',#5375,#3917,#3918);
#3301=AXIS2_PLACEMENT_3D('',#5376,#3919,#3920);
#3302=AXIS2_PLACEMENT_3D('',#5379,#3921,#3922);
#3303=AXIS2_PLACEMENT_3D('',#5383,#3924,#3925);
#3304=AXIS2_PLACEMENT_3D('',#5385,#3927,#3928);
#3305=AXIS2_PLACEMENT_3D('',#5391,#3932,#3933);
#3306=AXIS2_PLACEMENT_3D('',#5394,#3934,#3935);
#3307=AXIS2_PLACEMENT_3D('',#5397,#3937,#3938);
#3308=AXIS2_PLACEMENT_3D('',#5399,#3940,#3941);
#3309=AXIS2_PLACEMENT_3D('',#5401,#3942,#3943);
#3310=AXIS2_PLACEMENT_3D('',#5402,#3944,#3945);
#3311=AXIS2_PLACEMENT_3D('',#5403,#3946,#3947);
#3312=AXIS2_PLACEMENT_3D('',#5406,#3949,#3950);
#3313=AXIS2_PLACEMENT_3D('',#5407,#3951,#3952);
#3314=AXIS2_PLACEMENT_3D('',#5408,#3953,#3954);
#3315=AXIS2_PLACEMENT_3D('',#5409,#3955,#3956);
#3316=AXIS2_PLACEMENT_3D('',#5410,#3957,#3958);
#3317=AXIS2_PLACEMENT_3D('',#5412,#3959,#3960);
#3318=AXIS2_PLACEMENT_3D('',#5414,#3962,#3963);
#3319=AXIS2_PLACEMENT_3D('',#5416,#3965,#3966);
#3320=AXIS2_PLACEMENT_3D('',#5417,#3967,#3968);
#3321=AXIS2_PLACEMENT_3D('',#5418,#3969,#3970);
#3322=AXIS2_PLACEMENT_3D('',#5419,#3971,#3972);
#3323=AXIS2_PLACEMENT_3D('',#5420,#3973,#3974);
#3324=AXIS2_PLACEMENT_3D('',#5421,#3975,#3976);
#3325=AXIS2_PLACEMENT_3D('',#5422,#3977,#3978);
#3326=AXIS2_PLACEMENT_3D('',#5423,#3979,#3980);
#3327=AXIS2_PLACEMENT_3D('',#5424,#3981,#3982);
#3328=AXIS2_PLACEMENT_3D('',#5426,#3984,#3985);
#3329=AXIS2_PLACEMENT_3D('',#5428,#3986,#3987);
#3330=AXIS2_PLACEMENT_3D('',#5430,#3989,#3990);
#3331=AXIS2_PLACEMENT_3D('',#5434,#3993,#3994);
#3332=AXIS2_PLACEMENT_3D('',#5436,#3995,#3996);
#3333=AXIS2_PLACEMENT_3D('',#5437,#3997,#3998);
#3334=AXIS2_PLACEMENT_3D('',#5438,#3999,#4000);
#3335=AXIS2_PLACEMENT_3D('',#5440,#4001,#4002);
#3336=AXIS2_PLACEMENT_3D('',#5442,#4004,#4005);
#3337=AXIS2_PLACEMENT_3D('',#5444,#4007,#4008);
#3338=AXIS2_PLACEMENT_3D('',#5448,#4010,#4011);
#3339=AXIS2_PLACEMENT_3D('',#5456,#4015,#4016);
#3340=AXIS2_PLACEMENT_3D('',#5460,#4018,#4019);
#3341=AXIS2_PLACEMENT_3D('',#5462,#4020,#4021);
#3342=AXIS2_PLACEMENT_3D('',#5463,#4022,#4023);
#3343=AXIS2_PLACEMENT_3D('',#5466,#4024,#4025);
#3344=AXIS2_PLACEMENT_3D('',#5470,#4027,#4028);
#3345=AXIS2_PLACEMENT_3D('',#5472,#4030,#4031);
#3346=AXIS2_PLACEMENT_3D('',#5475,#4032,#4033);
#3347=AXIS2_PLACEMENT_3D('',#5479,#4035,#4036);
#3348=AXIS2_PLACEMENT_3D('',#5481,#4038,#4039);
#3349=AXIS2_PLACEMENT_3D('',#5487,#4043,#4044);
#3350=AXIS2_PLACEMENT_3D('',#5489,#4045,#4046);
#3351=AXIS2_PLACEMENT_3D('',#5490,#4047,#4048);
#3352=AXIS2_PLACEMENT_3D('',#5492,#4050,#4051);
#3353=AXIS2_PLACEMENT_3D('',#5493,#4052,#4053);
#3354=AXIS2_PLACEMENT_3D('',#5494,#4054,#4055);
#3355=AXIS2_PLACEMENT_3D('',#5495,#4056,#4057);
#3356=AXIS2_PLACEMENT_3D('',#5496,#4058,#4059);
#3357=AXIS2_PLACEMENT_3D('',#5497,#4060,#4061);
#3358=AXIS2_PLACEMENT_3D('',#5498,#4062,#4063);
#3359=AXIS2_PLACEMENT_3D('',#5500,#4064,#4065);
#3360=AXIS2_PLACEMENT_3D('',#5502,#4067,#4068);
#3361=AXIS2_PLACEMENT_3D('',#5504,#4070,#4071);
#3362=AXIS2_PLACEMENT_3D('',#5506,#4072,#4073);
#3363=AXIS2_PLACEMENT_3D('',#5509,#4075,#4076);
#3364=AXIS2_PLACEMENT_3D('',#5510,#4077,#4078);
#3365=AXIS2_PLACEMENT_3D('',#5512,#4079,#4080);
#3366=AXIS2_PLACEMENT_3D('',#5513,#4081,#4082);
#3367=AXIS2_PLACEMENT_3D('',#5514,#4083,#4084);
#3368=AXIS2_PLACEMENT_3D('',#5517,#4086,#4087);
#3369=AXIS2_PLACEMENT_3D('',#5518,#4088,#4089);
#3370=AXIS2_PLACEMENT_3D('',#5519,#4090,#4091);
#3371=AXIS2_PLACEMENT_3D('',#5520,#4092,#4093);
#3372=AXIS2_PLACEMENT_3D('',#5522,#4094,#4095);
#3373=AXIS2_PLACEMENT_3D('',#5529,#4097,#4098);
#3374=AXIS2_PLACEMENT_3D('',#5530,#4099,#4100);
#3375=AXIS2_PLACEMENT_3D('',#5551,#4101,#4102);
#3376=AXIS2_PLACEMENT_3D('',#5573,#4103,#4104);
#3377=AXIS2_PLACEMENT_3D('',#5574,#4105,#4106);
#3378=AXIS2_PLACEMENT_3D('',#5575,#4107,#4108);
#3379=AXIS2_PLACEMENT_3D('',#5577,#4110,#4111);
#3380=AXIS2_PLACEMENT_3D('',#5583,#4115,#4116);
#3381=AXIS2_PLACEMENT_3D('',#5584,#4117,#4118);
#3382=AXIS2_PLACEMENT_3D('',#5585,#4119,#4120);
#3383=AXIS2_PLACEMENT_3D('',#5587,#4121,#4122);
#3384=AXIS2_PLACEMENT_3D('',#5588,#4123,#4124);
#3385=AXIS2_PLACEMENT_3D('',#5589,#4125,#4126);
#3386=AXIS2_PLACEMENT_3D('',#5591,#4127,#4128);
#3387=AXIS2_PLACEMENT_3D('',#5593,#4130,#4131);
#3388=AXIS2_PLACEMENT_3D('',#5597,#4135,#4136);
#3389=AXIS2_PLACEMENT_3D('',#5598,#4137,#4138);
#3390=AXIS2_PLACEMENT_3D('',#5602,#4140,#4141);
#3391=AXIS2_PLACEMENT_3D('',#5604,#4142,#4143);
#3392=AXIS2_PLACEMENT_3D('',#5606,#4145,#4146);
#3393=AXIS2_PLACEMENT_3D('',#5610,#4148,#4149);
#3394=AXIS2_PLACEMENT_3D('',#5612,#4151,#4152);
#3395=AXIS2_PLACEMENT_3D('',#5623,#4159,#4160);
#3396=AXIS2_PLACEMENT_3D('',#5627,#4163,#4164);
#3397=AXIS2_PLACEMENT_3D('',#5631,#4166,#4167);
#3398=AXIS2_PLACEMENT_3D('',#5635,#4169,#4170);
#3399=AXIS2_PLACEMENT_3D('',#5639,#4172,#4173);
#3400=AXIS2_PLACEMENT_3D('',#5644,#4177,#4178);
#3401=AXIS2_PLACEMENT_3D('',#5646,#4179,#4180);
#3402=AXIS2_PLACEMENT_3D('',#5648,#4181,#4182);
#3403=AXIS2_PLACEMENT_3D('',#5649,#4183,#4184);
#3404=AXIS2_PLACEMENT_3D('',#5651,#4185,#4186);
#3405=AXIS2_PLACEMENT_3D('',#5655,#4188,#4189);
#3406=AXIS2_PLACEMENT_3D('',#5668,#4190,#4191);
#3407=AXIS2_PLACEMENT_3D('',#5669,#4192,#4193);
#3408=AXIS2_PLACEMENT_3D('',#5672,#4195,#4196);
#3409=AXIS2_PLACEMENT_3D('',#5673,#4197,#4198);
#3410=AXIS2_PLACEMENT_3D('',#5675,#4199,#4200);
#3411=AXIS2_PLACEMENT_3D('',#5678,#4202,#4203);
#3412=AXIS2_PLACEMENT_3D('',#5679,#4204,#4205);
#3413=AXIS2_PLACEMENT_3D('',#5681,#4206,#4207);
#3414=AXIS2_PLACEMENT_3D('',#5684,#4209,#4210);
#3415=AXIS2_PLACEMENT_3D('',#5685,#4211,#4212);
#3416=AXIS2_PLACEMENT_3D('',#5687,#4213,#4214);
#3417=AXIS2_PLACEMENT_3D('',#5690,#4216,#4217);
#3418=AXIS2_PLACEMENT_3D('',#5691,#4218,#4219);
#3419=AXIS2_PLACEMENT_3D('',#5693,#4220,#4221);
#3420=AXIS2_PLACEMENT_3D('',#5696,#4223,#4224);
#3421=AXIS2_PLACEMENT_3D('',#5697,#4225,#4226);
#3422=AXIS2_PLACEMENT_3D('',#5698,#4227,#4228);
#3423=AXIS2_PLACEMENT_3D('',#5705,#4232,#4233);
#3424=AXIS2_PLACEMENT_3D('',#5708,#4234,#4235);
#3425=AXIS2_PLACEMENT_3D('',#5723,#4238,#4239);
#3426=AXIS2_PLACEMENT_3D('',#5728,#4241,#4242);
#3427=AXIS2_PLACEMENT_3D('',#5729,#4243,#4244);
#3428=AXIS2_PLACEMENT_3D('',#5731,#4246,#4247);
#3429=AXIS2_PLACEMENT_3D('',#5732,#4248,#4249);
#3430=AXIS2_PLACEMENT_3D('',#5755,#4250,#4251);
#3431=AXIS2_PLACEMENT_3D('',#5764,#4256,#4257);
#3432=AXIS2_PLACEMENT_3D('',#5787,#4258,#4259);
#3433=AXIS2_PLACEMENT_3D('',#5789,#4261,#4262);
#3434=AXIS2_PLACEMENT_3D('',#5791,#4263,#4264);
#3435=AXIS2_PLACEMENT_3D('',#5794,#4266,#4267);
#3436=AXIS2_PLACEMENT_3D('',#5812,#4268,#4269);
#3437=AXIS2_PLACEMENT_3D('',#5813,#4270,#4271);
#3438=AXIS2_PLACEMENT_3D('',#5814,#4272,#4273);
#3439=AXIS2_PLACEMENT_3D('',#5819,#4275,#4276);
#3440=AXIS2_PLACEMENT_3D('',#5821,#4277,#4278);
#3441=AXIS2_PLACEMENT_3D('',#5828,#4282,#4283);
#3442=AXIS2_PLACEMENT_3D('',#5832,#4285,#4286);
#3443=AXIS2_PLACEMENT_3D('',#5835,#4288,#4289);
#3444=AXIS2_PLACEMENT_3D('',#5837,#4291,#4292);
#3445=AXIS2_PLACEMENT_3D('',#5840,#4294,#4295);
#3446=AXIS2_PLACEMENT_3D('',#5841,#4296,#4297);
#3447=AXIS2_PLACEMENT_3D('',#5843,#4298,#4299);
#3448=AXIS2_PLACEMENT_3D('',#5844,#4300,#4301);
#3449=AXIS2_PLACEMENT_3D('',#5846,#4303,#4304);
#3450=AXIS2_PLACEMENT_3D('',#5848,#4305,#4306);
#3451=AXIS2_PLACEMENT_3D('',#5861,#4307,#4308);
#3452=AXIS2_PLACEMENT_3D('',#5864,#4310,#4311);
#3453=AXIS2_PLACEMENT_3D('',#5865,#4312,#4313);
#3454=AXIS2_PLACEMENT_3D('',#5867,#4314,#4315);
#3455=AXIS2_PLACEMENT_3D('',#5868,#4316,#4317);
#3456=AXIS2_PLACEMENT_3D('',#5870,#4318,#4319);
#3457=AXIS2_PLACEMENT_3D('',#5907,#4321,#4322);
#3458=AXIS2_PLACEMENT_3D('',#5915,#4323,#4324);
#3459=AXIS2_PLACEMENT_3D('',#5918,#4326,#4327);
#3460=AXIS2_PLACEMENT_3D('',#5919,#4328,#4329);
#3461=AXIS2_PLACEMENT_3D('',#5921,#4330,#4331);
#3462=AXIS2_PLACEMENT_3D('',#5922,#4332,#4333);
#3463=AXIS2_PLACEMENT_3D('',#5923,#4334,#4335);
#3464=AXIS2_PLACEMENT_3D('',#5961,#4337,#4338);
#3465=AXIS2_PLACEMENT_3D('',#5963,#4339,#4340);
#3466=AXIS2_PLACEMENT_3D('',#5965,#4342,#4343);
#3467=AXIS2_PLACEMENT_3D('',#5968,#4344,#4345);
#3468=AXIS2_PLACEMENT_3D('',#5971,#4348,#4349);
#3469=AXIS2_PLACEMENT_3D('',#5975,#4352,#4353);
#3470=AXIS2_PLACEMENT_3D('',#5977,#4354,#4355);
#3471=AXIS2_PLACEMENT_3D('',#5979,#4357,#4358);
#3472=AXIS2_PLACEMENT_3D('',#5982,#4360,#4361);
#3473=AXIS2_PLACEMENT_3D('',#6024,#4362,#4363);
#3474=AXIS2_PLACEMENT_3D('',#6025,#4364,#4365);
#3475=AXIS2_PLACEMENT_3D('',#6028,#4366,#4367);
#3476=AXIS2_PLACEMENT_3D('',#6029,#4368,#4369);
#3477=AXIS2_PLACEMENT_3D('',#6031,#4370,#4371);
#3478=AXIS2_PLACEMENT_3D('',#6034,#4373,#4374);
#3479=AXIS2_PLACEMENT_3D('',#6035,#4375,#4376);
#3480=AXIS2_PLACEMENT_3D('',#6038,#4377,#4378);
#3481=AXIS2_PLACEMENT_3D('',#6042,#4380,#4381);
#3482=AXIS2_PLACEMENT_3D('',#6045,#4384,#4385);
#3483=AXIS2_PLACEMENT_3D('',#6049,#4388,#4389);
#3484=AXIS2_PLACEMENT_3D('',#6053,#4392,#4393);
#3485=AXIS2_PLACEMENT_3D('',#6054,#4394,#4395);
#3486=AXIS2_PLACEMENT_3D('',#6057,#4397,#4398);
#3487=AXIS2_PLACEMENT_3D('',#6058,#4399,#4400);
#3488=AXIS2_PLACEMENT_3D('',#6060,#4401,#4402);
#3489=AXIS2_PLACEMENT_3D('',#6064,#4404,#4405);
#3490=AXIS2_PLACEMENT_3D('',#6066,#4407,#4408);
#3491=AXIS2_PLACEMENT_3D('',#6070,#4410,#4411);
#3492=AXIS2_PLACEMENT_3D('',#6072,#4413,#4414);
#3493=AXIS2_PLACEMENT_3D('',#6075,#4415,#4416);
#3494=AXIS2_PLACEMENT_3D('',#6168,#4419,#4420);
#3495=AXIS2_PLACEMENT_3D('',#6171,#4422,#4423);
#3496=AXIS2_PLACEMENT_3D('',#6183,#4424,#4425);
#3497=AXIS2_PLACEMENT_3D('',#6187,#4428,#4429);
#3498=AXIS2_PLACEMENT_3D('',#6233,#4430,#4431);
#3499=AXIS2_PLACEMENT_3D('',#6234,#4432,#4433);
#3500=AXIS2_PLACEMENT_3D('',#6235,#4434,#4435);
#3501=AXIS2_PLACEMENT_3D('',#6236,#4436,#4437);
#3502=AXIS2_PLACEMENT_3D('',#6240,#4440,#4441);
#3503=AXIS2_PLACEMENT_3D('',#6243,#4442,#4443);
#3504=AXIS2_PLACEMENT_3D('',#6246,#4446,#4447);
#3505=AXIS2_PLACEMENT_3D('',#6250,#4450,#4451);
#3506=AXIS2_PLACEMENT_3D('',#6252,#4452,#4453);
#3507=AXIS2_PLACEMENT_3D('',#6254,#4455,#4456);
#3508=AXIS2_PLACEMENT_3D('',#6258,#4459,#4460);
#3509=AXIS2_PLACEMENT_3D('',#6259,#4461,#4462);
#3510=AXIS2_PLACEMENT_3D('',#6260,#4463,#4464);
#3511=AXIS2_PLACEMENT_3D('',#6261,#4465,#4466);
#3512=AXIS2_PLACEMENT_3D('',#6271,#4467,#4468);
#3513=AXIS2_PLACEMENT_3D('',#6272,#4469,#4470);
#3514=AXIS2_PLACEMENT_3D('',#6273,#4471,#4472);
#3515=AXIS2_PLACEMENT_3D('',#6274,#4473,#4474);
#3516=AXIS2_PLACEMENT_3D('',#6275,#4475,#4476);
#3517=AXIS2_PLACEMENT_3D('',#6276,#4477,#4478);
#3518=AXIS2_PLACEMENT_3D('',#6277,#4479,#4480);
#3519=AXIS2_PLACEMENT_3D('',#6287,#4481,#4482);
#3520=AXIS2_PLACEMENT_3D('',#6288,#4483,#4484);
#3521=AXIS2_PLACEMENT_3D('',#6290,#4485,#4486);
#3522=AXIS2_PLACEMENT_3D('',#6292,#4488,#4489);
#3523=AXIS2_PLACEMENT_3D('',#6295,#4491,#4492);
#3524=AXIS2_PLACEMENT_3D('',#6296,#4493,#4494);
#3525=AXIS2_PLACEMENT_3D('',#6297,#4495,#4496);
#3526=AXIS2_PLACEMENT_3D('',#6298,#4497,#4498);
#3527=AXIS2_PLACEMENT_3D('',#6299,#4499,#4500);
#3528=AXIS2_PLACEMENT_3D('',#6302,#4502,#4503);
#3529=AXIS2_PLACEMENT_3D('',#6303,#4504,#4505);
#3530=AXIS2_PLACEMENT_3D('',#6307,#4508,#4509);
#3531=AXIS2_PLACEMENT_3D('',#6309,#4511,#4512);
#3532=AXIS2_PLACEMENT_3D('',#6311,#4514,#4515);
#3533=DIRECTION('axis',(0.,0.,1.));
#3534=DIRECTION('refdir',(1.,0.,0.));
#3535=DIRECTION('center_axis',(1.,0.,0.));
#3536=DIRECTION('ref_axis',(0.,-2.14364376418753E-32,-1.));
#3537=DIRECTION('',(0.,-2.22044604925031E-16,1.));
#3538=DIRECTION('',(0.,1.,0.));
#3539=DIRECTION('',(0.,-2.14364376418753E-32,-1.));
#3540=DIRECTION('',(0.,1.,0.));
#3541=DIRECTION('center_axis',(0.,0.,1.));
#3542=DIRECTION('ref_axis',(1.,1.17784549095576E-32,0.));
#3543=DIRECTION('',(-1.,2.22044604925031E-16,0.));
#3544=DIRECTION('',(1.,1.17784549095576E-32,0.));
#3545=DIRECTION('',(0.,1.,0.));
#3546=DIRECTION('center_axis',(-1.,0.,0.));
#3547=DIRECTION('ref_axis',(0.,4.75984532719719E-49,1.));
#3548=DIRECTION('',(9.22616028452436E-33,-1.80493678922233E-16,1.));
#3549=DIRECTION('',(0.,4.75984532719719E-49,1.));
#3550=DIRECTION('',(0.,1.,0.));
#3551=DIRECTION('center_axis',(0.,1.,0.));
#3552=DIRECTION('ref_axis',(0.,0.,1.));
#3553=DIRECTION('',(-1.,-2.61534236702381E-49,0.));
#3554=DIRECTION('center_axis',(-1.,0.,0.));
#3555=DIRECTION('ref_axis',(0.,-1.80493678922233E-16,1.));
#3556=DIRECTION('',(0.,2.22044604925031E-16,-1.));
#3557=DIRECTION('center_axis',(-1.,0.,0.));
#3558=DIRECTION('ref_axis',(1.57009245868378E-16,0.707106781186551,0.707106781186545));
#3559=DIRECTION('',(0.,1.,1.80493678922233E-16));
#3560=DIRECTION('',(2.44566679178342E-27,1.80493678922233E-16,-1.));
#3561=DIRECTION('center_axis',(-1.,0.,0.));
#3562=DIRECTION('ref_axis',(0.,2.15927073774251E-19,-1.));
#3563=DIRECTION('',(0.,-1.,-1.80493678922233E-16));
#3564=DIRECTION('center_axis',(1.,0.,0.));
#3565=DIRECTION('ref_axis',(0.,4.20864014720178E-16,-1.));
#3566=DIRECTION('',(0.,1.80493678922233E-16,-1.));
#3567=DIRECTION('center_axis',(-1.,0.,0.));
#3568=DIRECTION('ref_axis',(0.,0.707106781186522,0.707106781186573));
#3569=DIRECTION('',(0.,1.,1.80493678922233E-16));
#3570=DIRECTION('center_axis',(-1.,0.,0.));
#3571=DIRECTION('ref_axis',(0.,-0.707106781186522,0.707106781186573));
#3572=DIRECTION('center_axis',(1.,0.,0.));
#3573=DIRECTION('ref_axis',(0.,1.,2.36004830153511E-16));
#3574=DIRECTION('center_axis',(1.,-6.4973888581601E-31,3.59978748117796E-15));
#3575=DIRECTION('ref_axis',(2.54543413877138E-15,-0.707106781186547,-0.707106781186548));
#3576=DIRECTION('center_axis',(-1.,2.22044604925031E-16,4.93038065763132E-32));
#3577=DIRECTION('ref_axis',(2.54543413877138E-15,-0.707106781186547,-0.707106781186548));
#3578=DIRECTION('',(1.,-6.4973888581601E-31,3.59978748117796E-15));
#3579=DIRECTION('center_axis',(1.,0.,0.));
#3580=DIRECTION('ref_axis',(0.,-1.,-1.80493678922233E-16));
#3581=DIRECTION('',(-1.,6.4973888581601E-31,-3.59978748117796E-15));
#3582=DIRECTION('center_axis',(3.59978748117796E-15,1.80493678922233E-16,
-1.));
#3583=DIRECTION('ref_axis',(1.,-6.4973888581601E-31,3.59978748117796E-15));
#3584=DIRECTION('',(-2.22044604925031E-16,-1.,-1.80493678922234E-16));
#3585=DIRECTION('',(-1.,6.4973888581601E-31,-3.59978748117796E-15));
#3586=DIRECTION('',(0.,-1.,-1.80493678922233E-16));
#3587=DIRECTION('center_axis',(-1.,6.4973888581601E-31,-3.59978748117796E-15));
#3588=DIRECTION('ref_axis',(2.54543413877147E-15,0.707106781186522,-0.707106781186573));
#3589=DIRECTION('center_axis',(-1.,2.22044604925031E-16,4.93038065763132E-32));
#3590=DIRECTION('ref_axis',(2.54543413877147E-15,0.707106781186522,-0.707106781186573));
#3591=DIRECTION('',(1.,-6.4973888581601E-31,3.59978748117796E-15));
#3592=DIRECTION('center_axis',(1.,0.,0.));
#3593=DIRECTION('ref_axis',(0.,1.80493678922233E-16,-1.));
#3594=DIRECTION('center_axis',(0.,-1.80493678922233E-16,1.));
#3595=DIRECTION('ref_axis',(0.707106781186548,0.707106781186548,1.27628304327219E-16));
#3596=DIRECTION('center_axis',(2.98502556006514E-9,1.80493678922233E-16,
-1.));
#3597=DIRECTION('ref_axis',(0.,1.,1.80493678922233E-16));
#3598=DIRECTION('',(0.,-1.80493678922233E-16,1.));
#3599=DIRECTION('center_axis',(0.500000001292869,-1.56312111034438E-16,
0.866025403038001));
#3600=DIRECTION('ref_axis',(0.866025403038001,1.50339423592163E-16,-0.500000001292869));
#3601=DIRECTION('',(0.,1.80493678922233E-16,-1.));
#3602=DIRECTION('center_axis',(0.,-1.,-1.80493678922233E-16));
#3603=DIRECTION('ref_axis',(-0.499999999353408,1.56312111236546E-16,-0.866025404157749));
#3604=DIRECTION('',(0.,-1.,-1.80493678922233E-16));
#3605=DIRECTION('center_axis',(0.,1.,1.80493678922233E-16));
#3606=DIRECTION('ref_axis',(0.500000001292855,1.5631211103444E-16,-0.866025403038009));
#3607=DIRECTION('',(0.,1.,1.80493678922233E-16));
#3608=DIRECTION('center_axis',(0.86602540303802,-9.02468396944653E-17,0.500000001292836));
#3609=DIRECTION('ref_axis',(0.353553391507428,-0.707106781186585,-0.612372435167964));
#3610=DIRECTION('',(-0.86602540303802,9.02468396944653E-17,-0.500000001292836));
#3611=DIRECTION('center_axis',(-0.866025403038009,9.02468396944686E-17,
-0.500000001292854));
#3612=DIRECTION('ref_axis',(0.500000001292854,1.5631211103444E-16,-0.866025403038009));
#3613=DIRECTION('',(0.86602540303802,-9.02468396944653E-17,0.500000001292836));
#3614=DIRECTION('center_axis',(0.,-1.,-1.80493678922233E-16));
#3615=DIRECTION('ref_axis',(0.,1.80493678922233E-16,-1.));
#3616=DIRECTION('',(-0.866025403038,-9.02468396944713E-17,0.500000001292869));
#3617=DIRECTION('',(0.,-1.80493678922233E-16,1.));
#3618=DIRECTION('center_axis',(0.,-1.,-1.80493678922233E-16));
#3619=DIRECTION('ref_axis',(0.707106781186636,1.27628304327203E-16,-0.707106781186459));
#3620=DIRECTION('',(1.,-4.41427257619652E-43,2.44566602141144E-27));
#3621=DIRECTION('',(0.866025403784437,9.02468394611171E-17,-0.500000000000003));
#3622=DIRECTION('center_axis',(0.,1.,1.80493678922233E-16));
#3623=DIRECTION('ref_axis',(-0.258819045102525,1.74343505952912E-16,-0.965925826289067));
#3624=DIRECTION('',(-1.,6.4973888581601E-31,-3.59978748117796E-15));
#3625=DIRECTION('center_axis',(0.,1.,1.80493678922233E-16));
#3626=DIRECTION('ref_axis',(0.258819045823504,1.74343505918043E-16,-0.965925826095882));
#3627=DIRECTION('center_axis',(0.,-1.,-1.80493678922233E-16));
#3628=DIRECTION('ref_axis',(-1.,0.,0.));
#3629=DIRECTION('',(-1.,6.41242362044486E-31,-3.55271367880295E-15));
#3630=DIRECTION('center_axis',(0.,-1.,-1.80493678922233E-16));
#3631=DIRECTION('ref_axis',(1.,0.,0.));
#3632=DIRECTION('',(1.,-6.41242362044486E-31,3.55271367880295E-15));
#3633=DIRECTION('center_axis',(-0.866025403037991,9.02468396944742E-17,
-0.500000001292885));
#3634=DIRECTION('ref_axis',(0.,1.,1.80493678922233E-16));
#3635=DIRECTION('center_axis',(-0.755928947135372,-1.18160849213243E-16,
0.654653669418272));
#3636=DIRECTION('ref_axis',(0.654653669418272,-1.36440396672274E-16,0.755928947135372));
#3637=DIRECTION('center_axis',(0.500000001292836,1.56312111034442E-16,-0.86602540303802));
#3638=DIRECTION('ref_axis',(0.86602540303802,-1.5033942359216E-16,0.500000001292836));
#3639=DIRECTION('center_axis',(0.,1.80493678922233E-16,-1.));
#3640=DIRECTION('ref_axis',(0.707106781186548,-0.707106781186548,-1.27628304327219E-16));
#3641=DIRECTION('center_axis',(0.500000001292869,-1.56312111034438E-16,
0.866025403038001));
#3642=DIRECTION('ref_axis',(0.866025403038001,3.01542557967795E-17,-0.500000001292869));
#3643=DIRECTION('',(0.,1.80493678922233E-16,-1.));
#3644=DIRECTION('',(0.,-1.80493678922233E-16,1.));
#3645=DIRECTION('center_axis',(-0.86602540303802,9.02468396944653E-17,-0.500000001292836));
#3646=DIRECTION('ref_axis',(0.353553391507446,0.707106781186549,-0.612372435167995));
#3647=DIRECTION('center_axis',(0.866025403038007,-9.02468396944693E-17,
0.500000001292858));
#3648=DIRECTION('ref_axis',(0.500000001292858,1.5631211103444E-16,-0.866025403038007));
#3649=DIRECTION('',(0.86602540303802,-9.02468396944653E-17,0.500000001292836));
#3650=DIRECTION('',(-0.86602540303802,9.02468396944653E-17,-0.500000001292836));
#3651=DIRECTION('center_axis',(0.,1.,1.80493678922233E-16));
#3652=DIRECTION('ref_axis',(0.,0.,1.));
#3653=DIRECTION('center_axis',(0.,-1.,-1.80493678922233E-16));
#3654=DIRECTION('ref_axis',(0.258819045823469,1.74343505918045E-16,-0.965925826095891));
#3655=DIRECTION('center_axis',(0.,1.,1.80493678922233E-16));
#3656=DIRECTION('ref_axis',(0.258819045823469,1.74343505918045E-16,-0.965925826095891));
#3657=DIRECTION('center_axis',(0.,-1.,-1.80493678922233E-16));
#3658=DIRECTION('ref_axis',(0.258819045823507,1.74343505918043E-16,-0.965925826095881));
#3659=DIRECTION('',(0.,-1.,-1.80493678922233E-16));
#3660=DIRECTION('center_axis',(0.319180935780304,-0.94769379560827,1.40034282173268E-14));
#3661=DIRECTION('ref_axis',(0.94769379560827,0.319180935780304,3.5830760195417E-14));
#3662=DIRECTION('center_axis',(0.,-1.,-1.80493678922233E-16));
#3663=DIRECTION('ref_axis',(0.0411229048585859,1.80340998519798E-16,-0.999154095570844));
#3664=DIRECTION('center_axis',(0.500000001292836,1.56312111034442E-16,-0.86602540303802));
#3665=DIRECTION('ref_axis',(-0.86602540303802,9.02468396944653E-17,-0.500000001292836));
#3666=DIRECTION('',(0.,-1.,-1.80493678922233E-16));
#3667=DIRECTION('',(-0.854241518184902,0.164403679404331,-0.493196572177334));
#3668=DIRECTION('',(0.,1.,1.80493678922233E-16));
#3669=DIRECTION('center_axis',(-0.500000001288787,-9.60464729022368E-13,
0.866025403040357));
#3670=DIRECTION('ref_axis',(0.657236587438898,0.65119384455423,0.379455721983941));
#3671=DIRECTION('',(0.,1.,1.80493678922233E-16));
#3672=DIRECTION('',(0.821581425510408,0.316236114515173,0.474340258814948));
#3673=DIRECTION('center_axis',(1.,-4.41427257619652E-43,2.44566602141144E-27));
#3674=DIRECTION('ref_axis',(-1.72934702825762E-27,-0.707106781186522,0.707106781186573));
#3675=DIRECTION('center_axis',(1.,0.,0.));
#3676=DIRECTION('ref_axis',(0.,-1.80493678922233E-16,1.));
#3677=DIRECTION('',(-1.,4.41427257619652E-43,-2.44566602141144E-27));
#3678=DIRECTION('',(1.,-4.41427257619652E-43,2.44566602141144E-27));
#3679=DIRECTION('center_axis',(0.,-1.,-1.80493678922233E-16));
#3680=DIRECTION('ref_axis',(0.,0.,-1.));
#3681=DIRECTION('center_axis',(0.,-1.80493678922233E-16,1.));
#3682=DIRECTION('ref_axis',(-1.,0.,0.));
#3683=DIRECTION('center_axis',(1.11022302462516E-16,1.,2.01269141923632E-16));
#3684=DIRECTION('ref_axis',(0.,2.01269141923632E-16,-1.));
#3685=DIRECTION('center_axis',(0.,-1.,-1.80493678922233E-16));
#3686=DIRECTION('ref_axis',(0.707106781186494,1.27628304327228E-16,-0.707106781186601));
#3687=DIRECTION('center_axis',(0.,-1.80493678922233E-16,1.));
#3688=DIRECTION('ref_axis',(-0.707106781186497,-0.707106781186598,-1.27628304327228E-16));
#3689=DIRECTION('center_axis',(0.500000001292869,-1.56312111034438E-16,
0.866025403038001));
#3690=DIRECTION('ref_axis',(-0.866025403038001,-9.02468396944713E-17,0.500000001292869));
#3691=DIRECTION('',(0.,1.80493678922233E-16,-1.));
#3692=DIRECTION('',(0.,-1.80493678922233E-16,1.));
#3693=DIRECTION('center_axis',(-1.,3.6599099596656E-15,6.60590613144167E-31));
#3694=DIRECTION('ref_axis',(-3.6599099596656E-15,-1.,-2.36004830153511E-16));
#3695=DIRECTION('',(-3.6599099596656E-15,-1.,-1.80493678922233E-16));
#3696=DIRECTION('',(0.,1.80493678922233E-16,-1.));
#3697=DIRECTION('',(3.6599099596656E-15,1.,-1.93255632878555E-15));
#3698=DIRECTION('center_axis',(-1.,3.6599099596656E-15,6.60590613144167E-31));
#3699=DIRECTION('ref_axis',(3.6599099596656E-15,1.,2.36004830153511E-16));
#3700=DIRECTION('center_axis',(-3.6599099596656E-15,-1.,-1.80493678922233E-16));
#3701=DIRECTION('ref_axis',(0.707106781186422,-2.46031884668403E-15,-0.707106781186673));
#3702=DIRECTION('',(3.6599099596656E-15,1.,1.80493678922233E-16));
#3703=DIRECTION('center_axis',(0.,1.,1.80493678922233E-16));
#3704=DIRECTION('ref_axis',(0.707106781186636,1.27628304327203E-16,-0.707106781186459));
#3705=DIRECTION('center_axis',(2.44566602141144E-27,1.80493678922233E-16,
-1.));
#3706=DIRECTION('ref_axis',(-1.,-1.38777878079154E-17,-2.44566852626442E-27));
#3707=DIRECTION('',(-1.,4.41427257619652E-43,-2.44566602141144E-27));
#3708=DIRECTION('center_axis',(0.,1.80493678922233E-16,-1.));
#3709=DIRECTION('ref_axis',(-0.707106781186497,0.707106781186598,1.27628304327228E-16));
#3710=DIRECTION('center_axis',(0.,1.80493678922233E-16,-1.));
#3711=DIRECTION('ref_axis',(-1.,0.,0.));
#3712=DIRECTION('center_axis',(0.500000001292869,-1.56312111034438E-16,
0.866025403038001));
#3713=DIRECTION('ref_axis',(-0.866025403038001,-9.02468396944713E-17,0.500000001292869));
#3714=DIRECTION('center_axis',(0.,1.,1.80493678922233E-16));
#3715=DIRECTION('ref_axis',(0.,0.,1.));
#3716=DIRECTION('center_axis',(-1.,0.,0.));
#3717=DIRECTION('ref_axis',(0.,-1.80493678922233E-16,1.));
#3718=DIRECTION('center_axis',(-1.,4.41427257619652E-43,-2.44566602141144E-27));
#3719=DIRECTION('ref_axis',(-1.72934702825762E-27,0.707106781186522,0.707106781186573));
#3720=DIRECTION('center_axis',(-1.,0.,0.));
#3721=DIRECTION('ref_axis',(0.,1.,2.36004830153511E-16));
#3722=DIRECTION('',(-1.,0.,0.));
#3723=DIRECTION('center_axis',(-1.,0.,0.));
#3724=DIRECTION('ref_axis',(0.,1.,2.36004830153511E-16));
#3725=DIRECTION('center_axis',(-1.,0.,0.));
#3726=DIRECTION('ref_axis',(0.,-1.80493678922233E-16,1.));
#3727=DIRECTION('center_axis',(1.,0.,0.));
#3728=DIRECTION('ref_axis',(0.,1.,2.36004830153511E-16));
#3729=DIRECTION('center_axis',(-1.,0.,0.));
#3730=DIRECTION('ref_axis',(0.,1.,2.36004830153511E-16));
#3731=DIRECTION('',(-1.,0.,0.));
#3732=DIRECTION('center_axis',(0.493077810777075,-0.822090240058985,0.284678607765049));
#3733=DIRECTION('ref_axis',(0.50000000129287,-1.21243645121851E-16,-0.866025403038));
#3734=DIRECTION('center_axis',(0.,-1.,-1.80493678922233E-16));
#3735=DIRECTION('ref_axis',(0.500000001292817,1.56312111034444E-16,-0.866025403038031));
#3736=DIRECTION('center_axis',(-0.493077810777023,-0.822090240059043,-0.284678607764972));
#3737=DIRECTION('ref_axis',(0.500000001292809,-2.3226594758436E-16,-0.866025403038035));
#3738=DIRECTION('center_axis',(0.,-1.,-1.80493678922233E-16));
#3739=DIRECTION('ref_axis',(0.500000001292817,1.56312111034444E-16,-0.866025403038031));
#3740=DIRECTION('center_axis',(-1.,7.05366598248452E-30,-3.90798504668057E-14));
#3741=DIRECTION('ref_axis',(-3.8838059213905E-14,0.,1.));
#3742=DIRECTION('center_axis',(1.,-7.05366598248452E-30,3.90798504668057E-14));
#3743=DIRECTION('ref_axis',(1.50096777641792E-28,-1.,-4.02126522356475E-15));
#3744=DIRECTION('center_axis',(-7.05366598248452E-30,-1.,-2.7395069710284E-43));
#3745=DIRECTION('ref_axis',(3.88380592139049E-14,0.,-1.));
#3746=DIRECTION('center_axis',(-1.,7.05366598248452E-30,-3.90798504668057E-14));
#3747=DIRECTION('ref_axis',(4.68446464156819E-28,-1.,-1.21673989142612E-14));
#3748=DIRECTION('center_axis',(-1.,7.05366598248452E-30,-3.90798504668057E-14));
#3749=DIRECTION('ref_axis',(4.68446464156819E-28,-1.,-1.21673989142612E-14));
#3750=DIRECTION('center_axis',(7.51054567815398E-14,-1.,1.45024848677291E-26));
#3751=DIRECTION('ref_axis',(-1.93094955935262E-13,0.,1.));
#3752=DIRECTION('center_axis',(-1.,7.05366598248452E-30,-3.90798504668057E-14));
#3753=DIRECTION('ref_axis',(-9.2751556559499E-28,1.,2.39143502447967E-14));
#3754=DIRECTION('center_axis',(-1.,7.05366598248452E-30,-3.90798504668057E-14));
#3755=DIRECTION('ref_axis',(-3.88380592139064E-14,0.,1.));
#3756=DIRECTION('center_axis',(1.,-7.05366598248452E-30,3.90798504668057E-14));
#3757=DIRECTION('ref_axis',(1.50096777641968E-28,-1.,-4.02126522356925E-15));
#3758=DIRECTION('center_axis',(-7.05366598248452E-30,-1.,-2.73950697102851E-43));
#3759=DIRECTION('ref_axis',(3.88380592139064E-14,0.,-1.));
#3760=DIRECTION('center_axis',(-1.,7.05366598248452E-30,-3.90798504668057E-14));
#3761=DIRECTION('ref_axis',(4.68446464156885E-28,-1.,-1.21673989142629E-14));
#3762=DIRECTION('center_axis',(-1.,7.05366598248452E-30,-3.90798504668057E-14));
#3763=DIRECTION('ref_axis',(4.68446464156885E-28,-1.,-1.21673989142629E-14));
#3764=DIRECTION('center_axis',(-1.9261623985454E-13,-1.,-2.65665888193824E-26));
#3765=DIRECTION('ref_axis',(-1.37924968525214E-13,0.,1.));
#3766=DIRECTION('center_axis',(-1.,7.05366598248452E-30,-3.90798504668057E-14));
#3767=DIRECTION('ref_axis',(-9.27515565595408E-28,1.,2.39143502448074E-14));
#3768=DIRECTION('center_axis',(-1.,7.05366598248452E-30,-3.90798504668057E-14));
#3769=DIRECTION('ref_axis',(3.88380592139075E-14,0.,-1.));
#3770=DIRECTION('center_axis',(1.,-7.05366598248452E-30,3.90798504668057E-14));
#3771=DIRECTION('ref_axis',(3.90798504668057E-14,1.80493678922233E-16,-1.));
#3772=DIRECTION('center_axis',(-1.,7.05366598248452E-30,-3.90798504668057E-14));
#3773=DIRECTION('ref_axis',(3.90798504668057E-14,1.80493678922233E-16,-1.));
#3774=DIRECTION('center_axis',(-1.,7.05366598248452E-30,-3.90798504668057E-14));
#3775=DIRECTION('ref_axis',(-3.90798504668057E-14,-1.80493678922233E-16,
1.));
#3776=DIRECTION('center_axis',(-1.,7.05366598248452E-30,-3.90798504668057E-14));
#3777=DIRECTION('ref_axis',(-3.88380592139036E-14,0.,1.));
#3778=DIRECTION('center_axis',(1.,-7.05366598248452E-30,3.90798504668057E-14));
#3779=DIRECTION('ref_axis',(-3.90798504668057E-14,-1.80493678922233E-16,
1.));
#3780=DIRECTION('center_axis',(-1.,7.05366598248452E-30,-3.90798504668057E-14));
#3781=DIRECTION('ref_axis',(-3.90798504668057E-14,-1.80493678922233E-16,
1.));
#3782=DIRECTION('center_axis',(-1.,7.05366598248452E-30,-3.90798504668057E-14));
#3783=DIRECTION('ref_axis',(-3.90798504668057E-14,-1.80493678922233E-16,
1.));
#3784=DIRECTION('center_axis',(1.09000434963786E-14,-1.,2.59871381278826E-27));
#3785=DIRECTION('ref_axis',(-2.38413159878824E-13,0.,1.));
#3786=DIRECTION('center_axis',(-1.,7.05366598248452E-30,-3.90798504668057E-14));
#3787=DIRECTION('ref_axis',(3.90798504668057E-14,1.80493678922233E-16,-1.));
#3788=DIRECTION('center_axis',(-1.,7.05366598248452E-30,-3.90798504668057E-14));
#3789=DIRECTION('ref_axis',(-3.88380592139063E-14,0.,1.));
#3790=DIRECTION('center_axis',(1.,-7.05366598248452E-30,3.90798504668057E-14));
#3791=DIRECTION('ref_axis',(1.50096777641968E-28,-1.,-4.02126522356925E-15));
#3792=DIRECTION('center_axis',(-7.05366598248452E-30,-1.,-2.7395069710285E-43));
#3793=DIRECTION('ref_axis',(3.88380592139063E-14,0.,-1.));
#3794=DIRECTION('center_axis',(-1.,7.05366598248452E-30,-3.90798504668057E-14));
#3795=DIRECTION('ref_axis',(4.68446464156885E-28,-1.,-1.21673989142629E-14));
#3796=DIRECTION('center_axis',(-1.,7.05366598248452E-30,-3.90798504668057E-14));
#3797=DIRECTION('ref_axis',(4.68446464156885E-28,-1.,-1.21673989142629E-14));
#3798=DIRECTION('center_axis',(-1.39310870066066E-13,-1.,2.03124157901591E-26));
#3799=DIRECTION('ref_axis',(1.45806395297986E-13,0.,1.));
#3800=DIRECTION('center_axis',(-1.,7.05366598248452E-30,-3.90798504668057E-14));
#3801=DIRECTION('ref_axis',(-9.27515565595408E-28,1.,2.39143502448074E-14));
#3802=DIRECTION('center_axis',(-1.,7.05366598248452E-30,-3.90798504668057E-14));
#3803=DIRECTION('ref_axis',(-3.88380592139049E-14,0.,1.));
#3804=DIRECTION('center_axis',(1.,-7.05366598248452E-30,3.90798504668057E-14));
#3805=DIRECTION('ref_axis',(1.50096777641733E-28,-1.,-4.02126522356325E-15));
#3806=DIRECTION('center_axis',(-7.05366598248452E-30,-1.,-2.73950697102839E-43));
#3807=DIRECTION('ref_axis',(3.88380592139048E-14,0.,-1.));
#3808=DIRECTION('center_axis',(-1.,7.05366598248452E-30,-3.90798504668057E-14));
#3809=DIRECTION('ref_axis',(4.68446464156819E-28,-1.,-1.21673989142612E-14));
#3810=DIRECTION('center_axis',(-1.,7.05366598248452E-30,-3.90798504668057E-14));
#3811=DIRECTION('ref_axis',(4.68446464156819E-28,-1.,-1.21673989142612E-14));
#3812=DIRECTION('center_axis',(5.33053697882615E-14,-1.,-1.52294358612862E-26));
#3813=DIRECTION('ref_axis',(2.85701720516718E-13,0.,1.));
#3814=DIRECTION('center_axis',(-1.,7.05366598248452E-30,-3.90798504668057E-14));
#3815=DIRECTION('ref_axis',(-9.2751556559499E-28,1.,2.39143502447967E-14));
#3816=DIRECTION('center_axis',(1.,-7.05366598248452E-30,3.90798504668057E-14));
#3817=DIRECTION('ref_axis',(3.90798504668057E-14,1.80493678922233E-16,-1.));
#3818=DIRECTION('center_axis',(1.,-7.05366598248452E-30,3.90798504668057E-14));
#3819=DIRECTION('ref_axis',(3.90798504668057E-14,1.80493678922233E-16,-1.));
#3820=DIRECTION('center_axis',(1.,-7.05366598248452E-30,3.90798504668057E-14));
#3821=DIRECTION('ref_axis',(3.90798504668057E-14,1.80493678922233E-16,-1.));
#3822=DIRECTION('center_axis',(1.,-7.05366598248452E-30,3.90798504668057E-14));
#3823=DIRECTION('ref_axis',(3.90798504668057E-14,1.80493678922233E-16,-1.));
#3824=DIRECTION('center_axis',(1.,-7.05366598248452E-30,3.90798504668057E-14));
#3825=DIRECTION('ref_axis',(3.90798504668057E-14,1.80493678922233E-16,-1.));
#3826=DIRECTION('center_axis',(1.,-7.05366598248452E-30,3.90798504668057E-14));
#3827=DIRECTION('ref_axis',(3.90798504668057E-14,1.80493678922233E-16,-1.));
#3828=DIRECTION('',(1.34573917034692E-44,1.,1.80493678922233E-16));
#3829=DIRECTION('center_axis',(-1.,0.,0.));
#3830=DIRECTION('ref_axis',(0.,1.,1.80493678922233E-16));
#3831=DIRECTION('center_axis',(1.,0.,0.));
#3832=DIRECTION('ref_axis',(0.,1.,1.80493678922233E-16));
#3833=DIRECTION('',(-0.707106781186568,-0.707106781186527,-4.1032698703668E-17));
#3834=DIRECTION('center_axis',(-1.,0.,0.));
#3835=DIRECTION('ref_axis',(0.,1.,1.80493678922233E-16));
#3836=DIRECTION('center_axis',(1.,0.,0.));
#3837=DIRECTION('ref_axis',(0.,1.,1.80493678922233E-16));
#3838=DIRECTION('',(1.,0.,0.));
#3839=DIRECTION('center_axis',(-1.,7.05366598248452E-30,-3.90798504668057E-14));
#3840=DIRECTION('ref_axis',(0.,1.,1.80493678922233E-16));
#3841=DIRECTION('center_axis',(1.,-5.34368635036176E-30,2.96059473233083E-14));
#3842=DIRECTION('ref_axis',(0.,1.,1.80493678922233E-16));
#3843=DIRECTION('',(0.707106781186904,-0.707106781186192,2.07203422058229E-14));
#3844=DIRECTION('center_axis',(1.,-7.05366598248452E-30,3.90798504668057E-14));
#3845=DIRECTION('ref_axis',(0.,1.,1.80493678922233E-16));
#3846=DIRECTION('center_axis',(-0.500000000000003,1.56312111169166E-16,
-0.866025403784437));
#3847=DIRECTION('ref_axis',(-0.866025403784437,-9.02468394611171E-17,0.500000000000003));
#3848=DIRECTION('',(0.866025403784437,9.02468394611172E-17,-0.500000000000003));
#3849=DIRECTION('',(-0.866025403784437,-9.02468394611172E-17,0.500000000000003));
#3850=DIRECTION('',(0.,1.,1.80493678922233E-16));
#3851=DIRECTION('center_axis',(-0.866025403784437,-9.02468394611172E-17,
0.500000000000003));
#3852=DIRECTION('ref_axis',(-0.35355339059327,0.707106781186559,-0.612372435695783));
#3853=DIRECTION('',(-0.866025403784437,-9.02468394611171E-17,0.500000000000003));
#3854=DIRECTION('center_axis',(0.866025403784454,9.02468394611118E-17,-0.499999999999973));
#3855=DIRECTION('ref_axis',(-0.499999999999973,1.56312111169169E-16,-0.866025403784454));
#3856=DIRECTION('center_axis',(-3.90798504668057E-14,-1.80493678922233E-16,
1.));
#3857=DIRECTION('ref_axis',(0.0949223965622817,0.995484675236577,3.88923175494895E-15));
#3858=DIRECTION('center_axis',(-0.500000001292869,1.56312111034438E-16,
-0.866025403038001));
#3859=DIRECTION('ref_axis',(0.866025403038001,9.02468396944713E-17,-0.500000001292869));
#3860=DIRECTION('',(3.90798504668057E-14,1.80493678922233E-16,-1.));
#3861=DIRECTION('',(-3.90798504668057E-14,-1.80493678922233E-16,1.));
#3862=DIRECTION('center_axis',(0.,1.,1.80493678922233E-16));
#3863=DIRECTION('ref_axis',(0.258819045823508,1.74343505918043E-16,-0.965925826095881));
#3864=DIRECTION('center_axis',(0.,-1.,-1.80493678922233E-16));
#3865=DIRECTION('ref_axis',(0.258819045823504,1.74343505918043E-16,-0.965925826095882));
#3866=DIRECTION('',(0.,1.,1.80493678922233E-16));
#3867=DIRECTION('center_axis',(0.,1.,1.80493678922233E-16));
#3868=DIRECTION('ref_axis',(0.0866430017534014,1.7981491875369E-16,-0.996239424158249));
#3869=DIRECTION('center_axis',(0.166060642723082,0.986115542387603,7.55256158349665E-15));
#3870=DIRECTION('ref_axis',(0.986115542387603,-0.166060642723082,3.71935052270518E-14));
#3871=DIRECTION('center_axis',(-0.854241518184935,0.164403679404266,-0.493196572177297));
#3872=DIRECTION('ref_axis',(0.188987582228894,0.981979477261759,6.62963661750612E-16));
#3873=DIRECTION('center_axis',(-0.908181408533577,0.174784720650883,-0.380337784897794));
#3874=DIRECTION('ref_axis',(0.188987582222634,0.981979477262964,6.21330298327386E-16));
#3875=DIRECTION('center_axis',(-0.188987582228969,-0.981979477261744,-7.56284754206836E-15));
#3876=DIRECTION('ref_axis',(0.981979477261744,-0.188987582228969,3.78119664736962E-14));
#3877=DIRECTION('center_axis',(-0.980343884201817,3.56107527333978E-17,
-0.197296398112318));
#3878=DIRECTION('ref_axis',(0.,1.,1.80493678922233E-16));
#3879=DIRECTION('center_axis',(0.,-1.,-1.80493678922233E-16));
#3880=DIRECTION('ref_axis',(0.,0.,-1.));
#3881=DIRECTION('center_axis',(-1.,0.,0.));
#3882=DIRECTION('ref_axis',(0.,1.,1.80493678922233E-16));
#3883=DIRECTION('center_axis',(0.,-1.,-1.80493678922233E-16));
#3884=DIRECTION('ref_axis',(0.0866430017534014,1.7981491875369E-16,-0.996239424158249));
#3885=DIRECTION('center_axis',(0.,-1.,-1.80493678922233E-16));
#3886=DIRECTION('ref_axis',(0.,0.,-1.));
#3887=DIRECTION('center_axis',(0.,-1.,-1.80493678922233E-16));
#3888=DIRECTION('ref_axis',(-0.258819045102525,1.74343505952912E-16,-0.965925826289067));
#3889=DIRECTION('center_axis',(1.,0.,0.));
#3890=DIRECTION('ref_axis',(0.,1.80493678922233E-16,-1.));
#3891=DIRECTION('center_axis',(0.,1.,1.80493678922233E-16));
#3892=DIRECTION('ref_axis',(-0.258819045102525,1.74343505952912E-16,-0.965925826289067));
#3893=DIRECTION('center_axis',(-1.,6.4973888581601E-31,-3.59978748117796E-15));
#3894=DIRECTION('ref_axis',(2.54543413877133E-15,0.70710678118656,-0.707106781186535));
#3895=DIRECTION('',(-1.,6.4973888581601E-31,-3.59978748117796E-15));
#3896=DIRECTION('',(1.,-6.4973888581601E-31,3.59978748117796E-15));
#3897=DIRECTION('center_axis',(0.,1.,1.80493678922233E-16));
#3898=DIRECTION('ref_axis',(-0.258819045102525,1.74343505952912E-16,-0.965925826289067));
#3899=DIRECTION('center_axis',(0.,-1.,-1.80493678922233E-16));
#3900=DIRECTION('ref_axis',(-0.258819045102525,1.74343505952912E-16,-0.965925826289067));
#3901=DIRECTION('',(0.,-1.,-1.80493678922233E-16));
#3902=DIRECTION('center_axis',(3.59978748117796E-15,1.80493678922233E-16,
-1.));
#3903=DIRECTION('ref_axis',(-1.,6.4973888581601E-31,-3.59978748117796E-15));
#3904=DIRECTION('',(1.,-6.4973888581601E-31,3.59978748117796E-15));
#3905=DIRECTION('center_axis',(0.,1.,1.80493678922233E-16));
#3906=DIRECTION('ref_axis',(0.,0.,1.));
#3907=DIRECTION('center_axis',(-1.,0.,0.));
#3908=DIRECTION('ref_axis',(0.,1.80493678922233E-16,-1.));
#3909=DIRECTION('center_axis',(1.,-6.4973888581601E-31,3.59978748117796E-15));
#3910=DIRECTION('ref_axis',(2.54543413877133E-15,-0.70710678118656,-0.707106781186535));
#3911=DIRECTION('center_axis',(-1.,0.,0.));
#3912=DIRECTION('ref_axis',(0.,1.80493678922233E-16,-1.));
#3913=DIRECTION('center_axis',(0.,1.,1.80493678922233E-16));
#3914=DIRECTION('ref_axis',(0.,0.,1.));
#3915=DIRECTION('center_axis',(-0.866025403784454,-9.02468394611118E-17,
0.499999999999973));
#3916=DIRECTION('ref_axis',(-0.499999999999973,1.56312111169169E-16,-0.866025403784454));
#3917=DIRECTION('center_axis',(0.866025403784437,9.02468394611172E-17,-0.500000000000003));
#3918=DIRECTION('ref_axis',(-0.35355339059327,-0.707106781186559,-0.612372435695783));
#3919=DIRECTION('center_axis',(0.,1.,1.80493678922233E-16));
#3920=DIRECTION('ref_axis',(1.,-2.21041006162857E-32,1.22464679917181E-16));
#3921=DIRECTION('center_axis',(0.,1.,1.80493678922233E-16));
#3922=DIRECTION('ref_axis',(1.,0.,0.));
#3923=DIRECTION('',(0.,1.,1.80493678922233E-16));
#3924=DIRECTION('center_axis',(0.,-1.,-1.80493678922233E-16));
#3925=DIRECTION('ref_axis',(1.,0.,0.));
#3926=DIRECTION('',(0.,1.,1.80493678922233E-16));
#3927=DIRECTION('center_axis',(3.55271367880295E-15,1.80493678922233E-16,
-1.));
#3928=DIRECTION('ref_axis',(-1.,-1.3877787807915E-17,-3.55271367880295E-15));
#3929=DIRECTION('',(-1.,6.41242362044486E-31,-3.55271367880295E-15));
#3930=DIRECTION('',(1.,-6.41242362044486E-31,3.55271367880295E-15));
#3931=DIRECTION('',(0.,1.,1.80493678922233E-16));
#3932=DIRECTION('center_axis',(-1.,6.41242362044486E-31,-3.55271367880295E-15));
#3933=DIRECTION('ref_axis',(2.51214793389573E-15,0.70710678118656,-0.707106781186535));
#3934=DIRECTION('center_axis',(-1.,0.,0.));
#3935=DIRECTION('ref_axis',(0.,1.,1.80493678922233E-16));
#3936=DIRECTION('',(1.,-6.41242362044486E-31,3.55271367880295E-15));
#3937=DIRECTION('center_axis',(1.,0.,0.));
#3938=DIRECTION('ref_axis',(0.,1.80493678922233E-16,-1.));
#3939=DIRECTION('',(-1.,6.41242362044486E-31,-3.55271367880295E-15));
#3940=DIRECTION('center_axis',(0.,-1.,-1.80493678922233E-16));
#3941=DIRECTION('ref_axis',(0.,0.,-1.));
#3942=DIRECTION('center_axis',(0.,1.,1.80493678922233E-16));
#3943=DIRECTION('ref_axis',(1.,0.,0.));
#3944=DIRECTION('center_axis',(-1.,0.,0.));
#3945=DIRECTION('ref_axis',(0.,-1.80493678922233E-16,1.));
#3946=DIRECTION('center_axis',(1.,-6.41242362044486E-31,3.55271367880295E-15));
#3947=DIRECTION('ref_axis',(-2.51214793389573E-15,0.70710678118656,0.707106781186535));
#3948=DIRECTION('',(-1.,6.41242362044486E-31,-3.55271367880295E-15));
#3949=DIRECTION('center_axis',(-1.,0.,0.));
#3950=DIRECTION('ref_axis',(0.,-1.80493678922233E-16,1.));
#3951=DIRECTION('center_axis',(0.,-1.,-1.80493678922233E-16));
#3952=DIRECTION('ref_axis',(0.,0.,-1.));
#3953=DIRECTION('center_axis',(0.,-1.,-1.80493678922233E-16));
#3954=DIRECTION('ref_axis',(-1.,0.,0.));
#3955=DIRECTION('center_axis',(0.,1.,1.80493678922233E-16));
#3956=DIRECTION('ref_axis',(-1.,0.,0.));
#3957=DIRECTION('center_axis',(0.,1.,1.80493678922233E-16));
#3958=DIRECTION('ref_axis',(-1.,4.41427257619652E-43,-2.44566602141144E-27));
#3959=DIRECTION('center_axis',(0.,1.,1.80493678922233E-16));
#3960=DIRECTION('ref_axis',(-1.,0.,0.));
#3961=DIRECTION('',(0.,1.,1.80493678922233E-16));
#3962=DIRECTION('center_axis',(-3.55271367880295E-15,-1.80493678922233E-16,
1.));
#3963=DIRECTION('ref_axis',(1.,1.3877787807915E-17,3.55271367880295E-15));
#3964=DIRECTION('',(1.,-6.41242362044486E-31,3.55271367880295E-15));
#3965=DIRECTION('center_axis',(-1.,6.41242362044486E-31,-3.55271367880295E-15));
#3966=DIRECTION('ref_axis',(-2.51214793389586E-15,-0.707106781186522,0.707106781186573));
#3967=DIRECTION('center_axis',(-1.,0.,0.));
#3968=DIRECTION('ref_axis',(0.,-1.,-1.80493678922233E-16));
#3969=DIRECTION('center_axis',(1.,0.,0.));
#3970=DIRECTION('ref_axis',(0.,-1.80493678922233E-16,1.));
#3971=DIRECTION('center_axis',(0.,1.,1.80493678922233E-16));
#3972=DIRECTION('ref_axis',(0.,0.,1.));
#3973=DIRECTION('center_axis',(-1.,0.,0.));
#3974=DIRECTION('ref_axis',(0.,1.80493678922233E-16,-1.));
#3975=DIRECTION('center_axis',(1.,-6.41242362044486E-31,3.55271367880295E-15));
#3976=DIRECTION('ref_axis',(2.51214793389586E-15,-0.707106781186522,-0.707106781186573));
#3977=DIRECTION('center_axis',(-1.,0.,0.));
#3978=DIRECTION('ref_axis',(0.,1.80493678922233E-16,-1.));
#3979=DIRECTION('center_axis',(0.,1.,1.80493678922233E-16));
#3980=DIRECTION('ref_axis',(0.,0.,1.));
#3981=DIRECTION('center_axis',(0.,1.,1.80493678922233E-16));
#3982=DIRECTION('ref_axis',(0.,-1.80493678922233E-16,1.));
#3983=DIRECTION('',(-0.866025403038,-9.02468396944713E-17,0.500000001292869));
#3984=DIRECTION('center_axis',(-0.854241518184902,0.164403679404331,-0.493196572177333));
#3985=DIRECTION('ref_axis',(0.465682316253012,0.663713669768479,-0.58534105006542));
#3986=DIRECTION('center_axis',(0.854241518184902,-0.164403679404331,0.493196572177333));
#3987=DIRECTION('ref_axis',(0.46568231625301,0.663713669768486,-0.585341050065413));
#3988=DIRECTION('',(0.854241518184902,-0.164403679404331,0.493196572177334));
#3989=DIRECTION('center_axis',(0.188987582228969,0.981979477261744,7.56284754206836E-15));
#3990=DIRECTION('ref_axis',(0.,-7.70163503127113E-15,1.));
#3991=DIRECTION('',(-3.90798504668057E-14,-1.80493678922228E-16,1.));
#3992=DIRECTION('',(-0.854241518184885,0.16440367940432,0.493196572177367));
#3993=DIRECTION('center_axis',(0.,0.,1.));
#3994=DIRECTION('ref_axis',(1.,0.,0.));
#3995=DIRECTION('center_axis',(-3.55271367880045E-14,6.65690755048706E-15,
1.));
#3996=DIRECTION('ref_axis',(1.,-6.41242362044034E-30,3.55271367880045E-14));
#3997=DIRECTION('center_axis',(0.,-1.,-1.80493678922233E-16));
#3998=DIRECTION('ref_axis',(0.500000001292826,1.56312111034443E-16,-0.866025403038025));
#3999=DIRECTION('center_axis',(3.90798504668057E-14,1.80493678922228E-16,
-1.));
#4000=DIRECTION('ref_axis',(0.771034234722734,0.63679369413141,3.02468398343207E-14));
#4001=DIRECTION('center_axis',(-0.500000001292869,1.56312111034438E-16,
-0.866025403038001));
#4002=DIRECTION('ref_axis',(0.866025403038001,-2.10216079793981E-16,-0.500000001292869));
#4003=DIRECTION('',(3.90798504668057E-14,1.80493678922228E-16,-1.));
#4004=DIRECTION('center_axis',(0.,1.,1.80493678922233E-16));
#4005=DIRECTION('ref_axis',(0.866025404157637,9.02468393444459E-17,-0.499999999353602));
#4006=DIRECTION('',(0.,-1.,-1.80493678922233E-16));
#4007=DIRECTION('center_axis',(0.,-1.,-1.80493678922233E-16));
#4008=DIRECTION('ref_axis',(0.,1.80493678922233E-16,-1.));
#4009=DIRECTION('',(9.22615894856049E-33,-1.80493678922233E-16,1.));
#4010=DIRECTION('center_axis',(0.,1.,1.80493678922233E-16));
#4011=DIRECTION('ref_axis',(0.0411229048585859,1.80340998519798E-16,-0.999154095570844));
#4012=DIRECTION('',(3.90798504668057E-14,1.80493678922233E-16,-1.));
#4013=DIRECTION('',(0.866025403038,9.02468396944713E-17,-0.500000001292869));
#4014=DIRECTION('',(-0.707106781186548,-1.27628304327219E-16,0.707106781186548));
#4015=DIRECTION('center_axis',(0.,-1.,-1.80493678922233E-16));
#4016=DIRECTION('ref_axis',(0.923879532511287,-2.90115257345652E-16,0.382683432365089));
#4017=DIRECTION('',(9.22615894856049E-33,-1.80493678922233E-16,1.));
#4018=DIRECTION('center_axis',(0.,-1.,-1.80493678922233E-16));
#4019=DIRECTION('ref_axis',(0.541987061266568,0.,-0.840386830822348));
#4020=DIRECTION('center_axis',(0.,1.,1.80493678922233E-16));
#4021=DIRECTION('ref_axis',(-1.,0.,0.));
#4022=DIRECTION('center_axis',(0.,-1.,-1.80493678922233E-16));
#4023=DIRECTION('ref_axis',(0.541987061266561,0.,0.840386830822352));
#4024=DIRECTION('center_axis',(0.,-1.,-1.80493678922233E-16));
#4025=DIRECTION('ref_axis',(-1.,8.27409499411663E-30,-4.58414668232319E-14));
#4026=DIRECTION('',(-1.,4.41427257619652E-43,-2.44566602141144E-27));
#4027=DIRECTION('center_axis',(0.,-1.,-1.80493678922233E-16));
#4028=DIRECTION('ref_axis',(1.,0.,0.));
#4029=DIRECTION('',(1.,-4.41427257619652E-43,2.44566602141144E-27));
#4030=DIRECTION('center_axis',(0.,-1.,-1.80493678922233E-16));
#4031=DIRECTION('ref_axis',(1.,-4.41427257619652E-43,2.44566602141144E-27));
#4032=DIRECTION('center_axis',(0.,-1.,-1.80493678922233E-16));
#4033=DIRECTION('ref_axis',(1.,0.,0.));
#4034=DIRECTION('',(0.,-1.,-1.80493678922233E-16));
#4035=DIRECTION('center_axis',(0.,1.,1.80493678922233E-16));
#4036=DIRECTION('ref_axis',(1.,0.,0.));
#4037=DIRECTION('',(0.,-1.,-1.80493678922233E-16));
#4038=DIRECTION('center_axis',(-2.44566602141144E-27,-1.80493678922233E-16,
1.));
#4039=DIRECTION('ref_axis',(-1.,-1.38777878079407E-17,-2.44566852626442E-27));
#4040=DIRECTION('',(-1.,4.41427257619652E-43,-2.44566602141144E-27));
#4041=DIRECTION('',(1.,-4.41427257619652E-43,2.44566602141144E-27));
#4042=DIRECTION('',(0.,-1.,-1.80493678922233E-16));
#4043=DIRECTION('center_axis',(-1.,4.41427257619652E-43,-2.44566602141144E-27));
#4044=DIRECTION('ref_axis',(-1.72934702825749E-27,-0.707106781186573,0.707106781186522));
#4045=DIRECTION('center_axis',(-1.,0.,0.));
#4046=DIRECTION('ref_axis',(0.,-1.,-1.80493678922233E-16));
#4047=DIRECTION('center_axis',(1.,0.,0.));
#4048=DIRECTION('ref_axis',(0.,-1.80493678922233E-16,1.));
#4049=DIRECTION('',(-1.,4.41427257619652E-43,-2.44566602141144E-27));
#4050=DIRECTION('center_axis',(0.,1.,1.80493678922233E-16));
#4051=DIRECTION('ref_axis',(0.,0.,1.));
#4052=DIRECTION('center_axis',(-1.,0.,0.));
#4053=DIRECTION('ref_axis',(0.,1.80493678922233E-16,-1.));
#4054=DIRECTION('center_axis',(1.,-4.41427257619652E-43,2.44566602141144E-27));
#4055=DIRECTION('ref_axis',(1.72934702825749E-27,-0.707106781186572,-0.707106781186523));
#4056=DIRECTION('center_axis',(-1.,0.,0.));
#4057=DIRECTION('ref_axis',(0.,1.80493678922233E-16,-1.));
#4058=DIRECTION('center_axis',(0.,1.,1.80493678922233E-16));
#4059=DIRECTION('ref_axis',(0.,0.,1.));
#4060=DIRECTION('center_axis',(0.,1.,1.80493678922233E-16));
#4061=DIRECTION('ref_axis',(-1.,8.27409499411663E-30,-4.58414668232319E-14));
#4062=DIRECTION('center_axis',(0.,-1.,-1.80493678922233E-16));
#4063=DIRECTION('ref_axis',(-1.,8.23389131070167E-30,-4.56187239346442E-14));
#4064=DIRECTION('center_axis',(0.,-1.,-1.80493678922233E-16));
#4065=DIRECTION('ref_axis',(-1.,8.27409499411663E-30,-4.58414668232319E-14));
#4066=DIRECTION('',(0.,-1.,-1.80493678922233E-16));
#4067=DIRECTION('center_axis',(2.44566602141144E-27,1.80493678922233E-16,
-1.));
#4068=DIRECTION('ref_axis',(1.,1.38777878079407E-17,2.44566852626442E-27));
#4069=DIRECTION('',(1.,-4.41427257619652E-43,2.44566602141144E-27));
#4070=DIRECTION('center_axis',(-1.,4.41427257619652E-43,-2.44566602141144E-27));
#4071=DIRECTION('ref_axis',(1.72934702825749E-27,0.707106781186573,-0.707106781186522));
#4072=DIRECTION('center_axis',(-1.,0.,0.));
#4073=DIRECTION('ref_axis',(0.,1.,1.80493678922233E-16));
#4074=DIRECTION('',(1.,-4.41427257619652E-43,2.44566602141144E-27));
#4075=DIRECTION('center_axis',(1.,0.,0.));
#4076=DIRECTION('ref_axis',(0.,1.80493678922233E-16,-1.));
#4077=DIRECTION('center_axis',(0.,-1.,-1.80493678922233E-16));
#4078=DIRECTION('ref_axis',(0.,0.,-1.));
#4079=DIRECTION('center_axis',(0.,1.,1.80493678922233E-16));
#4080=DIRECTION('ref_axis',(1.,0.,0.));
#4081=DIRECTION('center_axis',(-1.,0.,0.));
#4082=DIRECTION('ref_axis',(0.,-1.80493678922233E-16,1.));
#4083=DIRECTION('center_axis',(1.,-4.41427257619652E-43,2.44566602141144E-27));
#4084=DIRECTION('ref_axis',(-1.72934702825749E-27,0.707106781186572,0.707106781186523));
#4085=DIRECTION('',(-1.,4.41427257619652E-43,-2.44566602141144E-27));
#4086=DIRECTION('center_axis',(-1.,0.,0.));
#4087=DIRECTION('ref_axis',(0.,-1.80493678922233E-16,1.));
#4088=DIRECTION('center_axis',(0.,-1.,-1.80493678922233E-16));
#4089=DIRECTION('ref_axis',(0.,0.,-1.));
#4090=DIRECTION('center_axis',(0.,1.,1.80493678922233E-16));
#4091=DIRECTION('ref_axis',(-1.,8.27409499411663E-30,-4.58414668232319E-14));
#4092=DIRECTION('center_axis',(3.90798504668057E-14,1.80493678922233E-16,
-1.));
#4093=DIRECTION('ref_axis',(0.182684163593309,-0.983171651529993,6.96181352748329E-15));
#4094=DIRECTION('center_axis',(0.500000001292869,-1.56312111034438E-16,
0.866025403038001));
#4095=DIRECTION('ref_axis',(0.866025403038001,3.01542557967808E-17,-0.500000001292869));
#4096=DIRECTION('',(-3.90798504668057E-14,-1.80493678922233E-16,1.));
#4097=DIRECTION('center_axis',(0.,-1.,-1.80493678922233E-16));
#4098=DIRECTION('ref_axis',(0.,2.22044604925031E-16,-1.));
#4099=DIRECTION('center_axis',(0.995580153110353,-1.69511902268059E-17,
0.0939157001398893));
#4100=DIRECTION('ref_axis',(0.,-1.,-1.80493678922233E-16));
#4101=DIRECTION('center_axis',(0.843186020776492,0.324551971045593,0.428606290734897));
#4102=DIRECTION('ref_axis',(0.359219781656799,-0.933252992744434,1.77616555816707E-14));
#4103=DIRECTION('center_axis',(0.821581425510423,0.316236114515185,0.474340258814915));
#4104=DIRECTION('ref_axis',(0.359219781656815,-0.933252992744427,3.51088903414387E-14));
#4105=DIRECTION('center_axis',(-0.35921978165682,0.933252992744425,-1.38698090858415E-14));
#4106=DIRECTION('ref_axis',(0.933252992744425,0.35921978165682,3.65140217549335E-14));
#4107=DIRECTION('center_axis',(-1.,0.,0.));
#4108=DIRECTION('ref_axis',(0.,-1.80493678922233E-16,1.));
#4109=DIRECTION('',(0.,-1.,-1.80493678922233E-16));
#4110=DIRECTION('center_axis',(0.35921978165682,-0.933252992744425,1.38698090858415E-14));
#4111=DIRECTION('ref_axis',(-1.49883571991992E-29,-1.48617890257758E-14,
-1.));
#4112=DIRECTION('',(3.90798504668057E-14,1.80493678922252E-16,-1.));
#4113=DIRECTION('',(0.821581425510396,0.316236114515154,-0.474340258814982));
#4114=DIRECTION('',(-0.821581425510408,-0.316236114515174,-0.474340258814948));
#4115=DIRECTION('center_axis',(0.821581425510408,0.316236114515173,0.474340258814948));
#4116=DIRECTION('ref_axis',(0.559396915298496,-0.607596398144081,-0.563827729113128));
#4117=DIRECTION('center_axis',(0.821581425510408,0.316236114515173,0.474340258814948));
#4118=DIRECTION('ref_axis',(0.559396915298493,-0.6075963981441,-0.56382772911311));
#4119=DIRECTION('center_axis',(0.,0.,1.));
#4120=DIRECTION('ref_axis',(1.,0.,0.));
#4121=DIRECTION('center_axis',(0.,1.,1.80493678922233E-16));
#4122=DIRECTION('ref_axis',(1.,-6.4124236204408E-30,3.5527136788007E-14));
#4123=DIRECTION('center_axis',(-3.55271367880045E-14,5.17873700451285E-15,
1.));
#4124=DIRECTION('ref_axis',(0.359219781656816,-0.933252992744427,1.75951221279767E-14));
#4125=DIRECTION('center_axis',(3.90798504668057E-14,1.80493678922252E-16,
-1.));
#4126=DIRECTION('ref_axis',(0.824384552759447,-0.566030130975028,3.21146601882631E-14));
#4127=DIRECTION('center_axis',(-0.500000001292869,1.56312111034438E-16,
-0.866025403038001));
#4128=DIRECTION('ref_axis',(0.866025403038001,-9.00309119985997E-17,-0.500000001292869));
#4129=DIRECTION('',(-3.90798504668057E-14,-1.80493678922252E-16,1.));
#4130=DIRECTION('center_axis',(1.,-7.05366598248452E-30,3.90798504668057E-14));
#4131=DIRECTION('ref_axis',(3.90798504668057E-14,1.80493678922233E-16,-1.));
#4132=DIRECTION('',(1.34573917034692E-44,1.,1.80493678922233E-16));
#4133=DIRECTION('',(0.,-1.,-1.80493678922233E-16));
#4134=DIRECTION('',(1.34573917034692E-44,1.,1.80493678922233E-16));
#4135=DIRECTION('center_axis',(0.,1.,1.80493678922233E-16));
#4136=DIRECTION('ref_axis',(0.866025404157637,9.02468393444459E-17,-0.499999999353602));
#4137=DIRECTION('center_axis',(0.,1.,0.));
#4138=DIRECTION('ref_axis',(0.541987061266568,0.,-0.840386830822348));
#4139=DIRECTION('',(-2.22044604925031E-16,-1.,1.09476442525376E-47));
#4140=DIRECTION('center_axis',(-7.85046229341889E-16,0.707106781186546,
0.707106781186549));
#4141=DIRECTION('ref_axis',(-7.85046229341885E-16,-0.707106781186549,0.707106781186546));
#4142=DIRECTION('center_axis',(0.,1.,0.));
#4143=DIRECTION('ref_axis',(0.541987061266568,0.,-0.840386830822348));
#4144=DIRECTION('',(0.,1.,0.));
#4145=DIRECTION('center_axis',(2.22044604925031E-16,1.,2.22044604925031E-16));
#4146=DIRECTION('ref_axis',(0.923879532511287,-2.90115257345652E-16,0.382683432365089));
#4147=DIRECTION('',(2.22044604925031E-16,1.,2.22044604925031E-16));
#4148=DIRECTION('center_axis',(-1.40080297866843E-16,-0.630865577275063,
0.775892146763583));
#4149=DIRECTION('ref_axis',(2.59832851359331E-16,0.775892146763583,0.630865577275063));
#4150=DIRECTION('',(-2.22044604925031E-16,-1.,-2.22044604925031E-16));
#4151=DIRECTION('center_axis',(-1.,2.22044604925031E-16,4.93038065763132E-32));
#4152=DIRECTION('ref_axis',(2.22044604925031E-16,1.,2.22044604925031E-16));
#4153=DIRECTION('',(1.72282665192554E-16,0.775892146763583,0.630865577275063));
#4154=DIRECTION('',(-8.01687911809972E-33,1.85939791116083E-16,-1.));
#4155=DIRECTION('',(-2.22044604925031E-16,-1.,-1.85939791116083E-16));
#4156=DIRECTION('',(0.,-2.22044604925031E-16,1.));
#4157=DIRECTION('',(2.22044604925031E-16,1.,-1.09476442525376E-47));
#4158=DIRECTION('',(-4.93038065763132E-32,0.,-1.));
#4159=DIRECTION('center_axis',(-0.707106781186548,3.14018491736755E-16,
-0.707106781186548));
#4160=DIRECTION('ref_axis',(2.22044604925031E-16,1.,2.22044604925031E-16));
#4161=DIRECTION('',(6.23673725436531E-16,1.,-1.79584515586469E-16));
#4162=DIRECTION('',(-0.533561622885474,0.656219467226962,0.533561622885474));
#4163=DIRECTION('center_axis',(-2.22044604925031E-16,-1.,-2.22044604925031E-16));
#4164=DIRECTION('ref_axis',(-1.,2.22044604925031E-16,4.93038065763132E-32));
#4165=DIRECTION('',(9.22616028452436E-33,-1.80493678922233E-16,1.));
#4166=DIRECTION('center_axis',(4.44089209850062E-16,1.,1.80493678922233E-16));
#4167=DIRECTION('ref_axis',(-0.707106781186548,1.86390187409537E-16,0.707106781186547));
#4168=DIRECTION('',(1.,-4.44089209850062E-16,-2.77555756156289E-16));
#4169=DIRECTION('center_axis',(-4.44089209850062E-16,-1.,-1.80493678922233E-16));
#4170=DIRECTION('ref_axis',(0.707106781186547,-1.86390187409536E-16,-0.707106781186548));
#4171=DIRECTION('',(9.22616028452436E-33,-1.80493678922233E-16,1.));
#4172=DIRECTION('center_axis',(4.44089209850062E-16,1.,1.80493678922233E-16));
#4173=DIRECTION('ref_axis',(-0.707106781186547,1.86390187409536E-16,0.707106781186548));
#4174=DIRECTION('',(1.,-4.44089209850062E-16,-8.93814555400298E-32));
#4175=DIRECTION('',(-0.866025403038,8.12739657230236E-17,0.500000001292869));
#4176=DIRECTION('',(1.,-2.22044604925031E-16,-4.80945280818163E-32));
#4177=DIRECTION('center_axis',(4.44089209850062E-16,1.,1.80493678922233E-16));
#4178=DIRECTION('ref_axis',(-1.84523192330849E-32,1.80493678922233E-16,
-1.));
#4179=DIRECTION('center_axis',(4.44089209850062E-16,1.,1.80493678922233E-16));
#4180=DIRECTION('ref_axis',(-9.22616028452489E-33,1.80493678922233E-16,
-1.));
#4181=DIRECTION('center_axis',(4.44089209850062E-16,1.,1.80493678922233E-16));
#4182=DIRECTION('ref_axis',(-9.26219996791719E-33,1.80493678922233E-16,
-1.));
#4183=DIRECTION('center_axis',(4.44306050284559E-16,1.,2.22044604925031E-16));
#4184=DIRECTION('ref_axis',(9.23516753344481E-33,2.22044604925031E-16,-1.));
#4185=DIRECTION('center_axis',(-4.44089209850062E-16,-1.,-1.80493678922233E-16));
#4186=DIRECTION('ref_axis',(-9.21715036367616E-33,1.80493678922233E-16,
-1.));
#4187=DIRECTION('',(-4.44306050284559E-16,-1.,-2.22044604925031E-16));
#4188=DIRECTION('center_axis',(-4.44089209850062E-16,-1.,-1.80493678922233E-16));
#4189=DIRECTION('ref_axis',(-9.22616028452437E-33,1.80493678922233E-16,
-1.));
#4190=DIRECTION('center_axis',(-4.44089209850062E-16,-1.,-1.80493678922233E-16));
#4191=DIRECTION('ref_axis',(-9.22616028452437E-33,1.80493678922233E-16,
-1.));
#4192=DIRECTION('center_axis',(4.44089209850049E-16,1.,2.22044604925031E-16));
#4193=DIRECTION('ref_axis',(9.22615761259608E-33,2.22044604925031E-16,-1.));
#4194=DIRECTION('',(-4.44089209850049E-16,-1.,-2.22044604925031E-16));
#4195=DIRECTION('center_axis',(-4.44089209850062E-16,-1.,-1.80493678922233E-16));
#4196=DIRECTION('ref_axis',(-9.22616028452437E-33,1.80493678922233E-16,
-1.));
#4197=DIRECTION('center_axis',(0.,-2.22044604925031E-16,1.));
#4198=DIRECTION('ref_axis',(2.22044604925031E-16,1.,2.22044604925031E-16));
#4199=DIRECTION('center_axis',(5.01735405359446E-16,-1.85939791116083E-16,
1.));
#4200=DIRECTION('ref_axis',(2.22044604925031E-16,1.,1.85939791116083E-16));
#4201=DIRECTION('',(0.,2.22044604925031E-16,-1.));
#4202=DIRECTION('center_axis',(-6.80760062360283E-33,1.85939791116083E-16,
-1.));
#4203=DIRECTION('ref_axis',(2.22044604925031E-16,1.,1.85939791116083E-16));
#4204=DIRECTION('center_axis',(0.,-2.22044604925031E-16,1.));
#4205=DIRECTION('ref_axis',(2.22044604925031E-16,1.,2.22044604925031E-16));
#4206=DIRECTION('center_axis',(5.01735405359446E-16,-1.85939791116083E-16,
1.));
#4207=DIRECTION('ref_axis',(2.22044604925031E-16,1.,1.85939791116083E-16));
#4208=DIRECTION('',(0.,2.22044604925031E-16,-1.));
#4209=DIRECTION('center_axis',(-6.80760062360283E-33,1.85939791116083E-16,
-1.));
#4210=DIRECTION('ref_axis',(2.22044604925031E-16,1.,1.85939791116083E-16));
#4211=DIRECTION('center_axis',(0.,-2.22044604925031E-16,1.));
#4212=DIRECTION('ref_axis',(2.22044604925031E-16,1.,2.22044604925031E-16));
#4213=DIRECTION('center_axis',(5.01735405359446E-16,-1.85939791116083E-16,
1.));
#4214=DIRECTION('ref_axis',(2.22044604925031E-16,1.,1.85939791116083E-16));
#4215=DIRECTION('',(0.,2.22044604925031E-16,-1.));
#4216=DIRECTION('center_axis',(-6.80760062360283E-33,1.85939791116083E-16,
-1.));
#4217=DIRECTION('ref_axis',(2.22044604925031E-16,1.,1.85939791116083E-16));
#4218=DIRECTION('center_axis',(0.,-2.22044604925031E-16,1.));
#4219=DIRECTION('ref_axis',(2.22044604925031E-16,1.,2.22044604925031E-16));
#4220=DIRECTION('center_axis',(5.01735405359446E-16,-1.85939791116083E-16,
1.));
#4221=DIRECTION('ref_axis',(2.22044604925031E-16,1.,1.85939791116083E-16));
#4222=DIRECTION('',(0.,2.22044604925031E-16,-1.));
#4223=DIRECTION('center_axis',(-6.80760062360283E-33,1.85939791116083E-16,
-1.));
#4224=DIRECTION('ref_axis',(2.22044604925031E-16,1.,1.85939791116083E-16));
#4225=DIRECTION('center_axis',(4.44089209850062E-16,1.,1.80493678922233E-16));
#4226=DIRECTION('ref_axis',(-9.22616028452437E-33,1.80493678922233E-16,
-1.));
#4227=DIRECTION('center_axis',(-0.952890565078507,3.56025737069291E-16,
0.303314310549904));
#4228=DIRECTION('ref_axis',(4.44306050284559E-16,1.,2.22044604925031E-16));
#4229=DIRECTION('',(0.290256308245905,0.290256308245905,0.911867617062321));
#4230=DIRECTION('',(0.126976851854792,0.90815630183129,0.398909777439913));
#4231=DIRECTION('',(-4.44306050284559E-16,-1.,-2.22044604925031E-16));
#4232=DIRECTION('center_axis',(9.22615894856049E-33,-1.80493678922233E-16,
1.));
#4233=DIRECTION('ref_axis',(-0.38268343236509,0.923879532511287,1.66754415703915E-16));
#4234=DIRECTION('center_axis',(8.92985751265258E-17,0.402165029664538,-0.915567195193734));
#4235=DIRECTION('ref_axis',(-2.03296756139111E-16,0.915567195193734,0.402165029664538));
#4236=DIRECTION('',(9.22615894856049E-33,-1.80493678922233E-16,1.));
#4237=DIRECTION('',(-9.22615894856049E-33,1.80493678922233E-16,-1.));
#4238=DIRECTION('center_axis',(-0.707106781186547,0.707106781186548,1.27628304327219E-16));
#4239=DIRECTION('ref_axis',(0.707106781186548,0.707106781186547,1.57009245868377E-16));
#4240=DIRECTION('',(-0.290256308245905,-0.290256308245905,-0.911867617062321));
#4241=DIRECTION('center_axis',(0.707106781186547,-0.707106781186548,-1.27628304327219E-16));
#4242=DIRECTION('ref_axis',(-0.707106781186548,-0.707106781186547,-1.57009245868377E-16));
#4243=DIRECTION('center_axis',(0.707106781186547,-0.707106781186548,-1.27628304327219E-16));
#4244=DIRECTION('ref_axis',(-0.707106781186548,-0.707106781186547,-1.57009245868377E-16));
#4245=DIRECTION('',(0.675283854791568,0.675283854791568,0.296620010983213));
#4246=DIRECTION('center_axis',(0.290256308245905,0.290256308245905,0.911867617062321));
#4247=DIRECTION('ref_axis',(-0.907279741085198,0.386472700572669,0.165777933177016));
#4248=DIRECTION('center_axis',(8.92985751265258E-17,0.402165029664538,-0.915567195193734));
#4249=DIRECTION('ref_axis',(0.41709883724688,0.832123438809318,0.365512164710636));
#4250=DIRECTION('center_axis',(-0.952890565078507,4.90724349577615E-16,
-0.303314310549905));
#4251=DIRECTION('ref_axis',(4.44306050284559E-16,1.,2.22044604925031E-16));
#4252=DIRECTION('',(2.22044604925031E-16,1.,9.20299935772535E-16));
#4253=DIRECTION('',(-0.268671042594858,0.464097233293021,0.844055465547588));
#4254=DIRECTION('',(4.44306050284559E-16,1.,2.22044604925031E-16));
#4255=DIRECTION('',(-0.126976851854792,0.90815630183129,0.398909777439913));
#4256=DIRECTION('center_axis',(0.268671042594858,-0.464097233293021,-0.844055465547588));
#4257=DIRECTION('ref_axis',(-0.868774616430876,0.261679519664773,-0.420421805849076));
#4258=DIRECTION('center_axis',(-0.268671042594858,0.464097233293021,0.844055465547588));
#4259=DIRECTION('ref_axis',(-0.707106781186548,0.499999999999999,-0.5));
#4260=DIRECTION('',(0.268671042594858,-0.464097233293021,-0.844055465547588));
#4261=DIRECTION('center_axis',(2.22044604925031E-16,1.,9.20299935772535E-16));
#4262=DIRECTION('ref_axis',(0.988152459157621,-3.60657380294467E-16,0.153475462080251));
#4263=DIRECTION('center_axis',(-8.92985751265258E-17,-0.402165029664538,
0.915567195193734));
#4264=DIRECTION('ref_axis',(2.36783721811559E-16,0.915567195193734,0.402165029664538));
#4265=DIRECTION('',(-2.22044604925031E-16,-1.,-9.20299935772535E-16));
#4266=DIRECTION('center_axis',(0.784464540552736,-0.277350098112614,0.55470019622523));
#4267=DIRECTION('ref_axis',(0.226455406828919,0.960768922830523,0.160128153805087));
#4268=DIRECTION('center_axis',(-1.57009245868378E-16,-0.707106781186548,
-0.707106781186547));
#4269=DIRECTION('ref_axis',(-1.,2.22044604925031E-16,4.93038065763132E-32));
#4270=DIRECTION('center_axis',(-0.707106781186548,0.499999999999999,-0.5));
#4271=DIRECTION('ref_axis',(0.408248290463862,0.866025403784439,0.288675134594813));
#4272=DIRECTION('center_axis',(4.44089209850062E-16,1.,1.80493678922233E-16));
#4273=DIRECTION('ref_axis',(-9.22616028452437E-33,1.80493678922233E-16,
-1.));
#4274=DIRECTION('',(1.,-4.44089209850062E-16,-5.01735405359445E-16));
#4275=DIRECTION('center_axis',(-4.44089209850062E-16,-1.,-1.80493678922233E-16));
#4276=DIRECTION('ref_axis',(-9.22616028452437E-33,1.80493678922233E-16,
-1.));
#4277=DIRECTION('center_axis',(-4.44089209850062E-16,-1.,-1.80493678922233E-16));
#4278=DIRECTION('ref_axis',(-9.22616028452437E-33,1.80493678922233E-16,
-1.));
#4279=DIRECTION('',(1.12427648063306E-16,-1.80493678922233E-16,1.));
#4280=DIRECTION('',(1.12427648063306E-16,-1.80493678922233E-16,1.));
#4281=DIRECTION('',(-1.,4.44089209850062E-16,1.80540940453063E-16));
#4282=DIRECTION('center_axis',(4.44089209850062E-16,1.,1.80493678922233E-16));
#4283=DIRECTION('ref_axis',(-1.,4.44089209850062E-16,8.93814555400298E-32));
#4284=DIRECTION('',(9.22616028452437E-33,-1.80493678922233E-16,1.));
#4285=DIRECTION('center_axis',(-4.44089209850062E-16,-1.,-1.80493678922233E-16));
#4286=DIRECTION('ref_axis',(1.,-4.44089209850063E-16,1.11022302462516E-15));
#4287=DIRECTION('',(1.,-4.44089209850062E-16,-2.77555756156289E-16));
#4288=DIRECTION('center_axis',(-4.44089209850062E-16,-1.,-1.80493678922233E-16));
#4289=DIRECTION('ref_axis',(-9.22616028452437E-33,1.80493678922233E-16,
-1.));
#4290=DIRECTION('',(0.577350269189626,-1.09022553132071E-16,-0.816496580927726));
#4291=DIRECTION('center_axis',(2.22044604925031E-16,1.,2.22044604925031E-16));
#4292=DIRECTION('ref_axis',(-1.33596388134454E-39,2.22044604925031E-16,
-1.));
#4293=DIRECTION('',(-2.22044604925031E-16,-1.,-2.22044604925031E-16));
#4294=DIRECTION('center_axis',(-4.44089209850062E-16,-1.,-1.80493678922233E-16));
#4295=DIRECTION('ref_axis',(-9.22616028452437E-33,1.80493678922233E-16,
-1.));
#4296=DIRECTION('center_axis',(4.44089209850062E-16,1.,1.80493678922233E-16));
#4297=DIRECTION('ref_axis',(-9.22616028452437E-33,1.80493678922233E-16,
-1.));
#4298=DIRECTION('center_axis',(-4.44089209850062E-16,-1.,-1.80493678922233E-16));
#4299=DIRECTION('ref_axis',(-9.21715036367616E-33,1.80493678922233E-16,
-1.));
#4300=DIRECTION('center_axis',(4.44306050284559E-16,1.,2.22044604925031E-16));
#4301=DIRECTION('ref_axis',(9.23516753344481E-33,2.22044604925031E-16,-1.));
#4302=DIRECTION('',(-4.44306050284559E-16,-1.,-2.22044604925031E-16));
#4303=DIRECTION('center_axis',(-8.92985751265258E-17,-0.402165029664538,
0.915567195193734));
#4304=DIRECTION('ref_axis',(-2.03296756139112E-16,-0.915567195193734,-0.402165029664538));
#4305=DIRECTION('center_axis',(0.707106781186548,-0.499999999999999,0.5));
#4306=DIRECTION('ref_axis',(-0.408248290463863,-0.866025403784439,-0.288675134594812));
#4307=DIRECTION('center_axis',(4.43221848112074E-16,1.,2.22044604925031E-16));
#4308=DIRECTION('ref_axis',(9.19011792920378E-33,2.22044604925031E-16,-1.));
#4309=DIRECTION('',(-4.43221848112074E-16,-1.,-2.22044604925031E-16));
#4310=DIRECTION('center_axis',(-4.44089209850062E-16,-1.,-1.80493678922233E-16));
#4311=DIRECTION('ref_axis',(-9.22616028452437E-33,1.80493678922233E-16,
-1.));
#4312=DIRECTION('center_axis',(4.44089209850062E-16,1.,1.80493678922233E-16));
#4313=DIRECTION('ref_axis',(-9.22616028452437E-33,1.80493678922233E-16,
-1.));
#4314=DIRECTION('center_axis',(-4.44089209850062E-16,-1.,-1.80493678922233E-16));
#4315=DIRECTION('ref_axis',(-9.21715036367616E-33,1.80493678922233E-16,
-1.));
#4316=DIRECTION('center_axis',(2.21045738660205E-18,-2.22044604925031E-16,
1.));
#4317=DIRECTION('ref_axis',(2.22044604925031E-16,1.,2.22044604925031E-16));
#4318=DIRECTION('center_axis',(5.01735405359446E-16,-1.85939791116083E-16,
1.));
#4319=DIRECTION('ref_axis',(2.22044604925031E-16,1.,1.85939791116083E-16));
#4320=DIRECTION('',(-2.21045738660205E-18,2.22044604925031E-16,-1.));
#4321=DIRECTION('center_axis',(-6.80760062360283E-33,1.85939791116083E-16,
-1.));
#4322=DIRECTION('ref_axis',(2.22044604925031E-16,1.,1.85939791116083E-16));
#4323=DIRECTION('center_axis',(0.577350269189626,-1.09022553132071E-16,
-0.816496580927726));
#4324=DIRECTION('ref_axis',(-0.707106781186548,0.499999999999999,-0.5));
#4325=DIRECTION('',(-0.577350269189626,1.09022553132071E-16,0.816496580927726));
#4326=DIRECTION('center_axis',(0.577350269189626,5.31011483091648E-17,-0.816496580927726));
#4327=DIRECTION('ref_axis',(-0.707106781186548,0.499999999999999,-0.5));
#4328=DIRECTION('center_axis',(-1.,1.77635683940025E-16,0.));
#4329=DIRECTION('ref_axis',(0.,-1.,0.));
#4330=DIRECTION('center_axis',(1.57009245868378E-16,0.707106781186548,0.707106781186547));
#4331=DIRECTION('ref_axis',(-0.38268343236509,0.653281482438188,-0.653281482438189));
#4332=DIRECTION('center_axis',(1.,-2.22044604925031E-16,-4.93038065763132E-32));
#4333=DIRECTION('ref_axis',(1.57009245868377E-16,0.707106781186547,-0.707106781186548));
#4334=DIRECTION('center_axis',(4.44306050284559E-16,1.,2.22044604925031E-16));
#4335=DIRECTION('ref_axis',(9.23516753344481E-33,2.22044604925031E-16,-1.));
#4336=DIRECTION('',(-4.44306050284559E-16,-1.,-2.22044604925031E-16));
#4337=DIRECTION('center_axis',(-1.,4.44089209850062E-16,5.01735405359445E-16));
#4338=DIRECTION('ref_axis',(2.1827910452754E-16,0.923879532511287,-0.38268343236509));
#4339=DIRECTION('center_axis',(1.,-1.34290391131596E-8,-1.34333806422761E-8));
#4340=DIRECTION('ref_axis',(1.23056726093514E-8,0.996763521070619,-0.0803895706102516));
#4341=DIRECTION('',(-1.,4.44089209850062E-16,5.01735405359445E-16));
#4342=DIRECTION('center_axis',(1.57009245868378E-16,0.707106781186548,0.707106781186547));
#4343=DIRECTION('ref_axis',(-0.923879532511287,0.270598050073099,-0.270598050073099));
#4344=DIRECTION('center_axis',(5.01735405359446E-16,-1.85939791116083E-16,
1.));
#4345=DIRECTION('ref_axis',(-2.09730821213007E-16,1.,1.85939791116083E-16));
#4346=DIRECTION('',(-1.96261557335472E-16,-0.707106781186548,-0.707106781186547));
#4347=DIRECTION('',(1.57009245868378E-16,0.707106781186548,0.707106781186547));
#4348=DIRECTION('center_axis',(-0.707106781186548,0.499999999999999,-0.5));
#4349=DIRECTION('ref_axis',(0.577350269189625,0.816496580927727,1.47652070409625E-17));
#4350=DIRECTION('',(-0.577350269189625,-0.816496580927726,1.37857867641544E-16));
#4351=DIRECTION('',(1.96261557335472E-16,0.707106781186548,0.707106781186547));
#4352=DIRECTION('center_axis',(1.57009245868378E-16,0.707106781186548,0.707106781186547));
#4353=DIRECTION('ref_axis',(-0.38268343236509,0.653281482438188,-0.653281482438189));
#4354=DIRECTION('center_axis',(5.01735405359446E-16,-1.85939791116083E-16,
1.));
#4355=DIRECTION('ref_axis',(-2.88235444147195E-16,1.,1.85939791116083E-16));
#4356=DIRECTION('',(-1.57009245868378E-16,-0.707106781186548,-0.707106781186547));
#4357=DIRECTION('center_axis',(-4.07620157542906E-17,0.707106781186547,
-0.707106781186548));
#4358=DIRECTION('ref_axis',(1.,5.76461955093838E-17,1.60711446436252E-31));
#4359=DIRECTION('',(-1.,4.44089209850063E-16,5.01735405359446E-16));
#4360=DIRECTION('center_axis',(4.07620157542906E-17,-0.707106781186547,
0.707106781186548));
#4361=DIRECTION('ref_axis',(1.30841038223648E-16,0.707106781186548,0.707106781186547));
#4362=DIRECTION('center_axis',(4.44089209850062E-17,0.6,-0.8));
#4363=DIRECTION('ref_axis',(1.33226762955019E-16,0.8,0.6));
#4364=DIRECTION('center_axis',(1.12427648063306E-16,-1.80493678922233E-16,
1.));
#4365=DIRECTION('ref_axis',(0.195090322016137,0.980785280403229,1.55091997428566E-16));
#4366=DIRECTION('center_axis',(-0.500000001292869,1.56312111034438E-16,
-0.866025403038001));
#4367=DIRECTION('ref_axis',(0.866025403038001,3.84592536945228E-16,-0.500000001292869));
#4368=DIRECTION('center_axis',(1.40080297866843E-16,0.630865577275063,-0.775892146763583));
#4369=DIRECTION('ref_axis',(2.799593309379E-16,0.775892146763583,0.630865577275063));
#4370=DIRECTION('center_axis',(5.01735405359446E-16,-1.85939791116083E-16,
1.));
#4371=DIRECTION('ref_axis',(0.195090322016137,0.980785280403229,8.44832883694341E-17));
#4372=DIRECTION('',(1.12427648063306E-16,-1.80493678922233E-16,1.));
#4373=DIRECTION('center_axis',(1.40080297866843E-16,0.630865577275063,-0.775892146763583));
#4374=DIRECTION('ref_axis',(2.799593309379E-16,0.775892146763583,0.630865577275063));
#4375=DIRECTION('center_axis',(-5.01735405359446E-16,1.85939791116083E-16,
-1.));
#4376=DIRECTION('ref_axis',(1.,-4.44089209850062E-16,-5.01735405359446E-16));
#4377=DIRECTION('center_axis',(5.01735405359446E-16,-1.85939791116083E-16,
1.));
#4378=DIRECTION('ref_axis',(-0.707106781186548,-0.707106781186547,2.23301220300453E-16));
#4379=DIRECTION('',(1.,-4.44089209850062E-16,-5.01735405359446E-16));
#4380=DIRECTION('center_axis',(5.01735405359446E-16,-1.85939791116083E-16,
1.));
#4381=DIRECTION('ref_axis',(0.707106781186547,-0.707106781186548,-4.86259794681638E-16));
#4382=DIRECTION('',(-2.22044604925031E-16,-1.,-1.85939791116083E-16));
#4383=DIRECTION('',(-2.22044604925031E-16,-1.,-1.85939791116083E-16));
#4384=DIRECTION('center_axis',(-1.,2.22044604925031E-16,1.12427648063307E-16));
#4385=DIRECTION('ref_axis',(-2.22044604925031E-16,-1.,-2.22044604925031E-16));
#4386=DIRECTION('',(8.01687911809972E-33,-1.85939791116083E-16,1.));
#4387=DIRECTION('',(-2.4320939828969E-16,-0.775892146763583,-0.630865577275063));
#4388=DIRECTION('center_axis',(-1.,2.22044604925031E-16,4.93038065763132E-32));
#4389=DIRECTION('ref_axis',(2.22044604925031E-16,1.,2.22044604925031E-16));
#4390=DIRECTION('',(-6.80641968626838E-33,1.85939791116083E-16,-1.));
#4391=DIRECTION('',(2.03296756139112E-16,0.915567195193734,0.402165029664538));
#4392=DIRECTION('center_axis',(-8.01687911809972E-33,1.85939791116083E-16,
-1.));
#4393=DIRECTION('ref_axis',(0.707106781186547,-0.707106781186548,-1.31479287190593E-16));
#4394=DIRECTION('center_axis',(-1.40080297866843E-16,-0.630865577275063,
0.775892146763583));
#4395=DIRECTION('ref_axis',(-1.18444332319881E-16,-0.775892146763583,-0.630865577275063));
#4396=DIRECTION('',(8.01687911809972E-33,-1.85939791116083E-16,1.));
#4397=DIRECTION('center_axis',(-6.80760062360283E-33,1.85939791116083E-16,
-1.));
#4398=DIRECTION('ref_axis',(0.707106781186547,-0.707106781186548,-1.31479287190593E-16));
#4399=DIRECTION('center_axis',(8.92985751265258E-17,0.402165029664538,-0.915567195193734));
#4400=DIRECTION('ref_axis',(2.03296756139112E-16,0.915567195193734,0.402165029664538));
#4401=DIRECTION('center_axis',(-8.92985751265258E-17,-0.402165029664538,
0.915567195193734));
#4402=DIRECTION('ref_axis',(-2.66826992432584E-16,-0.915567195193734,-0.402165029664538));
#4403=DIRECTION('',(1.,-4.44089209850062E-16,-2.77555756156289E-16));
#4404=DIRECTION('center_axis',(-8.92985751265258E-17,-0.402165029664538,
0.915567195193734));
#4405=DIRECTION('ref_axis',(4.54448998682466E-16,0.915567195193734,0.402165029664538));
#4406=DIRECTION('',(2.03296756139112E-16,0.915567195193734,0.402165029664538));
#4407=DIRECTION('center_axis',(-6.80641968626838E-33,1.85939791116083E-16,
-1.));
#4408=DIRECTION('ref_axis',(-0.707106781186548,-0.707106781186547,-1.31479287190593E-16));
#4409=DIRECTION('',(6.80641968626838E-33,-1.85939791116083E-16,1.));
#4410=DIRECTION('center_axis',(-6.80760062360283E-33,1.85939791116083E-16,
-1.));
#4411=DIRECTION('ref_axis',(-0.707106781186548,-0.707106781186547,-1.31479287190593E-16));
#4412=DIRECTION('',(-6.80641968626838E-33,1.85939791116083E-16,-1.));
#4413=DIRECTION('center_axis',(3.2532116535528E-16,1.,2.22044604925031E-16));
#4414=DIRECTION('ref_axis',(1.,-3.2532116535528E-16,-7.2235809635064E-32));
#4415=DIRECTION('center_axis',(-4.3867348777872E-16,-1.,-1.85939791116083E-16));
#4416=DIRECTION('ref_axis',(-3.23165262644358E-15,-1.85939791116082E-16,
1.));
#4417=DIRECTION('',(3.2532116535528E-16,1.,2.22044604925031E-16));
#4418=DIRECTION('',(-3.2532116535528E-16,-1.,-2.22044604925031E-16));
#4419=DIRECTION('center_axis',(6.80760062360283E-33,-1.85939791116083E-16,
1.));
#4420=DIRECTION('ref_axis',(-1.,4.44089209850062E-16,8.93814555400298E-32));
#4421=DIRECTION('',(1.,-2.22044604925031E-16,-4.93038065763132E-32));
#4422=DIRECTION('center_axis',(-6.80760062360283E-33,1.85939791116083E-16,
-1.));
#4423=DIRECTION('ref_axis',(1.,-4.3867348777872E-16,-8.83744573093417E-32));
#4424=DIRECTION('center_axis',(-6.80760062360283E-33,1.85939791116083E-16,
-1.));
#4425=DIRECTION('ref_axis',(-1.,4.3867348777872E-16,8.83744573093417E-32));
#4426=DIRECTION('',(1.,-2.22044604925031E-16,-4.93038065763132E-32));
#4427=DIRECTION('',(-4.44306050284559E-16,-1.,-2.22044604925031E-16));
#4428=DIRECTION('center_axis',(-6.80760062360283E-33,1.85939791116083E-16,
-1.));
#4429=DIRECTION('ref_axis',(-0.707106781186546,0.707106781186549,1.57009245868378E-16));
#4430=DIRECTION('center_axis',(4.3867348777872E-16,1.,1.85939791116083E-16));
#4431=DIRECTION('ref_axis',(1.,-4.3867348777872E-16,-9.74050812849115E-32));
#4432=DIRECTION('center_axis',(4.3867348777872E-16,1.,1.85939791116083E-16));
#4433=DIRECTION('ref_axis',(-3.23165262644358E-15,-1.85939791116082E-16,
1.));
#4434=DIRECTION('center_axis',(4.3867348777872E-16,1.,1.85939791116083E-16));
#4435=DIRECTION('ref_axis',(-1.,0.,0.));
#4436=DIRECTION('center_axis',(1.,-4.44306050284559E-16,-8.94205938677912E-32));
#4437=DIRECTION('ref_axis',(9.22616028452436E-33,-1.80493678922233E-16,
1.));
#4438=DIRECTION('',(-9.22616028452436E-33,1.80493678922233E-16,-1.));
#4439=DIRECTION('',(4.44306050284559E-16,1.,2.22044604925031E-16));
#4440=DIRECTION('center_axis',(4.44306050284559E-16,1.,2.22044604925031E-16));
#4441=DIRECTION('ref_axis',(-1.,4.44306050284559E-16,8.94296037886394E-32));
#4442=DIRECTION('center_axis',(-4.44089209850062E-16,-1.,-1.80493678922233E-16));
#4443=DIRECTION('ref_axis',(-0.707106781186547,1.38777878078144E-16,0.707106781186548));
#4444=DIRECTION('',(-4.44306050284559E-16,-1.,-2.22044604925031E-16));
#4445=DIRECTION('',(-4.44306050284559E-16,-1.,-2.22044604925031E-16));
#4446=DIRECTION('center_axis',(1.,-4.44306050284559E-16,-8.94205938677912E-32));
#4447=DIRECTION('ref_axis',(9.22616028452436E-33,-1.80493678922233E-16,
1.));
#4448=DIRECTION('',(-9.22616028452436E-33,1.80493678922233E-16,-1.));
#4449=DIRECTION('',(-4.44306050284559E-16,-1.,-2.22044604925031E-16));
#4450=DIRECTION('center_axis',(4.44306050284559E-16,1.,2.22044604925031E-16));
#4451=DIRECTION('ref_axis',(1.,-4.4430605028456E-16,1.11022302462516E-15));
#4452=DIRECTION('center_axis',(4.44089209850062E-16,1.,1.80493678922233E-16));
#4453=DIRECTION('ref_axis',(0.707106781186547,-1.38777878078145E-16,-0.707106781186548));
#4454=DIRECTION('',(-4.44306050284559E-16,-1.,-2.22044604925031E-16));
#4455=DIRECTION('center_axis',(-2.77555756156289E-16,2.22044604925031E-16,
-1.));
#4456=DIRECTION('ref_axis',(1.,-4.44089209850062E-16,-2.77555756156289E-16));
#4457=DIRECTION('',(-1.,4.44089209850062E-16,2.77555756156289E-16));
#4458=DIRECTION('',(-4.44306050284559E-16,-1.,-2.22044604925031E-16));
#4459=DIRECTION('center_axis',(4.44306050284559E-16,1.,2.22044604925031E-16));
#4460=DIRECTION('ref_axis',(-0.707106781186548,1.57162575210046E-16,0.707106781186547));
#4461=DIRECTION('center_axis',(-4.44089209850062E-16,-1.,-1.80493678922233E-16));
#4462=DIRECTION('ref_axis',(-0.707106781186548,1.38777878078145E-16,0.707106781186547));
#4463=DIRECTION('center_axis',(9.22616028452436E-33,-1.80493678922233E-16,
1.));
#4464=DIRECTION('ref_axis',(-0.707106781186546,0.707106781186549,1.57009245868378E-16));
#4465=DIRECTION('center_axis',(0.,2.22044604925031E-16,-1.));
#4466=DIRECTION('ref_axis',(-1.,2.22044604925031E-16,4.93038065763132E-32));
#4467=DIRECTION('center_axis',(-1.,2.22044604925031E-16,4.93038065763132E-32));
#4468=DIRECTION('ref_axis',(0.,-2.22044604925031E-16,1.));
#4469=DIRECTION('center_axis',(-1.,4.44089209850062E-16,2.77555756156289E-16));
#4470=DIRECTION('ref_axis',(1.57009245868378E-16,0.707106781186549,0.707106781186546));
#4471=DIRECTION('center_axis',(-1.,2.22044604925031E-16,4.93038065763132E-32));
#4472=DIRECTION('ref_axis',(0.,-2.22044604925031E-16,1.));
#4473=DIRECTION('center_axis',(-4.44089209850062E-16,-1.,-1.80493678922233E-16));
#4474=DIRECTION('ref_axis',(1.,-4.44089209850063E-16,0.));
#4475=DIRECTION('center_axis',(0.,2.22044604925031E-16,-1.));
#4476=DIRECTION('ref_axis',(-1.,2.22044604925031E-16,4.93038065763132E-32));
#4477=DIRECTION('center_axis',(-9.22616028452436E-33,1.80493678922233E-16,
-1.));
#4478=DIRECTION('ref_axis',(-0.707106781186545,0.70710678118655,1.57009245868378E-16));
#4479=DIRECTION('center_axis',(0.,2.22044604925031E-16,-1.));
#4480=DIRECTION('ref_axis',(-1.,2.22044604925031E-16,4.93038065763132E-32));
#4481=DIRECTION('center_axis',(-1.,7.77156117237609E-16,1.72563323017096E-31));
#4482=DIRECTION('ref_axis',(0.,-2.22044604925031E-16,1.));
#4483=DIRECTION('center_axis',(0.,-1.,0.));
#4484=DIRECTION('ref_axis',(-1.,0.,0.));
#4485=DIRECTION('center_axis',(0.,-1.,0.));
#4486=DIRECTION('ref_axis',(-1.,0.,0.));
#4487=DIRECTION('',(0.,-1.,0.));
#4488=DIRECTION('center_axis',(0.,1.,0.));
#4489=DIRECTION('ref_axis',(-1.,0.,0.));
#4490=DIRECTION('',(4.93038065763132E-32,0.,1.));
#4491=DIRECTION('center_axis',(0.,1.,0.));
#4492=DIRECTION('ref_axis',(0.541987061266561,0.,0.840386830822352));
#4493=DIRECTION('center_axis',(4.93038065763132E-32,0.,1.));
#4494=DIRECTION('ref_axis',(0.707106781186553,0.707106781186542,0.));
#4495=DIRECTION('center_axis',(-7.85046229341889E-16,0.707106781186546,
-0.707106781186549));
#4496=DIRECTION('ref_axis',(7.85046229341885E-16,0.707106781186549,0.707106781186546));
#4497=DIRECTION('center_axis',(0.,-1.,0.));
#4498=DIRECTION('ref_axis',(0.541987061266561,0.,0.840386830822352));
#4499=DIRECTION('center_axis',(-1.,4.44089209850062E-16,8.93814555400298E-32));
#4500=DIRECTION('ref_axis',(1.57009245868378E-16,0.707106781186551,0.707106781186545));
#4501=DIRECTION('',(-1.,4.44089209850062E-16,8.93814555400298E-32));
#4502=DIRECTION('center_axis',(0.500000001292869,-1.56312111034438E-16,
0.866025403038001));
#4503=DIRECTION('ref_axis',(-0.866025403038001,4.85722574529457E-16,0.500000001292869));
#4504=DIRECTION('center_axis',(1.40080297866843E-16,0.630865577275063,-0.775892146763583));
#4505=DIRECTION('ref_axis',(2.4320939828969E-16,0.775892146763583,0.630865577275063));
#4506=DIRECTION('',(0.737703266722893,-0.523824257206245,-0.425913181092928));
#4507=DIRECTION('',(-1.,4.44089209850062E-16,1.80540940453063E-16));
#4508=DIRECTION('center_axis',(1.40080297866843E-16,0.630865577275063,-0.775892146763583));
#4509=DIRECTION('ref_axis',(2.4320939828969E-16,0.775892146763583,0.630865577275063));
#4510=DIRECTION('',(0.737703266722893,-0.523824257206245,-0.425913181092928));
#4511=DIRECTION('center_axis',(9.22615761259661E-33,2.22044604925031E-16,
-1.));
#4512=DIRECTION('ref_axis',(1.,-4.44089209850062E-16,-8.93814555400298E-32));
#4513=DIRECTION('',(7.19683146902599E-17,-1.,-2.22044604925031E-16));
#4514=DIRECTION('center_axis',(0.500000001292869,-1.56312111034438E-16,
0.866025403038001));
#4515=DIRECTION('ref_axis',(0.866025403038,0.,-0.500000001292869));
#4516=CARTESIAN_POINT('',(0.,0.,0.));
#4517=CARTESIAN_POINT('Origin',(-85.057842012216,20.4605215211381,-87.4980215211408));
#4518=CARTESIAN_POINT('',(-85.057842012216,20.4605215211381,-98.9980215211408));
#4519=CARTESIAN_POINT('',(-85.057842012216,20.4605215211381,-87.4980215211408));
#4520=CARTESIAN_POINT('',(-85.057842012216,20.4605215211381,-90.3730215211408));
#4521=CARTESIAN_POINT('',(-85.057842012216,24.9605215211381,-98.9980215211408));
#4522=CARTESIAN_POINT('',(-85.057842012216,20.4605215211381,-98.9980215211408));
#4523=CARTESIAN_POINT('',(-85.057842012216,24.9605215211381,-87.4980215211408));
#4524=CARTESIAN_POINT('',(-85.057842012216,24.9605215211381,-98.9980215211408));
#4525=CARTESIAN_POINT('',(-85.057842012216,20.4605215211381,-87.4980215211408));
#4526=CARTESIAN_POINT('Origin',(-105.987499999999,20.4605215211381,-87.4980215211408));
#4527=CARTESIAN_POINT('',(-105.987499999999,20.4605215211381,-87.4980215211408));
#4528=CARTESIAN_POINT('',(-82.2374999999996,20.4605215211381,-87.4980215211408));
#4529=CARTESIAN_POINT('',(-105.987499999999,24.9605215211381,-87.4980215211408));
#4530=CARTESIAN_POINT('',(-85.057842012216,24.9605215211381,-87.4980215211408));
#4531=CARTESIAN_POINT('',(-105.987499999999,20.4605215211381,-87.4980215211408));
#4532=CARTESIAN_POINT('Origin',(-105.987499999999,20.4605215211381,-98.9980215211408));
#4533=CARTESIAN_POINT('',(-105.987499999999,20.4605215211381,-98.9980215211408));
#4534=CARTESIAN_POINT('',(-105.987499999999,20.4605215211381,-80.1230215211408));
#4535=CARTESIAN_POINT('',(-105.987499999999,24.9605215211381,-98.9980215211408));
#4536=CARTESIAN_POINT('',(-105.987499999999,24.9605215211381,-87.4980215211408));
#4537=CARTESIAN_POINT('',(-105.987499999999,20.4605215211381,-98.9980215211408));
#4538=CARTESIAN_POINT('Origin',(-95.5226710061076,24.9605215211381,-93.2480215211408));
#4539=CARTESIAN_POINT('',(-105.987499999999,24.9605215211381,-98.9980215211408));
#4540=CARTESIAN_POINT('Origin',(-67.9987192801803,40.4605215211381,-85.3980488318348));
#4541=CARTESIAN_POINT('',(-67.9987192801803,20.4605215211381,-49.4980215211408));
#4542=CARTESIAN_POINT('',(-67.9987192801803,20.4605215211381,-67.2544651058048));
#4543=CARTESIAN_POINT('',(-67.9987192801803,20.4605215211381,-89.3230351764878));
#4544=CARTESIAN_POINT('',(-67.9987192801804,20.4421823078314,-49.2277984161296));
#4545=CARTESIAN_POINT('Origin',(-67.9987192801803,18.460521521138,-49.4980215211408));
#4546=CARTESIAN_POINT('',(-67.9987192801803,46.4605215211381,-49.2277984161298));
#4547=CARTESIAN_POINT('',(-67.9987192801804,16.4633000089453,-49.2277984161296));
#4548=CARTESIAN_POINT('',(-67.9987192801803,46.4605215211381,-84.2433482934558));
#4549=CARTESIAN_POINT('',(-67.9987192801803,46.4605215211381,-62.3727984333858));
#4550=CARTESIAN_POINT('',(-67.9987192801803,45.4605215211381,-85.3980488318348));
#4551=CARTESIAN_POINT('Origin',(-67.9987192801803,45.4605215211381,-84.2433482934558));
#4552=CARTESIAN_POINT('',(-67.9987192801803,41.4605215211381,-85.3980488318348));
#4553=CARTESIAN_POINT('',(-67.9987192801803,40.4605215211381,-85.3980488318348));
#4554=CARTESIAN_POINT('',(-67.9987192801803,40.4605215211381,-84.2433482934558));
#4555=CARTESIAN_POINT('Origin',(-67.9987192801803,41.4605215211381,-84.2433482934558));
#4556=CARTESIAN_POINT('',(-67.9987192801803,40.4605215211381,-67.2544651058048));
#4557=CARTESIAN_POINT('',(-67.9987192801803,40.4605215211381,-77.8554862279088));
#4558=CARTESIAN_POINT('',(-67.9987192801803,39.9605215211381,-66.7544651058048));
#4559=CARTESIAN_POINT('Origin',(-67.9987192801803,39.9605215211381,-67.2544651058048));
#4560=CARTESIAN_POINT('',(-67.9987192801803,20.9605215211381,-66.7544651058048));
#4561=CARTESIAN_POINT('',(-67.9987192801803,35.460479470742,-66.7544651058048));
#4562=CARTESIAN_POINT('Origin',(-67.9987192801803,20.9605215211381,-67.2544651058048));
#4563=CARTESIAN_POINT('',(-67.9987192801803,28.360521521138,-59.8695716933248));
#4564=CARTESIAN_POINT('Origin',(-67.9987192801803,30.4605215211381,-59.8695716933248));
#4565=CARTESIAN_POINT('Origin',(-56.8025668574733,13.4605215211381,-90.3980488318348));
#4566=CARTESIAN_POINT('',(-48.9874999999999,13.4605215211381,-91.3980488318348));
#4567=CARTESIAN_POINT('',(-48.9874999999999,12.4605215211381,-90.3980488318348));
#4568=CARTESIAN_POINT('Origin',(-48.9874999999998,13.4605215211381,-90.3980488318348));
#4569=CARTESIAN_POINT('',(-40.5346176356143,13.4605215211381,-91.3980488318348));
#4570=CARTESIAN_POINT('',(-56.8025668574733,13.4605215211381,-91.3980488318348));
#4571=CARTESIAN_POINT('',(-40.5346176356143,12.4605215211381,-90.3980488318348));
#4572=CARTESIAN_POINT('Origin',(-40.5346176356143,13.4605215211381,-90.3980488318348));
#4573=CARTESIAN_POINT('',(-56.8025668574733,12.4605215211381,-90.3980488318348));
#4574=CARTESIAN_POINT('Origin',(-57.6064144347673,20.4605215211381,-91.3980488318348));
#4575=CARTESIAN_POINT('',(-48.9874999999999,19.9605215211381,-91.3980488318348));
#4576=CARTESIAN_POINT('',(-48.9874999999999,0.985521521138067,-91.3980488318348));
#4577=CARTESIAN_POINT('',(-40.5346176356143,19.9605215211381,-91.3980488318348));
#4578=CARTESIAN_POINT('',(-62.6470234221392,19.9605215211381,-91.3980488318348));
#4579=CARTESIAN_POINT('',(-40.5346176356143,25.4605215211381,-91.3980488318348));
#4580=CARTESIAN_POINT('Origin',(-62.6470234221392,19.9605215211381,-90.8980488318348));
#4581=CARTESIAN_POINT('',(-48.9874999999999,20.4605215211381,-90.8980488318348));
#4582=CARTESIAN_POINT('Origin',(-48.9874999999998,19.9605215211381,-90.8980488318348));
#4583=CARTESIAN_POINT('',(-40.5346176356143,20.4605215211381,-90.8980488318348));
#4584=CARTESIAN_POINT('',(-62.6470234221392,20.4605215211381,-90.8980488318348));
#4585=CARTESIAN_POINT('Origin',(-40.5346176356143,19.9605215211381,-90.8980488318348));
#4586=CARTESIAN_POINT('Origin',(-33.4987192801863,39.9605215211381,-79.2988619058608));
#4587=CARTESIAN_POINT('',(-33.4987192801863,40.4605215211381,-87.4187747839538));
#4588=CARTESIAN_POINT('',(-32.9987192801863,39.9605215211381,-87.4187747824618));
#4589=CARTESIAN_POINT('Origin',(-33.4987192801863,39.9605215211381,-87.4187747839538));
#4590=CARTESIAN_POINT('',(-32.9987192801863,39.9605215211381,-69.4350579074298));
#4591=CARTESIAN_POINT('',(-32.9987192801863,39.9605215211381,-79.2988619058608));
#4592=CARTESIAN_POINT('',(-33.4987192801863,40.4605215211381,-69.1463827718408));
#4593=CARTESIAN_POINT('Origin',(-33.4987192801863,39.9605215211381,-69.1463827718408));
#4594=CARTESIAN_POINT('',(-33.4987192801863,40.4605215211381,-79.2988619058608));
#4595=CARTESIAN_POINT('Ctrl Pts',(-32.9987192801863,39.9605215211381,-87.4187747824618));
#4596=CARTESIAN_POINT('Ctrl Pts',(-32.9987192801863,39.9605215210061,-87.5073073713068));
#4597=CARTESIAN_POINT('Ctrl Pts',(-32.9603182119943,40.0016132983191,-87.6408209724198));
#4598=CARTESIAN_POINT('Ctrl Pts',(-32.8604882712783,40.151287397475,-87.7699591203248));
#4599=CARTESIAN_POINT('Ctrl Pts',(-32.7726147233412,40.297857579137,-87.8414370573778));
#4600=CARTESIAN_POINT('Ctrl Pts',(-32.6800726063723,40.466841535898,-87.8879730429568));
#4601=CARTESIAN_POINT('Ctrl Pts',(-32.5554112622503,40.7131640577641,-87.9223140984448));
#4602=CARTESIAN_POINT('Ctrl Pts',(-32.4054913348223,41.0443384000291,-87.9198861591418));
#4603=CARTESIAN_POINT('Ctrl Pts',(-32.2987315675283,41.3193251577611,-87.8804428270738));
#4604=CARTESIAN_POINT('Ctrl Pts',(-32.2496678304653,41.4578399106711,-87.8523341164058));
#4605=CARTESIAN_POINT('Ctrl Pts',(-32.2491933499263,41.4591806477971,-87.8520611886468));
#4606=CARTESIAN_POINT('Ctrl Pts',(-32.2487192795403,41.4605215211381,-87.8517874839808));
#4607=CARTESIAN_POINT('Ctrl Pts',(-32.9987192801863,40.091421215002,-87.4187747825588));
#4608=CARTESIAN_POINT('Ctrl Pts',(-32.9985804077833,40.095722568899,-87.4955108909768));
#4609=CARTESIAN_POINT('Ctrl Pts',(-32.9743411544293,40.133014761836,-87.6006885227798));
#4610=CARTESIAN_POINT('Ctrl Pts',(-32.9030322557072,40.2571440448791,-87.7252245741928));
#4611=CARTESIAN_POINT('Ctrl Pts',(-32.8275764186512,40.3834499111871,-87.8057683494618));
#4612=CARTESIAN_POINT('Ctrl Pts',(-32.7378189894493,40.5337214971961,-87.8661682611778));
#4613=CARTESIAN_POINT('Ctrl Pts',(-32.6057641171593,40.758299597125,-87.9181668659098));
#4614=CARTESIAN_POINT('Ctrl Pts',(-32.4337364644843,41.067331568374,-87.9282979173858));
#4615=CARTESIAN_POINT('Ctrl Pts',(-32.3071297667663,41.3271556631651,-87.8851843792498));
#4616=CARTESIAN_POINT('Ctrl Pts',(-32.2498256860563,41.4579889795661,-87.8524251412848));
#4617=CARTESIAN_POINT('Ctrl Pts',(-32.2492723616475,41.459255140774,-87.8521068060855));
#4618=CARTESIAN_POINT('Ctrl Pts',(-32.2487192795403,41.4605215211381,-87.8517874839808));
#4619=CARTESIAN_POINT('Ctrl Pts',(-33.1072634829013,40.3519773182541,-87.4187747827538));
#4620=CARTESIAN_POINT('Ctrl Pts',(-33.1147383752903,40.364494426552,-87.4919584773538));
#4621=CARTESIAN_POINT('Ctrl Pts',(-33.1093614171553,40.3939844716841,-87.5774453998718));
#4622=CARTESIAN_POINT('Ctrl Pts',(-33.0523683544853,40.4682994194161,-87.7043666220018));
#4623=CARTESIAN_POINT('Ctrl Pts',(-32.9730528733813,40.5546581122811,-87.7965091716038));
#4624=CARTESIAN_POINT('Ctrl Pts',(-32.8680213770213,40.667831188291,-87.8702721987008));
#4625=CARTESIAN_POINT('Ctrl Pts',(-32.7053913066653,40.848975385028,-87.9360473773158));
#4626=CARTESIAN_POINT('Ctrl Pts',(-32.4862574275222,41.1136446028121,-87.9500022453408));
#4627=CARTESIAN_POINT('Ctrl Pts',(-32.3237758319823,41.3428517021601,-87.8947192295548));
#4628=CARTESIAN_POINT('Ctrl Pts',(-32.2501420893803,41.458286887666,-87.8526073618988));
#4629=CARTESIAN_POINT('Ctrl Pts',(-32.2494303850913,41.459404126727,-87.8521980409637));
#4630=CARTESIAN_POINT('Ctrl Pts',(-32.2487192795403,41.4605215211381,-87.8517874839808));
#4631=CARTESIAN_POINT('Ctrl Pts',(-33.3678195861073,40.4605215210821,-87.4187747828348));
#4632=CARTESIAN_POINT('Ctrl Pts',(-33.3891291470233,40.4673635787871,-87.5282600394798));
#4633=CARTESIAN_POINT('Ctrl Pts',(-33.3701862065482,40.4946475648681,-87.6754693446038));
#4634=CARTESIAN_POINT('Ctrl Pts',(-33.2565427686103,40.5743996834691,-87.8242026381018));
#4635=CARTESIAN_POINT('Ctrl Pts',(-33.1363757653683,40.6594128330741,-87.9100694284278));
#4636=CARTESIAN_POINT('Ctrl Pts',(-32.9958991405253,40.7647822809351,-87.9659215502588));
#4637=CARTESIAN_POINT('Ctrl Pts',(-32.7934189323852,40.927710423327,-88.0026270571418));
#4638=CARTESIAN_POINT('Ctrl Pts',(-32.5336486580533,41.1595511179371,-87.9811937483368));
#4639=CARTESIAN_POINT('Ctrl Pts',(-32.3404003836072,41.3585043523641,-87.9043615369508));
#4640=CARTESIAN_POINT('Ctrl Pts',(-32.2504580467663,41.4585850787351,-87.8527898975658));
#4641=CARTESIAN_POINT('Ctrl Pts',(-32.249588408534,41.459553112681,-87.8522892758412));
#4642=CARTESIAN_POINT('Ctrl Pts',(-32.2487192795403,41.4605215211381,-87.8517874839808));
#4643=CARTESIAN_POINT('Ctrl Pts',(-33.4987192799713,40.4605215211381,-87.4187747828348));
#4644=CARTESIAN_POINT('Ctrl Pts',(-33.5242764370162,40.4605215210501,-87.5515736661788));
#4645=CARTESIAN_POINT('Ctrl Pts',(-33.4924165355343,40.487916039257,-87.7407586344138));
#4646=CARTESIAN_POINT('Ctrl Pts',(-33.3466739499332,40.5876987720281,-87.9056474347618));
#4647=CARTESIAN_POINT('Ctrl Pts',(-33.2062063485913,40.6854122264691,-87.9874974320798));
#4648=CARTESIAN_POINT('Ctrl Pts',(-33.0499795828183,40.798068197643,-88.0305868023718));
#4649=CARTESIAN_POINT('Ctrl Pts',(-32.8313471941993,40.9622832122191,-88.0461117552768));
#4650=CARTESIAN_POINT('Ctrl Pts',(-32.5557931083392,41.1830661070641,-87.9991916910178));
#4651=CARTESIAN_POINT('Ctrl Pts',(-32.3486805591733,41.3663906122131,-87.9092078026328));
#4652=CARTESIAN_POINT('Ctrl Pts',(-32.2506160887583,41.4587337808271,-87.8528812556858));
#4653=CARTESIAN_POINT('Ctrl Pts',(-32.2496674202553,41.4596276056571,-87.8523348932798));
#4654=CARTESIAN_POINT('Ctrl Pts',(-32.2487192795403,41.4605215211381,-87.8517874839808));
#4655=CARTESIAN_POINT('',(-32.2487192795403,41.4605215211381,-87.8517874839808));
#4656=CARTESIAN_POINT('Ctrl Pts',(-33.4987192801863,40.4605215211381,-87.4187747839538));
#4657=CARTESIAN_POINT('Ctrl Pts',(-33.5242764368962,40.4605215211531,-87.5515736668878));
#4658=CARTESIAN_POINT('Ctrl Pts',(-33.4924165353293,40.4879160393981,-87.7407586346458));
#4659=CARTESIAN_POINT('Ctrl Pts',(-33.3466739499332,40.5876987720281,-87.9056474347618));
#4660=CARTESIAN_POINT('Ctrl Pts',(-33.2062063485913,40.6854122264691,-87.9874974320798));
#4661=CARTESIAN_POINT('Ctrl Pts',(-33.0499795828183,40.798068197643,-88.0305868023718));
#4662=CARTESIAN_POINT('Ctrl Pts',(-32.8313471941993,40.9622832122191,-88.0461117552768));
#4663=CARTESIAN_POINT('Ctrl Pts',(-32.5557931083392,41.1830661070641,-87.9991916910178));
#4664=CARTESIAN_POINT('Ctrl Pts',(-32.3486805591733,41.3663906122131,-87.9092078026328));
#4665=CARTESIAN_POINT('Ctrl Pts',(-32.2506160887583,41.4587337808271,-87.8528812556858));
#4666=CARTESIAN_POINT('Ctrl Pts',(-32.2496674202553,41.4596276056571,-87.8523348932798));
#4667=CARTESIAN_POINT('Ctrl Pts',(-32.2487192795403,41.4605215211381,-87.8517874839808));
#4668=CARTESIAN_POINT('Ctrl Pts',(-32.2487192795403,41.4605215211381,-87.8517874839808));
#4669=CARTESIAN_POINT('Ctrl Pts',(-32.2491933499263,41.4591806477971,-87.8520611886468));
#4670=CARTESIAN_POINT('Ctrl Pts',(-32.2496678304653,41.4578399106711,-87.8523341164058));
#4671=CARTESIAN_POINT('Ctrl Pts',(-32.2987315675283,41.3193251577611,-87.8804428270738));
#4672=CARTESIAN_POINT('Ctrl Pts',(-32.4054913348223,41.0443384000291,-87.9198861591418));
#4673=CARTESIAN_POINT('Ctrl Pts',(-32.5554112622503,40.7131640577641,-87.9223140984448));
#4674=CARTESIAN_POINT('Ctrl Pts',(-32.6800726063723,40.466841535898,-87.8879730429568));
#4675=CARTESIAN_POINT('Ctrl Pts',(-32.7726147233412,40.297857579137,-87.8414370573778));
#4676=CARTESIAN_POINT('Ctrl Pts',(-32.8604882712783,40.151287397475,-87.7699591203248));
#4677=CARTESIAN_POINT('Ctrl Pts',(-32.9603182119943,40.0016132983191,-87.6408209724198));
#4678=CARTESIAN_POINT('Ctrl Pts',(-32.9987192801863,39.9605215210061,-87.5073073713068));
#4679=CARTESIAN_POINT('Ctrl Pts',(-32.9987192801863,39.9605215211381,-87.4187747824618));
#4680=CARTESIAN_POINT('Origin',(-32.4987192801863,30.4605215211381,-87.4187747824618));
#4681=CARTESIAN_POINT('',(-32.2487192795403,20.9605215211381,-87.8517874839808));
#4682=CARTESIAN_POINT('',(-32.2487192795403,30.4605215211381,-87.8517874839808));
#4683=CARTESIAN_POINT('',(-32.9987192801863,20.9605215211381,-87.4187747824618));
#4684=CARTESIAN_POINT('Origin',(-32.4987192801863,20.9605215211381,-87.4187747824618));
#4685=CARTESIAN_POINT('',(-32.9987192801863,30.4605215211381,-87.4187747824618));
#4686=CARTESIAN_POINT('Origin',(-34.4831748093092,41.4605215211381,-87.9871504506578));
#4687=CARTESIAN_POINT('',(-37.0346176265642,40.4605215211381,-89.4602266531008));
#4688=CARTESIAN_POINT('',(-34.4831748093092,40.4605215211381,-87.9871504506578));
#4689=CARTESIAN_POINT('',(-36.5346176252723,41.4605215211381,-90.3262520561388));
#4690=CARTESIAN_POINT('Origin',(-37.0346176265642,41.4605215211381,-89.4602266531008));
#4691=CARTESIAN_POINT('',(-33.9831748080172,41.4605215211381,-88.8531758536958));
#4692=CARTESIAN_POINT('Origin',(-48.2645980479573,40.4605215211381,-70.3129236239818));
#4693=CARTESIAN_POINT('',(-60.9916124989932,40.4605215211381,-53.2733534164358));
#4694=CARTESIAN_POINT('',(-49.1946228294263,40.4605215211381,-60.0843486012698));
#4695=CARTESIAN_POINT('',(-60.9916124989932,40.4605215211381,-66.2544651058049));
#4696=CARTESIAN_POINT('',(-60.9916124989932,40.4605215211381,-68.5336943648929));
#4697=CARTESIAN_POINT('',(-61.9916124989933,40.4605215211381,-67.2544651058048));
#4698=CARTESIAN_POINT('Origin',(-61.9916124989933,40.4605215211381,-66.2544651058049));
#4699=CARTESIAN_POINT('',(-42.9531201194773,40.4605215211381,-67.2544651058048));
#4700=CARTESIAN_POINT('',(-58.9628208953183,40.4605215211381,-89.4602266583258));
#4701=CARTESIAN_POINT('',(-56.3181113140963,40.4605215211381,-90.9871504469728));
#4702=CARTESIAN_POINT('',(-55.4628208953183,40.4605215211381,-90.3980488318348));
#4703=CARTESIAN_POINT('Origin',(-55.4628208953183,40.4605215211381,-83.3980488318348));
#4704=CARTESIAN_POINT('',(-40.5346176356143,40.4605215211381,-90.3980488318348));
#4705=CARTESIAN_POINT('',(-43.1948716849733,40.4605215211381,-90.3980488318348));
#4706=CARTESIAN_POINT('Origin',(-40.5346176356143,40.4605215211381,-83.3980488318348));
#4707=CARTESIAN_POINT('',(-55.9987192801803,40.4605215211381,-75.0480488318348));
#4708=CARTESIAN_POINT('',(-55.9987192801803,40.4605215211381,-81.7480488318348));
#4709=CARTESIAN_POINT('Origin',(-55.9987192801803,40.4605215211381,-78.3980488318348));
#4710=CARTESIAN_POINT('',(-50.9987192801803,40.4605215211381,-75.0480488318348));
#4711=CARTESIAN_POINT('',(-51.9987192801803,40.4605215211381,-75.0480488318348));
#4712=CARTESIAN_POINT('',(-50.9987192801803,40.4605215211381,-81.7480488318348));
#4713=CARTESIAN_POINT('Origin',(-50.9987192801803,40.4605215211381,-78.3980488318348));
#4714=CARTESIAN_POINT('',(-49.4987192801803,40.4605215211381,-81.7480488318348));
#4715=CARTESIAN_POINT('Ctrl Pts',(-33.4987192801863,20.4605215211381,-87.9961250536418));
#4716=CARTESIAN_POINT('Ctrl Pts',(-33.3865195425582,20.4605215211381,-87.8665679557498));
#4717=CARTESIAN_POINT('Ctrl Pts',(-33.2002123634003,20.5261136477461,-87.6514389549308));
#4718=CARTESIAN_POINT('Ctrl Pts',(-33.0329687746143,20.7363968522041,-87.4583226922528));
#4719=CARTESIAN_POINT('Ctrl Pts',(-32.9987192801863,20.8857216960531,-87.4187747824618));
#4720=CARTESIAN_POINT('Ctrl Pts',(-32.9987192801863,20.9605215211381,-87.4187747824618));
#4721=CARTESIAN_POINT('Ctrl Pts',(-33.4613193675472,20.4605215211381,-88.0609036023078));
#4722=CARTESIAN_POINT('Ctrl Pts',(-33.3464627791933,20.468937681452,-87.9359806801018));
#4723=CARTESIAN_POINT('Ctrl Pts',(-33.1652403434373,20.5523959953951,-87.7308609397288));
#4724=CARTESIAN_POINT('Ctrl Pts',(-33.0242556317972,20.761818715864,-87.5535753196628));
#4725=CARTESIAN_POINT('Ctrl Pts',(-32.9987192801863,20.894374356932,-87.5185078826468));
#4726=CARTESIAN_POINT('Ctrl Pts',(-32.9987192801863,20.9605215211381,-87.5185078826468));
#4727=CARTESIAN_POINT('Ctrl Pts',(-33.3866584727743,20.4262697664231,-88.1902200649468));
#4728=CARTESIAN_POINT('Ctrl Pts',(-33.2587961098373,20.4464754289271,-88.0745133811588));
#4729=CARTESIAN_POINT('Ctrl Pts',(-33.0687000701563,20.560668044656,-87.8891048762898));
#4730=CARTESIAN_POINT('Ctrl Pts',(-32.9521457116573,20.7848369908791,-87.7432678083008));
#4731=CARTESIAN_POINT('Ctrl Pts',(-32.9371884480113,20.9023334139841,-87.7170213287448));
#4732=CARTESIAN_POINT('Ctrl Pts',(-32.9371884480113,20.9605215211381,-87.7170213287448));
#4733=CARTESIAN_POINT('Ctrl Pts',(-33.2815176331623,20.2590262733861,-88.3723293404768));
#4734=CARTESIAN_POINT('Ctrl Pts',(-33.1122342428912,20.2801639289671,-88.2633446072938));
#4735=CARTESIAN_POINT('Ctrl Pts',(-32.8528368930633,20.4196167494121,-88.0922469669658));
#4736=CARTESIAN_POINT('Ctrl Pts',(-32.6776284883853,20.7157680526851,-87.9665438184898));
#4737=CARTESIAN_POINT('Ctrl Pts',(-32.6517507884992,20.8793576832811,-87.9458798814888));
#4738=CARTESIAN_POINT('Ctrl Pts',(-32.6517507884992,20.9605215211381,-87.9458798814888));
#4739=CARTESIAN_POINT('Ctrl Pts',(-33.2487192795403,20.072721258766,-88.4291377551608));
#4740=CARTESIAN_POINT('Ctrl Pts',(-33.0431465129543,20.0807850849451,-88.3106338192728));
#4741=CARTESIAN_POINT('Ctrl Pts',(-32.7096570464992,20.2154846628461,-88.1175580469408));
#4742=CARTESIAN_POINT('Ctrl Pts',(-32.4314600686242,20.5893550255431,-87.9575459667968));
#4743=CARTESIAN_POINT('Ctrl Pts',(-32.3782763769663,20.836866402188,-87.9265873093128));
#4744=CARTESIAN_POINT('Ctrl Pts',(-32.3782763769663,20.9605215211381,-87.9265873093128));
#4745=CARTESIAN_POINT('Ctrl Pts',(-33.2487192795403,19.9605215211381,-88.4291377551608));
#4746=CARTESIAN_POINT('Ctrl Pts',(-33.0243198042833,19.9605215211381,-88.2995806572688));
#4747=CARTESIAN_POINT('Ctrl Pts',(-32.6517054459693,20.091705774354,-88.0844516564498));
#4748=CARTESIAN_POINT('Ctrl Pts',(-32.3172182683953,20.512272183269,-87.8913353937718));
#4749=CARTESIAN_POINT('Ctrl Pts',(-32.2487192795403,20.810921870967,-87.8517874839808));
#4750=CARTESIAN_POINT('Ctrl Pts',(-32.2487192795403,20.9605215211381,-87.8517874839808));
#4751=CARTESIAN_POINT('',(-33.4987192801863,20.4605215211381,-87.9961250536418));
#4752=CARTESIAN_POINT('',(-33.2487192795403,19.9605215211381,-88.4291377551608));
#4753=CARTESIAN_POINT('Origin',(-33.4987192801863,19.9605215211381,-87.9961250536418));
#4754=CARTESIAN_POINT('Origin',(-33.4987192801863,20.9605215211381,-87.9961250536418));
#4755=CARTESIAN_POINT('Origin',(-33.2487192795403,20.9605215211381,-88.4291377551608));
#4756=CARTESIAN_POINT('Origin',(-33.4987192801863,20.9605215211381,-84.4570426821128));
#4757=CARTESIAN_POINT('',(-33.4987192801863,20.4605215211381,-69.1463827718408));
#4758=CARTESIAN_POINT('',(-32.9987192801863,20.9605215211381,-69.4350579074298));
#4759=CARTESIAN_POINT('Origin',(-33.4987192801863,20.9605215211381,-69.1463827718408));
#4760=CARTESIAN_POINT('',(-32.9987192801863,20.9605215211381,-84.4570426821128));
#4761=CARTESIAN_POINT('',(-33.4987192801863,20.4605215211381,-84.4570426821128));
#4762=CARTESIAN_POINT('Origin',(-42.0995940593463,19.9605215211381,-92.9618424397758));
#4763=CARTESIAN_POINT('',(-36.5346176252723,19.9605215211381,-90.3262520561388));
#4764=CARTESIAN_POINT('',(-36.7846176259183,20.4605215211381,-89.8932393546198));
#4765=CARTESIAN_POINT('Origin',(-36.7846176259183,19.9605215211381,-89.8932393546198));
#4766=CARTESIAN_POINT('',(-42.0995940593463,20.4605215211381,-92.9618424397758));
#4767=CARTESIAN_POINT('',(-41.8495940587002,19.9605215211381,-93.3948551412948));
#4768=CARTESIAN_POINT('Origin',(-40.5346176356143,19.9605215211381,-83.3980488318348));
#4769=CARTESIAN_POINT('Origin',(-40.5346176356143,20.4605215211381,-83.3980488318348));
#4770=CARTESIAN_POINT('Origin',(-40.5346176356143,19.9605215211381,-83.3980488318348));
#4771=CARTESIAN_POINT('Origin',(-40.5346176356143,25.4605215211381,-83.3980488318348));
#4772=CARTESIAN_POINT('',(-36.5346176252723,14.054021409676,-90.3262520561388));
#4773=CARTESIAN_POINT('',(-36.5346176252723,25.4605215211381,-90.3262520561388));
#4774=CARTESIAN_POINT('',(-36.9095337812413,13.9277505719271,-90.5295821205998));
#4775=CARTESIAN_POINT('Origin',(-40.5346176356143,12.7068312599271,-83.3980488318348));
#4776=CARTESIAN_POINT('',(-39.7832920344943,13.4605215211381,-91.3626900567178));
#4777=CARTESIAN_POINT('Ctrl Pts',(-39.7832920344943,13.4605215211381,-91.3626900567178));
#4778=CARTESIAN_POINT('Ctrl Pts',(-38.7641738520273,13.4605215211381,-91.2665539522238));
#4779=CARTESIAN_POINT('Ctrl Pts',(-37.7726548491842,13.6370535224851,-90.9683217465788));
#4780=CARTESIAN_POINT('Ctrl Pts',(-36.9095337812413,13.9277505719271,-90.5295821205998));
#4781=CARTESIAN_POINT('Origin',(-40.5346176356143,13.4605215211381,-83.3980488318348));
#4782=CARTESIAN_POINT('Origin',(-27.9987192801803,30.4605215211381,-85.3980488318348));
#4783=CARTESIAN_POINT('',(-36.5346176252723,45.1811807590721,-90.3262520561388));
#4784=CARTESIAN_POINT('',(-36.5346176252723,35.4605215211381,-90.3262520561388));
#4785=CARTESIAN_POINT('',(-28.4987192788883,43.634626034979,-85.6867239666778));
#4786=CARTESIAN_POINT('',(-26.8993224196382,43.326812936586,-84.7633117562658));
#4787=CARTESIAN_POINT('',(-28.4987192788883,32.8939053090861,-85.6867239666788));
#4788=CARTESIAN_POINT('',(-28.4987192788883,30.4605215211381,-85.6867239666788));
#4789=CARTESIAN_POINT('',(-28.6608814410503,32.3289685731291,-85.7803483349778));
#4790=CARTESIAN_POINT('Origin',(-29.2943838518293,32.7137069391661,-86.1461011236298));
#4791=CARTESIAN_POINT('',(-28.6608814410503,28.340707110784,-85.7803483349778));
#4792=CARTESIAN_POINT('Ctrl Pts',(-28.6608814410503,28.340707110784,-85.7803483349778));
#4793=CARTESIAN_POINT('Ctrl Pts',(-28.7592149179513,28.5046548485741,-85.8371211945328));
#4794=CARTESIAN_POINT('Ctrl Pts',(-28.9222541779133,28.8580650527001,-85.9312519554848));
#4795=CARTESIAN_POINT('Ctrl Pts',(-29.0662126337813,29.4372980612861,-86.0143664090198));
#4796=CARTESIAN_POINT('Ctrl Pts',(-29.0998530795723,30.0359957937581,-86.0337887295198));
#4797=CARTESIAN_POINT('Ctrl Pts',(-29.1010138495793,30.6339510421501,-86.0344589003978));
#4798=CARTESIAN_POINT('Ctrl Pts',(-29.0675969150473,31.232436662822,-86.0151656241838));
#4799=CARTESIAN_POINT('Ctrl Pts',(-28.9233991483542,31.8116948226351,-85.9319130044798));
#4800=CARTESIAN_POINT('Ctrl Pts',(-28.7592149179513,32.165020835339,-85.8371211945328));
#4801=CARTESIAN_POINT('Ctrl Pts',(-28.6608814410503,32.3289685731291,-85.7803483349778));
#4802=CARTESIAN_POINT('',(-28.4987192788883,27.7757703748271,-85.6867239666788));
#4803=CARTESIAN_POINT('Ctrl Pts',(-28.4987192788883,27.7757703748271,-85.6867239666788));
#4804=CARTESIAN_POINT('Ctrl Pts',(-28.4987192788883,27.9772554482651,-85.6867239666788));
#4805=CARTESIAN_POINT('Ctrl Pts',(-28.5615336221353,28.1750681983931,-85.7229898447868));
#4806=CARTESIAN_POINT('Ctrl Pts',(-28.6608814410503,28.340707110784,-85.7803483349778));
#4807=CARTESIAN_POINT('',(-28.4987192788883,17.1471308578611,-85.6867239666788));
#4808=CARTESIAN_POINT('',(-28.4987192788883,30.4605215211381,-85.6867239666788));
#4809=CARTESIAN_POINT('',(-26.3758968300513,17.9642295679601,-84.4611118501758));
#4810=CARTESIAN_POINT('Origin',(-52.6646373002543,20.9605215211381,-67.2544651058048));
#4811=CARTESIAN_POINT('',(-61.9916124989933,20.9605215211381,-66.7544651058048));
#4812=CARTESIAN_POINT('',(-61.9916124989933,20.4605215211381,-67.2544651058048));
#4813=CARTESIAN_POINT('Origin',(-61.9916124989933,20.9605215211381,-67.2544651058048));
#4814=CARTESIAN_POINT('',(-52.6646373002543,20.4605215211381,-67.2544651058048));
#4815=CARTESIAN_POINT('',(-52.6646373002543,20.9605215211381,-66.7544651058048));
#4816=CARTESIAN_POINT('Origin',(-61.9916124989933,20.9605215211381,-66.2544651058049));
#4817=CARTESIAN_POINT('',(-61.4916124989932,20.9605215211381,-66.2544651058049));
#4818=CARTESIAN_POINT('',(-60.9916124989932,20.4605215211381,-66.2544651058049));
#4819=CARTESIAN_POINT('Origin',(-60.9916124989932,20.9605215211381,-66.2544651058049));
#4820=CARTESIAN_POINT('Origin',(-61.9916124989933,20.4605215211381,-66.2544651058049));
#4821=CARTESIAN_POINT('Origin',(-61.9916124989933,20.9605215211381,-66.2544651058049));
#4822=CARTESIAN_POINT('Origin',(-60.9916124989932,20.9605215211381,-73.6918751411458));
#4823=CARTESIAN_POINT('',(-61.4916124989932,20.9605215211381,-52.9846782808458));
#4824=CARTESIAN_POINT('',(-60.9916124989932,20.4605215211381,-53.2733534164358));
#4825=CARTESIAN_POINT('Origin',(-60.9916124989932,20.9605215211381,-53.2733534164358));
#4826=CARTESIAN_POINT('',(-60.9916124989932,20.4605215211381,-73.6918751411458));
#4827=CARTESIAN_POINT('',(-61.4916124989932,20.9605215211381,-73.6918751411458));
#4828=CARTESIAN_POINT('Origin',(-61.4916124989932,40.1676283023251,-66.7544651058048));
#4829=CARTESIAN_POINT('',(-61.4916124989932,39.9605215211381,-66.2544651058049));
#4830=CARTESIAN_POINT('',(-61.4916124989932,30.3140749117321,-66.2544651058049));
#4831=CARTESIAN_POINT('',(-61.4916124989932,39.9605215211381,-52.9846782808458));
#4832=CARTESIAN_POINT('',(-61.4916124989932,39.9605215211381,-68.5336943648929));
#4833=CARTESIAN_POINT('',(-61.4916124989932,22.3147514658761,-52.9846782808458));
#4834=CARTESIAN_POINT('',(-61.4916124989943,26.8605215211381,-59.8695716933248));
#4835=CARTESIAN_POINT('Origin',(-61.4916124989932,30.4605215211381,-59.8695716933248));
#4836=CARTESIAN_POINT('Origin',(-61.9916124989933,30.3140749117321,-66.2544651058049));
#4837=CARTESIAN_POINT('',(-61.9916124989933,39.9605215211381,-66.7544651058048));
#4838=CARTESIAN_POINT('',(-61.9916124989933,30.3140749117321,-66.7544651058048));
#4839=CARTESIAN_POINT('Origin',(-61.9916124989933,39.9605215211381,-66.2544651058049));
#4840=CARTESIAN_POINT('Origin',(-37.6416421909973,20.4605215211381,-66.7544651058048));
#4841=CARTESIAN_POINT('',(-42.9531201194773,39.9605215211381,-66.7544651058048));
#4842=CARTESIAN_POINT('Origin',(-60.9916124989932,39.9605215211381,-68.5336943648929));
#4843=CARTESIAN_POINT('Origin',(-60.9916124989932,39.9605215211381,-66.2544651058049));
#4844=CARTESIAN_POINT('Origin',(-60.9916124989932,39.9605215211381,-53.2733534164358));
#4845=CARTESIAN_POINT('Origin',(-61.9916124989933,39.9605215211381,-66.2544651058049));
#4846=CARTESIAN_POINT('Origin',(-61.9916124989933,39.9605215211381,-67.2544651058048));
#4847=CARTESIAN_POINT('Origin',(-42.9531201194773,39.9605215211381,-67.2544651058048));
#4848=CARTESIAN_POINT('Origin',(-61.4916124989943,30.4605215211381,-59.8695716933248));
#4849=CARTESIAN_POINT('',(-64.9987192801802,26.8605215211381,-59.8695716933248));
#4850=CARTESIAN_POINT('',(-61.4916124989943,26.8605215211381,-59.8695716933248));
#4851=CARTESIAN_POINT('Origin',(-64.9987192801802,30.4605215211381,-59.8695716933248));
#4852=CARTESIAN_POINT('Origin',(-64.9987192801802,30.4605215211381,-59.8695716933248));
#4853=CARTESIAN_POINT('',(-64.9987192801802,28.360521521138,-59.8695716933248));
#4854=CARTESIAN_POINT('Origin',(-64.9987192801802,30.4605215211381,-59.8695716933248));
#4855=CARTESIAN_POINT('Origin',(-61.4916124989943,30.4605215211381,-59.8695716933248));
#4856=CARTESIAN_POINT('',(-61.4916124989943,28.360521521138,-59.8695716933248));
#4857=CARTESIAN_POINT('Ctrl Pts',(-28.4987341813172,27.7703975537381,-85.6867325706008));
#4858=CARTESIAN_POINT('Ctrl Pts',(-28.4975957243402,27.9755280842031,-85.6860752821558));
#4859=CARTESIAN_POINT('Ctrl Pts',(-28.5617663965743,28.1771169690811,-85.7231242371718));
#4860=CARTESIAN_POINT('Ctrl Pts',(-28.6635388789473,28.345115711996,-85.7818826074678));
#4861=CARTESIAN_POINT('Ctrl Pts',(-28.3476686350453,27.7693267589821,-85.5995137142568));
#4862=CARTESIAN_POINT('Ctrl Pts',(-28.3432481368843,28.0153380935381,-85.5970078008228));
#4863=CARTESIAN_POINT('Ctrl Pts',(-28.4110467068002,28.257249338955,-85.6358025389888));
#4864=CARTESIAN_POINT('Ctrl Pts',(-28.5175674338183,28.4629383310481,-85.6976139679478));
#4865=CARTESIAN_POINT('Ctrl Pts',(-28.0924254036103,27.7671876333281,-85.3440970207198));
#4866=CARTESIAN_POINT('Ctrl Pts',(-28.0834858353113,28.0948633009251,-85.3344716726168));
#4867=CARTESIAN_POINT('Ctrl Pts',(-28.1637034019212,28.4176941335841,-85.3675869093768));
#4868=CARTESIAN_POINT('Ctrl Pts',(-28.2916283496873,28.698297172581,-85.4155647341918));
#4869=CARTESIAN_POINT('Ctrl Pts',(-27.9987455049942,27.7656170269351,-84.9953399599428));
#4870=CARTESIAN_POINT('Ctrl Pts',(-27.9928932314662,28.1532804524581,-84.9765857462328));
#4871=CARTESIAN_POINT('Ctrl Pts',(-28.1031858506583,28.5324459152331,-84.9932798025298));
#4872=CARTESIAN_POINT('Ctrl Pts',(-28.2795523662423,28.847052676279,-85.0108927025098));
#4873=CARTESIAN_POINT('Ctrl Pts',(-27.9987489341332,27.7650833011691,-84.8207133305018));
#4874=CARTESIAN_POINT('Ctrl Pts',(-27.9964835619513,28.173140462401,-84.7983978756838));
#4875=CARTESIAN_POINT('Ctrl Pts',(-28.1248831954102,28.5704980496131,-84.8079317486318));
#4876=CARTESIAN_POINT('Ctrl Pts',(-28.3285159393863,28.8859609719821,-84.8147544446238));
#4877=CARTESIAN_POINT('',(-28.3230436045042,28.8775530294521,-84.8152057432378));
#4878=CARTESIAN_POINT('Origin',(-29.1608814423432,28.340707110784,-84.9143229319398));
#4879=CARTESIAN_POINT('',(-27.9987192801803,27.7757703748271,-84.8206985636408));
#4880=CARTESIAN_POINT('Ctrl Pts',(-28.3230436045053,28.8775530294511,-84.8152057432378));
#4881=CARTESIAN_POINT('Ctrl Pts',(-28.2922781499433,28.8293445292661,-84.8141557271848));
#4882=CARTESIAN_POINT('Ctrl Pts',(-28.2631645636943,28.7793742050551,-84.8131252920038));
#4883=CARTESIAN_POINT('Ctrl Pts',(-28.2087701991823,28.6761963676121,-84.8112189285048));
#4884=CARTESIAN_POINT('Ctrl Pts',(-28.1834911456093,28.6229879226491,-84.8103431296588));
#4885=CARTESIAN_POINT('Ctrl Pts',(-28.1372382073783,28.513640341558,-84.8089149665098));
#4886=CARTESIAN_POINT('Ctrl Pts',(-28.1162721852533,28.4574965420801,-84.8083633255148));
#4887=CARTESIAN_POINT('Ctrl Pts',(-28.0790679392413,28.342570570824,-84.8078056584468));
#4888=CARTESIAN_POINT('Ctrl Pts',(-28.0628514427772,28.28377806317,-84.8078023072018));
#4889=CARTESIAN_POINT('Ctrl Pts',(-28.0356314878392,28.164191712045,-84.8086168196428));
#4890=CARTESIAN_POINT('Ctrl Pts',(-28.0246400861552,28.103393996535,-84.8094368587308));
#4891=CARTESIAN_POINT('Ctrl Pts',(-28.0082172453093,27.980352900868,-84.8122108948548));
#4892=CARTESIAN_POINT('Ctrl Pts',(-28.0028017772423,27.9181062892851,-84.8141684795888));
#4893=CARTESIAN_POINT('Ctrl Pts',(-27.9992513022713,27.8290032717071,-84.8180032722428));
#4894=CARTESIAN_POINT('Ctrl Pts',(-27.9987192801813,27.802401406879,-84.8192781831808));
#4895=CARTESIAN_POINT('Ctrl Pts',(-27.9987192801813,27.7757703748271,-84.8206985636408));
#4896=CARTESIAN_POINT('Origin',(-28.9987192801803,27.7757703748271,-84.8206985636408));
#4897=CARTESIAN_POINT('Ctrl Pts',(-28.6608814410503,28.340707110784,-85.7803483349778));
#4898=CARTESIAN_POINT('Ctrl Pts',(-28.7592149179513,28.5046548485741,-85.8371211945328));
#4899=CARTESIAN_POINT('Ctrl Pts',(-28.9222541779133,28.8580650527001,-85.9312519554848));
#4900=CARTESIAN_POINT('Ctrl Pts',(-29.0662126337813,29.4372980612861,-86.0143664090198));
#4901=CARTESIAN_POINT('Ctrl Pts',(-29.0998530795723,30.0359957937581,-86.0337887295198));
#4902=CARTESIAN_POINT('Ctrl Pts',(-29.1010138495793,30.6339510421501,-86.0344589003978));
#4903=CARTESIAN_POINT('Ctrl Pts',(-29.0675969150473,31.232436662822,-86.0151656241838));
#4904=CARTESIAN_POINT('Ctrl Pts',(-28.9233991483542,31.8116948226351,-85.9319130044798));
#4905=CARTESIAN_POINT('Ctrl Pts',(-28.7592149179513,32.165020835339,-85.8371211945328));
#4906=CARTESIAN_POINT('Ctrl Pts',(-28.6608814410503,32.3289685731291,-85.7803483349778));
#4907=CARTESIAN_POINT('Ctrl Pts',(-28.5147858698363,28.45754178583,-85.6960000173198));
#4908=CARTESIAN_POINT('Ctrl Pts',(-28.6065283489742,28.608186722304,-85.7489442938358));
#4909=CARTESIAN_POINT('Ctrl Pts',(-28.7608242119182,28.933452330687,-85.8379618456158));
#4910=CARTESIAN_POINT('Ctrl Pts',(-28.8985842869972,29.4696469513271,-85.9174123620558));
#4911=CARTESIAN_POINT('Ctrl Pts',(-28.9455273757832,30.0340055009691,-85.9442976028418));
#4912=CARTESIAN_POINT('Ctrl Pts',(-28.9458557273093,30.636028017678,-85.9444963087478));
#4913=CARTESIAN_POINT('Ctrl Pts',(-28.8990532781992,31.200020240765,-85.9176928314928));
#4914=CARTESIAN_POINT('Ctrl Pts',(-28.7610720203533,31.7363498595701,-85.8381146120268));
#4915=CARTESIAN_POINT('Ctrl Pts',(-28.6065283489742,32.061488961609,-85.7489442938358));
#4916=CARTESIAN_POINT('Ctrl Pts',(-28.5147858698363,32.212133898082,-85.6960000173198));
#4917=CARTESIAN_POINT('Ctrl Pts',(-28.2884097778472,28.690811464644,-85.4144625353408));
#4918=CARTESIAN_POINT('Ctrl Pts',(-28.3660971363082,28.8149555079221,-85.4613030487888));
#4919=CARTESIAN_POINT('Ctrl Pts',(-28.5000789375013,29.083976789064,-85.5449564784348));
#4920=CARTESIAN_POINT('Ctrl Pts',(-28.6221663658203,29.5343394207281,-85.6225725941258));
#4921=CARTESIAN_POINT('Ctrl Pts',(-28.6853348713782,30.0300688804421,-85.6816556389558));
#4922=CARTESIAN_POINT('Ctrl Pts',(-28.6844970853403,30.6401141371491,-85.6800743710788));
#4923=CARTESIAN_POINT('Ctrl Pts',(-28.6213436351743,31.1351830225621,-85.6209128815888));
#4924=CARTESIAN_POINT('Ctrl Pts',(-28.4990741374133,31.585870846995,-85.5431836987248));
#4925=CARTESIAN_POINT('Ctrl Pts',(-28.3660971363082,31.854720175991,-85.4613030487888));
#4926=CARTESIAN_POINT('Ctrl Pts',(-28.2884097778472,31.9788642192691,-85.4144625353408));
#4927=CARTESIAN_POINT('Ctrl Pts',(-28.2749617590022,28.8386376287841,-85.0108652015758));
#4928=CARTESIAN_POINT('Ctrl Pts',(-28.3410245016672,28.946947694935,-85.0554786145858));
#4929=CARTESIAN_POINT('Ctrl Pts',(-28.4532446505543,29.1820394924241,-85.1412206914938));
#4930=CARTESIAN_POINT('Ctrl Pts',(-28.5542475536153,29.5785086894191,-85.2225987464808));
#4931=CARTESIAN_POINT('Ctrl Pts',(-28.5957248709923,30.0278933131001,-85.3230366219188));
#4932=CARTESIAN_POINT('Ctrl Pts',(-28.5955911458672,30.6426289046891,-85.3191365008358));
#4933=CARTESIAN_POINT('Ctrl Pts',(-28.5541834328003,31.0909590994641,-85.2184630092718));
#4934=CARTESIAN_POINT('Ctrl Pts',(-28.4530217655113,31.4879323079511,-85.1369517291128));
#4935=CARTESIAN_POINT('Ctrl Pts',(-28.3410245016672,31.722727988978,-85.0554786145858));
#4936=CARTESIAN_POINT('Ctrl Pts',(-28.2749617590022,31.8310380551291,-85.0108652015758));
#4937=CARTESIAN_POINT('Ctrl Pts',(-28.3230436045042,28.8775530294521,-84.8152057432378));
#4938=CARTESIAN_POINT('Ctrl Pts',(-28.3849572751453,28.9823514457971,-84.8594663423588));
#4939=CARTESIAN_POINT('Ctrl Pts',(-28.4876116240113,29.2092962707481,-84.9466961725478));
#4940=CARTESIAN_POINT('Ctrl Pts',(-28.5782521332612,29.5921225560021,-85.0292256573148));
#4941=CARTESIAN_POINT('Ctrl Pts',(-28.5994331546853,30.027604000624,-85.1446651749078));
#4942=CARTESIAN_POINT('Ctrl Pts',(-28.6001640098743,30.643085384027,-85.1398296149878));
#4943=CARTESIAN_POINT('Ctrl Pts',(-28.5791237177622,31.077326982126,-85.0241177628638));
#4944=CARTESIAN_POINT('Ctrl Pts',(-28.4883325313263,31.460661832257,-84.9414317544028));
#4945=CARTESIAN_POINT('Ctrl Pts',(-28.3849572751453,31.687324238117,-84.8594663423588));
#4946=CARTESIAN_POINT('Ctrl Pts',(-28.3230436045042,31.792122654461,-84.8152057432378));
#4947=CARTESIAN_POINT('',(-28.3230436045042,31.792122654461,-84.8152057432378));
#4948=CARTESIAN_POINT('Origin',(-29.1608814423432,32.3289685731291,-84.9143229319398));
#4949=CARTESIAN_POINT('Ctrl Pts',(-28.3230436045042,31.792122654461,-84.8152057432378));
#4950=CARTESIAN_POINT('Ctrl Pts',(-28.3849572751453,31.687324238117,-84.8594663423588));
#4951=CARTESIAN_POINT('Ctrl Pts',(-28.4883325313263,31.460661832257,-84.9414317544028));
#4952=CARTESIAN_POINT('Ctrl Pts',(-28.5791237177622,31.077326982126,-85.0241177628638));
#4953=CARTESIAN_POINT('Ctrl Pts',(-28.6001640098743,30.643085384027,-85.1398296149878));
#4954=CARTESIAN_POINT('Ctrl Pts',(-28.5994331546853,30.027604000624,-85.1446651749078));
#4955=CARTESIAN_POINT('Ctrl Pts',(-28.5782521332612,29.5921225560021,-85.0292256573148));
#4956=CARTESIAN_POINT('Ctrl Pts',(-28.4876116240113,29.2092962707481,-84.9466961725478));
#4957=CARTESIAN_POINT('Ctrl Pts',(-28.3849572751453,28.9823514457971,-84.8594663423588));
#4958=CARTESIAN_POINT('Ctrl Pts',(-28.3230436045042,28.8775530294521,-84.8152057432378));
#4959=CARTESIAN_POINT('Ctrl Pts',(-28.6635388880092,32.3245599569671,-85.7818826126998));
#4960=CARTESIAN_POINT('Ctrl Pts',(-28.5617664078433,32.492558689831,-85.7231242436788));
#4961=CARTESIAN_POINT('Ctrl Pts',(-28.4975957201962,32.6941476272831,-85.6860752797628));
#4962=CARTESIAN_POINT('Ctrl Pts',(-28.4987341814243,32.8992781484331,-85.6867325706618));
#4963=CARTESIAN_POINT('Ctrl Pts',(-28.5175674433032,32.2067373345601,-85.6976139734518));
#4964=CARTESIAN_POINT('Ctrl Pts',(-28.4110467186303,32.4124263146641,-85.6358025458198));
#4965=CARTESIAN_POINT('Ctrl Pts',(-28.3432481327362,32.6543376234581,-85.5970077984468));
#4966=CARTESIAN_POINT('Ctrl Pts',(-28.3476686354453,32.9003489468281,-85.5995137144828));
#4967=CARTESIAN_POINT('Ctrl Pts',(-28.2916284101043,31.9713785057671,-85.4155647096088));
#4968=CARTESIAN_POINT('Ctrl Pts',(-28.1637034654283,32.251981529372,-85.3675868858018));
#4969=CARTESIAN_POINT('Ctrl Pts',(-28.0834858576362,32.5748124266021,-85.3344716547968));
#4970=CARTESIAN_POINT('Ctrl Pts',(-28.0924254317902,32.9024880797591,-85.3440970050388));
#4971=CARTESIAN_POINT('Ctrl Pts',(-28.2795523818493,31.822622979074,-85.0108927026308));
#4972=CARTESIAN_POINT('Ctrl Pts',(-28.1031858698532,32.1372297213041,-84.9932798034658));
#4973=CARTESIAN_POINT('Ctrl Pts',(-27.9928932242552,32.5163952832301,-84.9765857451908));
#4974=CARTESIAN_POINT('Ctrl Pts',(-27.9987455051543,32.9040586914881,-84.9953399603588));
#4975=CARTESIAN_POINT('Ctrl Pts',(-28.3285159580543,31.7837146834351,-84.8147544430848));
#4976=CARTESIAN_POINT('Ctrl Pts',(-28.1248832182013,32.099177585704,-84.8079317476498));
#4977=CARTESIAN_POINT('Ctrl Pts',(-27.9964835536963,32.496535275879,-84.7983978747058));
#4978=CARTESIAN_POINT('Ctrl Pts',(-27.9987489343463,32.90459241907,-84.8207133305788));
#4979=CARTESIAN_POINT('',(-27.9987192801803,32.8939053090861,-84.8206985636408));
#4980=CARTESIAN_POINT('Origin',(-28.9987192801813,32.8939053090861,-84.8206985636408));
#4981=CARTESIAN_POINT('Ctrl Pts',(-27.9987192801813,32.8939053090861,-84.8206985636408));
#4982=CARTESIAN_POINT('Ctrl Pts',(-27.9987192801813,32.8311527717691,-84.8173516232128));
#4983=CARTESIAN_POINT('Ctrl Pts',(-28.0016765625552,32.768563596615,-84.8148120164338));
#4984=CARTESIAN_POINT('Ctrl Pts',(-28.0133015334312,32.6445298938471,-84.8110133298778));
#4985=CARTESIAN_POINT('Ctrl Pts',(-28.0219561182923,32.5830834729711,-84.8097509488818));
#4986=CARTESIAN_POINT('Ctrl Pts',(-28.0446490219512,32.4619971771521,-84.8081805533348));
#4987=CARTESIAN_POINT('Ctrl Pts',(-28.0586710887383,32.4023528293801,-84.8078693695198));
#4988=CARTESIAN_POINT('Ctrl Pts',(-28.0916777182782,32.2854731914101,-84.8079084318748));
#4989=CARTESIAN_POINT('Ctrl Pts',(-28.1106425474192,32.2282297527621,-84.8082558443858));
#4990=CARTESIAN_POINT('Ctrl Pts',(-28.1530953468663,32.116507402812,-84.8093648011628));
#4991=CARTESIAN_POINT('Ctrl Pts',(-28.1765743307423,32.0620237083211,-84.8101253597088));
#4992=CARTESIAN_POINT('Ctrl Pts',(-28.2275852631343,31.9561515527921,-84.8118675122078));
#4993=CARTESIAN_POINT('Ctrl Pts',(-28.2551146363423,31.9047616434461,-84.8128488715898));
#4994=CARTESIAN_POINT('Ctrl Pts',(-28.2969723713813,31.833773899737,-84.8143095278028));
#4995=CARTESIAN_POINT('Ctrl Pts',(-28.3098563395973,31.81278668403,-84.8147556657068));
#4996=CARTESIAN_POINT('Ctrl Pts',(-28.3230436045042,31.792122654461,-84.8152057432378));
#4997=CARTESIAN_POINT('Origin',(-29.9987192801813,25.0732686851781,-81.3632536948528));
#4998=CARTESIAN_POINT('',(-27.9987192801813,25.0732686851781,-83.9370065428428));
#4999=CARTESIAN_POINT('Origin',(-27.9987192801813,25.0732686851781,-81.3632536948528));
#5000=CARTESIAN_POINT('',(-28.3230436045052,25.0732686851781,-82.8451681711292));
#5001=CARTESIAN_POINT('Origin',(-29.9987192801812,25.0732686851781,-83.9370065428434));
#5002=CARTESIAN_POINT('',(-28.3230436045053,25.0732686851781,-79.8813392185768));
#5003=CARTESIAN_POINT('Origin',(-28.3230436045053,25.0732686851781,-81.3632536948528));
#5004=CARTESIAN_POINT('Origin',(-28.3230436045053,25.0732686851781,-81.3632536948528));
#5005=CARTESIAN_POINT('Ctrl Pts',(-28.5987192801805,25.0732686851785,-80.8094018345338));
#5006=CARTESIAN_POINT('Ctrl Pts',(-28.5987192801804,24.5194168248615,-80.8094018345338));
#5007=CARTESIAN_POINT('Ctrl Pts',(-28.5987192801803,24.5194168248615,-81.3632536948508));
#5008=CARTESIAN_POINT('Ctrl Pts',(-28.5987192801802,24.5194168248615,-81.9171055551679));
#5009=CARTESIAN_POINT('Ctrl Pts',(-28.5987192801802,25.0732686851785,-81.9171055551679));
#5010=CARTESIAN_POINT('Ctrl Pts',(-28.5987192801803,25.6271205454955,-81.9171055551679));
#5011=CARTESIAN_POINT('Ctrl Pts',(-28.5987192801804,25.6271205454955,-81.3632536948508));
#5012=CARTESIAN_POINT('Ctrl Pts',(-28.5987192801805,25.6271205454955,-80.8094018345338));
#5013=CARTESIAN_POINT('Ctrl Pts',(-28.5987192801805,25.0732686851785,-80.8094018345338));
#5014=CARTESIAN_POINT('Ctrl Pts',(-28.5987192801805,25.0732686851785,-80.3044265876142));
#5015=CARTESIAN_POINT('Ctrl Pts',(-28.5987192801804,24.0144415779419,-80.3044265876142));
#5016=CARTESIAN_POINT('Ctrl Pts',(-28.5987192801802,24.0144415779419,-81.3632536948508));
#5017=CARTESIAN_POINT('Ctrl Pts',(-28.59871928018,24.0144415779419,-82.4220808020875));
#5018=CARTESIAN_POINT('Ctrl Pts',(-28.5987192801801,25.0732686851785,-82.4220808020875));
#5019=CARTESIAN_POINT('Ctrl Pts',(-28.5987192801801,26.1320957924151,-82.4220808020875));
#5020=CARTESIAN_POINT('Ctrl Pts',(-28.5987192801803,26.1320957924151,-81.3632536948508));
#5021=CARTESIAN_POINT('Ctrl Pts',(-28.5987192801805,26.1320957924151,-80.3044265876142));
#5022=CARTESIAN_POINT('Ctrl Pts',(-28.5987192801805,25.0732686851785,-80.3044265876142));
#5023=CARTESIAN_POINT('Ctrl Pts',(-28.3230436045037,25.0732686851785,-79.8813392185736));
#5024=CARTESIAN_POINT('Ctrl Pts',(-28.3230436045036,23.5913542089013,-79.8813392185736));
#5025=CARTESIAN_POINT('Ctrl Pts',(-28.3230436045033,23.5913542089013,-81.3632536948508));
#5026=CARTESIAN_POINT('Ctrl Pts',(-28.323043604503,23.5913542089013,-82.845168171128));
#5027=CARTESIAN_POINT('Ctrl Pts',(-28.3230436045031,25.0732686851785,-82.845168171128));
#5028=CARTESIAN_POINT('Ctrl Pts',(-28.3230436045032,26.5551831614557,-82.845168171128));
#5029=CARTESIAN_POINT('Ctrl Pts',(-28.3230436045035,26.5551831614557,-81.3632536948508));
#5030=CARTESIAN_POINT('Ctrl Pts',(-28.3230436045038,26.5551831614557,-79.8813392185736));
#5031=CARTESIAN_POINT('Ctrl Pts',(-28.3230436045037,25.0732686851785,-79.8813392185736));
#5032=CARTESIAN_POINT('',(-28.5987192801803,25.0732686851781,-80.8094018345338));
#5033=CARTESIAN_POINT('Origin',(-26.8987192801773,25.0732686851786,-80.8094018345338));
#5034=CARTESIAN_POINT('Origin',(-28.5987192801803,25.0732686851781,-81.3632536948528));
#5035=CARTESIAN_POINT('Origin',(-29.9987192801813,25.1989523643591,-75.2151534507928));
#5036=CARTESIAN_POINT('',(-27.9987192801813,25.1989523643591,-77.7889062987828));
#5037=CARTESIAN_POINT('Origin',(-27.9987192801813,25.1989523643591,-75.2151534507928));
#5038=CARTESIAN_POINT('',(-28.3230436045052,25.1989523643591,-76.697067927069));
#5039=CARTESIAN_POINT('Origin',(-29.9987192801812,25.1989523643591,-77.7889062987832));
#5040=CARTESIAN_POINT('',(-28.3230436045053,25.198952364358,-73.7332389745168));
#5041=CARTESIAN_POINT('Origin',(-28.3230436045053,25.1989523643591,-75.2151534507928));
#5042=CARTESIAN_POINT('Origin',(-28.3230436045053,25.1989523643591,-75.2151534507928));
#5043=CARTESIAN_POINT('Ctrl Pts',(-28.5987192801804,25.198952364359,-74.6613015904763));
#5044=CARTESIAN_POINT('Ctrl Pts',(-28.5987192801805,24.6451005040412,-74.6613015904763));
#5045=CARTESIAN_POINT('Ctrl Pts',(-28.5987192801804,24.6451005040412,-75.2151534507941));
#5046=CARTESIAN_POINT('Ctrl Pts',(-28.5987192801803,24.6451005040412,-75.7690053111119));
#5047=CARTESIAN_POINT('Ctrl Pts',(-28.5987192801802,25.198952364359,-75.7690053111119));
#5048=CARTESIAN_POINT('Ctrl Pts',(-28.5987192801801,25.7528042246768,-75.7690053111119));
#5049=CARTESIAN_POINT('Ctrl Pts',(-28.5987192801802,25.7528042246768,-75.2151534507941));
#5050=CARTESIAN_POINT('Ctrl Pts',(-28.5987192801803,25.7528042246768,-74.6613015904763));
#5051=CARTESIAN_POINT('Ctrl Pts',(-28.5987192801804,25.198952364359,-74.6613015904763));
#5052=CARTESIAN_POINT('Ctrl Pts',(-28.5987192801811,25.198952364359,-74.1563263435572));
#5053=CARTESIAN_POINT('Ctrl Pts',(-28.5987192801813,24.1401252571221,-74.1563263435572));
#5054=CARTESIAN_POINT('Ctrl Pts',(-28.5987192801811,24.1401252571221,-75.2151534507941));
#5055=CARTESIAN_POINT('Ctrl Pts',(-28.598719280181,24.1401252571221,-76.273980558031));
#5056=CARTESIAN_POINT('Ctrl Pts',(-28.5987192801808,25.198952364359,-76.273980558031));
#5057=CARTESIAN_POINT('Ctrl Pts',(-28.5987192801806,26.2577794715958,-76.273980558031));
#5058=CARTESIAN_POINT('Ctrl Pts',(-28.5987192801807,26.2577794715958,-75.2151534507941));
#5059=CARTESIAN_POINT('Ctrl Pts',(-28.5987192801809,26.2577794715958,-74.1563263435572));
#5060=CARTESIAN_POINT('Ctrl Pts',(-28.5987192801811,25.198952364359,-74.1563263435572));
#5061=CARTESIAN_POINT('Ctrl Pts',(-28.3230436045049,25.1989523643589,-73.7332389745169));
#5062=CARTESIAN_POINT('Ctrl Pts',(-28.3230436045052,23.7170378880818,-73.7332389745169));
#5063=CARTESIAN_POINT('Ctrl Pts',(-28.323043604505,23.7170378880818,-75.215153450794));
#5064=CARTESIAN_POINT('Ctrl Pts',(-28.3230436045048,23.7170378880818,-76.6970679270712));
#5065=CARTESIAN_POINT('Ctrl Pts',(-28.3230436045045,25.1989523643589,-76.6970679270712));
#5066=CARTESIAN_POINT('Ctrl Pts',(-28.3230436045042,26.6808668406361,-76.6970679270712));
#5067=CARTESIAN_POINT('Ctrl Pts',(-28.3230436045044,26.6808668406361,-75.215153450794));
#5068=CARTESIAN_POINT('Ctrl Pts',(-28.3230436045046,26.6808668406361,-73.7332389745169));
#5069=CARTESIAN_POINT('Ctrl Pts',(-28.3230436045049,25.1989523643589,-73.7332389745169));
#5070=CARTESIAN_POINT('',(-28.5987192801803,25.198952364358,-74.6613015904738));
#5071=CARTESIAN_POINT('Origin',(-26.8987192801809,25.1989523643586,-74.661301590474));
#5072=CARTESIAN_POINT('Origin',(-28.5987192801803,25.1989523643591,-75.2151534507928));
#5073=CARTESIAN_POINT('Origin',(-29.9987192801813,30.58620520032,-72.2499485877748));
#5074=CARTESIAN_POINT('',(-28.3230436045053,29.108789852367,-72.1345605267348));
#5075=CARTESIAN_POINT('',(-27.9987192801813,28.013455743834,-72.3218092633338));
#5076=CARTESIAN_POINT('Ctrl Pts',(-28.3230436045052,29.1087898523673,-72.1345605267355));
#5077=CARTESIAN_POINT('Ctrl Pts',(-28.2272081149772,28.9569390787034,-72.1898911726032));
#5078=CARTESIAN_POINT('Ctrl Pts',(-28.1394023833801,28.7703898166325,-72.2405858355519));
#5079=CARTESIAN_POINT('Ctrl Pts',(-28.032499147906,28.4232144167184,-72.3023064475429));
#5080=CARTESIAN_POINT('Ctrl Pts',(-27.9987192801813,28.2012557054054,-72.3218092633342));
#5081=CARTESIAN_POINT('Ctrl Pts',(-27.9987192801813,28.0134557438346,-72.3218092633342));
#5082=CARTESIAN_POINT('',(-27.9987192801813,33.1589546568051,-72.3218092633338));
#5083=CARTESIAN_POINT('Origin',(-27.9987192801813,30.58620520032,-72.2499485877748));
#5084=CARTESIAN_POINT('',(-28.3230436045053,32.063620548272,-72.1345605267348));
#5085=CARTESIAN_POINT('Ctrl Pts',(-27.9987192801813,33.1589546568055,-72.3218092633342));
#5086=CARTESIAN_POINT('Ctrl Pts',(-27.9987192801813,32.9711546952347,-72.3218092633342));
#5087=CARTESIAN_POINT('Ctrl Pts',(-28.032499147906,32.7491959839217,-72.3023064475429));
#5088=CARTESIAN_POINT('Ctrl Pts',(-28.1394023833802,32.4020205840074,-72.2405858355519));
#5089=CARTESIAN_POINT('Ctrl Pts',(-28.2272081149775,32.2154713219361,-72.189891172603));
#5090=CARTESIAN_POINT('Ctrl Pts',(-28.3230436045056,32.0636205482721,-72.1345605267352));
#5091=CARTESIAN_POINT('Origin',(-28.3230436045053,30.58620520032,-72.2499485877748));
#5092=CARTESIAN_POINT('Ctrl Pts',(-28.5987192801801,30.1051912064691,-71.9753991006293));
#5093=CARTESIAN_POINT('Ctrl Pts',(-28.5987192801802,29.875587339681,-72.3776678286229));
#5094=CARTESIAN_POINT('Ctrl Pts',(-28.5987192801803,30.2308962699998,-72.6748102678694));
#5095=CARTESIAN_POINT('Ctrl Pts',(-28.5987192801805,30.5862052003189,-72.9719527071159));
#5096=CARTESIAN_POINT('Ctrl Pts',(-28.5987192801804,30.9415141306376,-72.6748102678698));
#5097=CARTESIAN_POINT('Ctrl Pts',(-28.5987192801804,31.2968230609567,-72.3776678286237));
#5098=CARTESIAN_POINT('Ctrl Pts',(-28.5987192801803,31.0672191941691,-71.9753991006298));
#5099=CARTESIAN_POINT('Ctrl Pts',(-28.598719280181,29.6666259912528,-71.7250782025704));
#5100=CARTESIAN_POINT('Ctrl Pts',(-28.5987192801811,29.2276804617692,-72.4941160340058));
#5101=CARTESIAN_POINT('Ctrl Pts',(-28.5987192801814,29.9069428310437,-73.062178528561));
#5102=CARTESIAN_POINT('Ctrl Pts',(-28.5987192801816,30.5862052003189,-73.6302410231161));
#5103=CARTESIAN_POINT('Ctrl Pts',(-28.5987192801816,31.2654675695933,-73.0621785285618));
#5104=CARTESIAN_POINT('Ctrl Pts',(-28.5987192801815,31.9447299388684,-72.4941160340074));
#5105=CARTESIAN_POINT('Ctrl Pts',(-28.5987192801812,31.5057844093857,-71.7250782025714));
#5106=CARTESIAN_POINT('Ctrl Pts',(-28.3230436045034,29.2991794595854,-71.5153498825753));
#5107=CARTESIAN_POINT('Ctrl Pts',(-28.3230436045036,28.6848395640596,-72.591680746624));
#5108=CARTESIAN_POINT('Ctrl Pts',(-28.323043604504,29.6355223821887,-73.3867303145457));
#5109=CARTESIAN_POINT('Ctrl Pts',(-28.3230436045043,30.586205200319,-74.1817798824674));
#5110=CARTESIAN_POINT('Ctrl Pts',(-28.3230436045042,31.5368880184479,-73.3867303145468));
#5111=CARTESIAN_POINT('Ctrl Pts',(-28.3230436045041,32.4875708365779,-72.5916807466262));
#5112=CARTESIAN_POINT('Ctrl Pts',(-28.3230436045037,31.8732309410534,-71.5153498825767));
#5113=CARTESIAN_POINT('',(-28.5987192801803,31.0672191941761,-71.9753991006259));
#5114=CARTESIAN_POINT('Ctrl Pts',(-28.3230436045044,32.0636205482711,-72.1345605267359));
#5115=CARTESIAN_POINT('Ctrl Pts',(-28.3956302869609,31.9486073736841,-72.0926525859356));
#5116=CARTESIAN_POINT('Ctrl Pts',(-28.4550110101464,31.8210978767439,-72.0583691093016));
#5117=CARTESIAN_POINT('Ctrl Pts',(-28.5425822840299,31.5654854143396,-72.0078098105774));
#5118=CARTESIAN_POINT('Ctrl Pts',(-28.577679612043,31.3977003969108,-71.9875463587313));
#5119=CARTESIAN_POINT('Ctrl Pts',(-28.5957475731241,31.1960628029763,-71.9771148165015));
#5120=CARTESIAN_POINT('Ctrl Pts',(-28.5987192801801,31.1318163737893,-71.9753991006268));
#5121=CARTESIAN_POINT('Ctrl Pts',(-28.5987192801802,31.067219194176,-71.9753991006267));
#5122=CARTESIAN_POINT('',(-28.5987192801803,30.105191206463,-71.9753991006259));
#5123=CARTESIAN_POINT('Origin',(-28.5987192801803,30.58620520032,-72.2499485877748));
#5124=CARTESIAN_POINT('Ctrl Pts',(-28.5987192801801,30.1051912064631,-71.9753991006268));
#5125=CARTESIAN_POINT('Ctrl Pts',(-28.59871928018,30.0084757073199,-71.9753991006269));
#5126=CARTESIAN_POINT('Ctrl Pts',(-28.5916113691369,29.9079268906273,-71.9795028549952));
#5127=CARTESIAN_POINT('Ctrl Pts',(-28.5599355881874,29.68203914369,-71.9977908757162));
#5128=CARTESIAN_POINT('Ctrl Pts',(-28.5179892334961,29.521454110183,-72.0220086149723));
#5129=CARTESIAN_POINT('Ctrl Pts',(-28.430148031059,29.2995110892245,-72.0727237570201));
#5130=CARTESIAN_POINT('Ctrl Pts',(-28.3809735017684,29.2005794363841,-72.1011146848412));
#5131=CARTESIAN_POINT('Ctrl Pts',(-28.3230436045047,29.1087898523678,-72.1345605267358));
#5132=CARTESIAN_POINT('Origin',(-29.9987192801813,30.334837841956,-84.5461490758948));
#5133=CARTESIAN_POINT('Origin',(-27.9987192801803,30.334837841956,-84.5461490758948));
#5134=CARTESIAN_POINT('',(-28.3230436045043,30.3348378419564,-83.0642345996183));
#5135=CARTESIAN_POINT('Origin',(-28.3230436045042,30.334837841956,-84.5461490758948));
#5136=CARTESIAN_POINT('Origin',(-28.3230436045042,30.334837841956,-84.5461490758948));
#5137=CARTESIAN_POINT('Ctrl Pts',(-28.5987192801805,30.3348378419564,-83.9922972155758));
#5138=CARTESIAN_POINT('Ctrl Pts',(-28.5987192801805,29.7809859816383,-83.9922972155758));
#5139=CARTESIAN_POINT('Ctrl Pts',(-28.5987192801803,29.7809859816383,-84.546149075894));
#5140=CARTESIAN_POINT('Ctrl Pts',(-28.5987192801802,29.7809859816383,-85.1000009362122));
#5141=CARTESIAN_POINT('Ctrl Pts',(-28.5987192801802,30.3348378419564,-85.1000009362122));
#5142=CARTESIAN_POINT('Ctrl Pts',(-28.5987192801802,30.8886897022746,-85.1000009362122));
#5143=CARTESIAN_POINT('Ctrl Pts',(-28.5987192801803,30.8886897022746,-84.546149075894));
#5144=CARTESIAN_POINT('Ctrl Pts',(-28.5987192801805,30.8886897022746,-83.9922972155758));
#5145=CARTESIAN_POINT('Ctrl Pts',(-28.5987192801805,30.3348378419564,-83.9922972155758));
#5146=CARTESIAN_POINT('Ctrl Pts',(-28.5987192801804,30.3348378419564,-83.4873219686571));
#5147=CARTESIAN_POINT('Ctrl Pts',(-28.5987192801804,29.2760107347195,-83.4873219686571));
#5148=CARTESIAN_POINT('Ctrl Pts',(-28.5987192801801,29.2760107347195,-84.546149075894));
#5149=CARTESIAN_POINT('Ctrl Pts',(-28.5987192801798,29.2760107347195,-85.6049761831309));
#5150=CARTESIAN_POINT('Ctrl Pts',(-28.5987192801799,30.3348378419564,-85.6049761831309));
#5151=CARTESIAN_POINT('Ctrl Pts',(-28.5987192801799,31.3936649491933,-85.6049761831309));
#5152=CARTESIAN_POINT('Ctrl Pts',(-28.5987192801801,31.3936649491933,-84.546149075894));
#5153=CARTESIAN_POINT('Ctrl Pts',(-28.5987192801804,31.3936649491933,-83.4873219686571));
#5154=CARTESIAN_POINT('Ctrl Pts',(-28.5987192801804,30.3348378419564,-83.4873219686571));
#5155=CARTESIAN_POINT('Ctrl Pts',(-28.3230436045049,30.3348378419564,-83.0642345996168));
#5156=CARTESIAN_POINT('Ctrl Pts',(-28.3230436045048,28.8529233656792,-83.0642345996168));
#5157=CARTESIAN_POINT('Ctrl Pts',(-28.3230436045045,28.8529233656792,-84.546149075894));
#5158=CARTESIAN_POINT('Ctrl Pts',(-28.3230436045041,28.8529233656792,-86.0280635521711));
#5159=CARTESIAN_POINT('Ctrl Pts',(-28.3230436045042,30.3348378419564,-86.0280635521711));
#5160=CARTESIAN_POINT('Ctrl Pts',(-28.3230436045042,31.8167523182336,-86.0280635521711));
#5161=CARTESIAN_POINT('Ctrl Pts',(-28.3230436045045,31.8167523182336,-84.546149075894));
#5162=CARTESIAN_POINT('Ctrl Pts',(-28.3230436045049,31.8167523182336,-83.0642345996168));
#5163=CARTESIAN_POINT('Ctrl Pts',(-28.3230436045049,30.3348378419564,-83.0642345996168));
#5164=CARTESIAN_POINT('',(-28.5987192801803,30.334837841956,-83.9922972155758));
#5165=CARTESIAN_POINT('Origin',(-26.8987192801741,30.3348378419565,-83.9922972155761));
#5166=CARTESIAN_POINT('Origin',(-28.5987192801803,30.334837841956,-84.5461490758948));
#5167=CARTESIAN_POINT('Origin',(-29.9987192801813,35.8477743570981,-75.4328439688168));
#5168=CARTESIAN_POINT('',(-27.9987192801813,35.8477743570981,-78.0065968168078));
#5169=CARTESIAN_POINT('Origin',(-27.9987192801813,35.8477743570981,-75.4328439688168));
#5170=CARTESIAN_POINT('',(-28.3230436045052,35.8477743570981,-76.914758445093));
#5171=CARTESIAN_POINT('Origin',(-29.9987192801812,35.8477743570981,-78.0065968168073));
#5172=CARTESIAN_POINT('',(-28.3230436045053,35.8477743570981,-73.9509294925408));
#5173=CARTESIAN_POINT('Origin',(-28.3230436045053,35.8477743570981,-75.4328439688168));
#5174=CARTESIAN_POINT('Origin',(-28.3230436045053,35.8477743570981,-75.4328439688168));
#5175=CARTESIAN_POINT('Ctrl Pts',(-28.5987192801802,35.8477743570986,-74.8789921084997));
#5176=CARTESIAN_POINT('Ctrl Pts',(-28.5987192801802,35.2939224967806,-74.8789921084997));
#5177=CARTESIAN_POINT('Ctrl Pts',(-28.5987192801803,35.2939224967806,-75.4328439688177));
#5178=CARTESIAN_POINT('Ctrl Pts',(-28.5987192801804,35.2939224967806,-75.9866958291357));
#5179=CARTESIAN_POINT('Ctrl Pts',(-28.5987192801803,35.8477743570986,-75.9866958291357));
#5180=CARTESIAN_POINT('Ctrl Pts',(-28.5987192801803,36.4016262174166,-75.9866958291357));
#5181=CARTESIAN_POINT('Ctrl Pts',(-28.5987192801802,36.4016262174166,-75.4328439688177));
#5182=CARTESIAN_POINT('Ctrl Pts',(-28.5987192801801,36.4016262174166,-74.8789921084997));
#5183=CARTESIAN_POINT('Ctrl Pts',(-28.5987192801802,35.8477743570986,-74.8789921084997));
#5184=CARTESIAN_POINT('Ctrl Pts',(-28.5987192801806,35.8477743570986,-74.3740168615809));
#5185=CARTESIAN_POINT('Ctrl Pts',(-28.5987192801807,34.7889472498618,-74.3740168615809));
#5186=CARTESIAN_POINT('Ctrl Pts',(-28.5987192801809,34.7889472498618,-75.4328439688177));
#5187=CARTESIAN_POINT('Ctrl Pts',(-28.598719280181,34.7889472498618,-76.4916710760544));
#5188=CARTESIAN_POINT('Ctrl Pts',(-28.5987192801809,35.8477743570986,-76.4916710760544));
#5189=CARTESIAN_POINT('Ctrl Pts',(-28.5987192801807,36.9066014643354,-76.4916710760544));
#5190=CARTESIAN_POINT('Ctrl Pts',(-28.5987192801806,36.9066014643353,-75.4328439688177));
#5191=CARTESIAN_POINT('Ctrl Pts',(-28.5987192801804,36.9066014643353,-74.3740168615809));
#5192=CARTESIAN_POINT('Ctrl Pts',(-28.5987192801806,35.8477743570986,-74.3740168615809));
#5193=CARTESIAN_POINT('Ctrl Pts',(-28.3230436045047,35.8477743570986,-73.9509294925408));
#5194=CARTESIAN_POINT('Ctrl Pts',(-28.3230436045049,34.3658598808216,-73.9509294925408));
#5195=CARTESIAN_POINT('Ctrl Pts',(-28.3230436045052,34.3658598808216,-75.4328439688177));
#5196=CARTESIAN_POINT('Ctrl Pts',(-28.3230436045054,34.3658598808216,-76.9147584450947));
#5197=CARTESIAN_POINT('Ctrl Pts',(-28.3230436045052,35.8477743570986,-76.9147584450947));
#5198=CARTESIAN_POINT('Ctrl Pts',(-28.323043604505,37.3296888333755,-76.9147584450947));
#5199=CARTESIAN_POINT('Ctrl Pts',(-28.3230436045048,37.3296888333755,-75.4328439688177));
#5200=CARTESIAN_POINT('Ctrl Pts',(-28.3230436045045,37.3296888333755,-73.9509294925408));
#5201=CARTESIAN_POINT('Ctrl Pts',(-28.3230436045047,35.8477743570986,-73.9509294925408));
#5202=CARTESIAN_POINT('',(-28.5987192801803,35.8477743570981,-74.8789921084978));
#5203=CARTESIAN_POINT('Origin',(-26.8987192801789,35.8477743570984,-74.8789921084984));
#5204=CARTESIAN_POINT('Origin',(-28.5987192801803,35.8477743570981,-75.4328439688168));
#5205=CARTESIAN_POINT('Origin',(-29.9987192801813,35.7220906779171,-81.5809442128778));
#5206=CARTESIAN_POINT('',(-27.9987192801803,35.7220906779171,-84.1546970608678));
#5207=CARTESIAN_POINT('Origin',(-27.9987192801813,35.7220906779171,-81.5809442128768));
#5208=CARTESIAN_POINT('',(-28.3230436045042,35.7220906779171,-83.0628586891533));
#5209=CARTESIAN_POINT('Origin',(-29.9987192801812,35.7220906779171,-84.1546970608684));
#5210=CARTESIAN_POINT('',(-28.3230436045042,35.7220906779171,-80.0990297366008));
#5211=CARTESIAN_POINT('Origin',(-28.3230436045042,35.7220906779171,-81.5809442128768));
#5212=CARTESIAN_POINT('Origin',(-28.3230436045042,35.7220906779171,-81.5809442128768));
#5213=CARTESIAN_POINT('Ctrl Pts',(-28.5987192801802,35.722090677917,-81.0270923525618));
#5214=CARTESIAN_POINT('Ctrl Pts',(-28.5987192801802,35.1682388175998,-81.0270923525618));
#5215=CARTESIAN_POINT('Ctrl Pts',(-28.5987192801804,35.1682388175998,-81.580944212879));
#5216=CARTESIAN_POINT('Ctrl Pts',(-28.5987192801805,35.1682388175998,-82.1347960731962));
#5217=CARTESIAN_POINT('Ctrl Pts',(-28.5987192801806,35.722090677917,-82.1347960731962));
#5218=CARTESIAN_POINT('Ctrl Pts',(-28.5987192801806,36.2759425382342,-82.1347960731962));
#5219=CARTESIAN_POINT('Ctrl Pts',(-28.5987192801804,36.2759425382342,-81.580944212879));
#5220=CARTESIAN_POINT('Ctrl Pts',(-28.5987192801803,36.2759425382342,-81.0270923525618));
#5221=CARTESIAN_POINT('Ctrl Pts',(-28.5987192801802,35.722090677917,-81.0270923525618));
#5222=CARTESIAN_POINT('Ctrl Pts',(-28.598719280181,35.722090677917,-80.5221171056417));
#5223=CARTESIAN_POINT('Ctrl Pts',(-28.5987192801809,34.6632635706796,-80.5221171056417));
#5224=CARTESIAN_POINT('Ctrl Pts',(-28.5987192801812,34.6632635706796,-81.580944212879));
#5225=CARTESIAN_POINT('Ctrl Pts',(-28.5987192801815,34.6632635706796,-82.6397713201163));
#5226=CARTESIAN_POINT('Ctrl Pts',(-28.5987192801816,35.722090677917,-82.6397713201163));
#5227=CARTESIAN_POINT('Ctrl Pts',(-28.5987192801817,36.7809177851543,-82.6397713201163));
#5228=CARTESIAN_POINT('Ctrl Pts',(-28.5987192801814,36.7809177851543,-81.580944212879));
#5229=CARTESIAN_POINT('Ctrl Pts',(-28.5987192801811,36.7809177851543,-80.5221171056417));
#5230=CARTESIAN_POINT('Ctrl Pts',(-28.598719280181,35.722090677917,-80.5221171056417));
#5231=CARTESIAN_POINT('Ctrl Pts',(-28.3230436045036,35.722090677917,-80.0990297366008));
#5232=CARTESIAN_POINT('Ctrl Pts',(-28.3230436045035,34.2401762016388,-80.0990297366008));
#5233=CARTESIAN_POINT('Ctrl Pts',(-28.3230436045039,34.2401762016388,-81.5809442128791));
#5234=CARTESIAN_POINT('Ctrl Pts',(-28.3230436045043,34.2401762016388,-83.0628586891573));
#5235=CARTESIAN_POINT('Ctrl Pts',(-28.3230436045044,35.722090677917,-83.0628586891573));
#5236=CARTESIAN_POINT('Ctrl Pts',(-28.3230436045045,37.2040051541952,-83.0628586891573));
#5237=CARTESIAN_POINT('Ctrl Pts',(-28.3230436045041,37.2040051541952,-81.5809442128791));
#5238=CARTESIAN_POINT('Ctrl Pts',(-28.3230436045037,37.2040051541952,-80.0990297366008));
#5239=CARTESIAN_POINT('Ctrl Pts',(-28.3230436045036,35.722090677917,-80.0990297366008));
#5240=CARTESIAN_POINT('',(-28.5987192801803,35.7220906779171,-81.0270923525578));
#5241=CARTESIAN_POINT('Origin',(-26.8987192801827,35.7220906779171,-81.0270923525592));
#5242=CARTESIAN_POINT('Origin',(-28.5987192801803,35.7220906779171,-81.5809442128768));
#5243=CARTESIAN_POINT('Origin',(-28.5987192801803,30.4605215211381,-78.3980488318348));
#5244=CARTESIAN_POINT('Origin',(-28.5987192801803,30.4605215211381,-78.3980488318348));
#5245=CARTESIAN_POINT('Origin',(-28.5987192801803,30.4605215211381,-78.3980488318348));
#5246=CARTESIAN_POINT('Origin',(-28.5987192801803,30.4605215211381,-78.3980488318348));
#5247=CARTESIAN_POINT('Origin',(-28.5987192801803,30.4605215211381,-78.3980488318348));
#5248=CARTESIAN_POINT('Origin',(-28.5987192801803,30.4605215211381,-78.3980488318348));
#5249=CARTESIAN_POINT('',(-28.5987192801803,17.4611980752821,-71.9753991006259));
#5250=CARTESIAN_POINT('Origin',(-32.6987192801863,30.4605215211381,-78.3980488318348));
#5251=CARTESIAN_POINT('',(-32.3987192801863,27.7605215211381,-78.3980488318348));
#5252=CARTESIAN_POINT('Origin',(-32.3987192801863,30.4605215211381,-78.3980488318348));
#5253=CARTESIAN_POINT('',(-32.9987192801863,27.1605215211381,-78.3980488318348));
#5254=CARTESIAN_POINT('',(-32.6987192801863,27.4605215211381,-78.3980488318348));
#5255=CARTESIAN_POINT('Origin',(-32.9987192801863,30.4605215211381,-78.3980488318348));
#5256=CARTESIAN_POINT('Origin',(-67.9987192801803,30.4605215211381,-78.3980488318348));
#5257=CARTESIAN_POINT('',(-28.5987192801812,27.7605215211381,-78.3980488318348));
#5258=CARTESIAN_POINT('',(-67.9987192801803,27.7605215211381,-78.3980488318348));
#5259=CARTESIAN_POINT('Origin',(-28.5987192801812,30.4605215211381,-78.3980488318348));
#5260=CARTESIAN_POINT('Origin',(-28.2987192801812,30.4605215211381,-78.3980488318348));
#5261=CARTESIAN_POINT('',(-27.9987192801803,27.1605215211381,-78.3980488318348));
#5262=CARTESIAN_POINT('',(-28.2987192801812,27.4605215211381,-78.3980488318348));
#5263=CARTESIAN_POINT('Origin',(-27.9987192801803,30.4605215211381,-78.3980488318348));
#5264=CARTESIAN_POINT('Origin',(-57.6064144347673,40.4605215211381,-91.3980488318348));
#5265=CARTESIAN_POINT('',(-59.4628208953183,41.4605215211381,-90.3262520621098));
#5266=CARTESIAN_POINT('',(-56.8181113140963,41.4605215211381,-91.8531758507568));
#5267=CARTESIAN_POINT('',(-59.4628208953183,45.4605215211381,-90.3262520621098));
#5268=CARTESIAN_POINT('',(-56.8181113140963,45.4605215211381,-91.8531758507568));
#5269=CARTESIAN_POINT('',(-59.4628208953183,40.4605215211381,-90.3262520621098));
#5270=CARTESIAN_POINT('Origin',(-56.3181113140963,45.4605215211381,-90.9871504469728));
#5271=CARTESIAN_POINT('',(-58.9628208953183,46.4605215211381,-89.4602266583258));
#5272=CARTESIAN_POINT('',(-56.3181113140963,46.4605215211381,-90.9871504469728));
#5273=CARTESIAN_POINT('Origin',(-58.9628208953183,45.4605215211381,-89.4602266583258));
#5274=CARTESIAN_POINT('Origin',(-39.1535428488293,38.4605215211381,-76.6480488318348));
#5275=CARTESIAN_POINT('',(-39.1535428488293,46.4605215211381,-65.8815688510078));
#5276=CARTESIAN_POINT('',(-37.6416421909973,46.316357339232,-66.7544651058048));
#5277=CARTESIAN_POINT('Origin',(-39.1535428488293,38.4605215211381,-65.8815688510078));
#5278=CARTESIAN_POINT('',(-37.6416421909883,46.3163573392301,-89.8547081569018));
#5279=CARTESIAN_POINT('',(-37.6416421909973,46.316357339232,-76.6480488318348));
#5280=CARTESIAN_POINT('',(-39.1535428488282,46.4605215211381,-90.2604560212478));
#5281=CARTESIAN_POINT('Ctrl Pts',(-39.1535428488282,46.4605215211381,-90.2604560212478));
#5282=CARTESIAN_POINT('Ctrl Pts',(-38.6331182020032,46.4605215211381,-90.1688114756788));
#5283=CARTESIAN_POINT('Ctrl Pts',(-38.1237587180543,46.4091434298911,-90.0313757686428));
#5284=CARTESIAN_POINT('Ctrl Pts',(-37.6416421909792,46.3163573392291,-89.8547081569018));
#5285=CARTESIAN_POINT('',(-39.1535428488293,46.4605215211381,-76.6480488318348));
#5286=CARTESIAN_POINT('Origin',(-40.5346176356143,35.4605215211381,-83.3980488318348));
#5287=CARTESIAN_POINT('',(-40.5346176356143,41.4605215211381,-91.3980488318348));
#5288=CARTESIAN_POINT('Origin',(-40.5346176356143,41.4605215211381,-83.3980488318348));
#5289=CARTESIAN_POINT('',(-40.5346176356143,45.4605215211381,-91.3980488318348));
#5290=CARTESIAN_POINT('',(-40.5346176356143,35.4605215211381,-91.3980488318348));
#5291=CARTESIAN_POINT('',(-38.9562464507163,45.4605215211381,-91.2407999054488));
#5292=CARTESIAN_POINT('Origin',(-40.5346176356143,45.4605215211381,-83.3980488318348));
#5293=CARTESIAN_POINT('',(-37.4443457928673,45.334377861967,-90.7770880604828));
#5294=CARTESIAN_POINT('Ctrl Pts',(-37.4443457928673,45.334377861967,-90.7770880604828));
#5295=CARTESIAN_POINT('Ctrl Pts',(-37.5819175356722,45.3575447740061,-90.8347018053048));
#5296=CARTESIAN_POINT('Ctrl Pts',(-37.7216861324503,45.377761518094,-90.8887089586458));
#5297=CARTESIAN_POINT('Ctrl Pts',(-38.0047280428772,45.4118656548361,-90.9889755837468));
#5298=CARTESIAN_POINT('Ctrl Pts',(-38.1479958828363,45.4257617733681,-91.0352454687248));
#5299=CARTESIAN_POINT('Ctrl Pts',(-38.4373300403132,45.4468510479421,-91.1197114293688));
#5300=CARTESIAN_POINT('Ctrl Pts',(-38.5833929085083,45.454051169995,-91.1579157004968));
#5301=CARTESIAN_POINT('Ctrl Pts',(-38.8055111101883,45.4595758246951,-91.2093299536748));
#5302=CARTESIAN_POINT('Ctrl Pts',(-38.8807649155103,45.4605215211381,-91.2256090777608));
#5303=CARTESIAN_POINT('Ctrl Pts',(-38.9562464507163,45.4605215211381,-91.2407999054498));
#5304=CARTESIAN_POINT('Origin',(-40.5346176356143,45.8547758339471,-83.3980488318348));
#5305=CARTESIAN_POINT('Ctrl Pts',(-37.6416421909843,46.3163573392301,-89.8547081569028));
#5306=CARTESIAN_POINT('Ctrl Pts',(-37.3683117220293,46.2637533228801,-89.7402399414888));
#5307=CARTESIAN_POINT('Ctrl Pts',(-37.1022608844273,46.2125503133331,-89.6083925382208));
#5308=CARTESIAN_POINT('Ctrl Pts',(-36.8456300443353,46.1631602363331,-89.4602266531008));
#5309=CARTESIAN_POINT('Ctrl Pts',(-37.5350941029863,46.295851548622,-90.1185501823398));
#5310=CARTESIAN_POINT('Ctrl Pts',(-37.2514422451703,46.2412093249511,-89.9982042491328));
#5311=CARTESIAN_POINT('Ctrl Pts',(-36.9755332052423,46.1882076259851,-89.8599994813878));
#5312=CARTESIAN_POINT('Ctrl Pts',(-36.7094551691963,46.136952600625,-89.7048245895468));
#5313=CARTESIAN_POINT('Ctrl Pts',(-37.3933041726303,46.037159953802,-90.5760022781158));
#5314=CARTESIAN_POINT('Ctrl Pts',(-37.0913332355883,45.9814704573401,-90.4456663104928));
#5315=CARTESIAN_POINT('Ctrl Pts',(-36.7977560391513,45.927278999378,-90.2962807756968));
#5316=CARTESIAN_POINT('Ctrl Pts',(-36.5148793587193,45.8750806475541,-90.1291329894168));
#5317=CARTESIAN_POINT('Ctrl Pts',(-37.4098514133902,45.545045494588,-90.7626421405828));
#5318=CARTESIAN_POINT('Ctrl Pts',(-37.0988261729173,45.491522491128,-90.6306573219208));
#5319=CARTESIAN_POINT('Ctrl Pts',(-36.7963143321333,45.4394180410231,-90.4790506945678));
#5320=CARTESIAN_POINT('Ctrl Pts',(-36.5045929753403,45.3891915341551,-90.3089173163588));
#5321=CARTESIAN_POINT('Ctrl Pts',(-37.4443457928703,45.3343778619681,-90.7770880604838));
#5322=CARTESIAN_POINT('Ctrl Pts',(-37.1319681140653,45.281773845618,-90.6462672428678));
#5323=CARTESIAN_POINT('Ctrl Pts',(-36.8279100139473,45.2305708360721,-90.4955844962758));
#5324=CARTESIAN_POINT('Ctrl Pts',(-36.5346176252723,45.1811807590721,-90.3262520561388));
#5325=CARTESIAN_POINT('',(-36.8456300443363,46.1631602363331,-89.4602266531008));
#5326=CARTESIAN_POINT('Origin',(-37.0346176265642,45.1811807590721,-89.4602266531008));
#5327=CARTESIAN_POINT('Origin',(-37.8306297732103,45.334377861967,-89.8547081569018));
#5328=CARTESIAN_POINT('Origin',(-40.3456300533853,46.8367553112081,-83.3980488318348));
#5329=CARTESIAN_POINT('Ctrl Pts',(-37.4443457928673,45.334377861967,-90.7770880604828));
#5330=CARTESIAN_POINT('Ctrl Pts',(-37.9264623199403,45.415565691296,-90.9789939024728));
#5331=CARTESIAN_POINT('Ctrl Pts',(-38.4358218038913,45.4605215211381,-91.1360632819418));
#5332=CARTESIAN_POINT('Ctrl Pts',(-38.9562464507163,45.4605215211381,-91.2407999054488));
#5333=CARTESIAN_POINT('Ctrl Pts',(-37.3983532868922,45.6152680387941,-90.7578268339478));
#5334=CARTESIAN_POINT('Ctrl Pts',(-37.8917613252273,45.7057041560751,-90.9682651563178));
#5335=CARTESIAN_POINT('Ctrl Pts',(-38.4168465408673,45.757223122723,-91.1321417071088));
#5336=CARTESIAN_POINT('Ctrl Pts',(-38.9562464507163,45.75972082148,-91.2407999054488));
#5337=CARTESIAN_POINT('Ctrl Pts',(-37.4063875699993,46.102278413873,-90.5148360962808));
#5338=CARTESIAN_POINT('Ctrl Pts',(-37.9097768786243,46.207957370586,-90.7231673121318));
#5339=CARTESIAN_POINT('Ctrl Pts',(-38.4498855750453,46.270992672335,-90.8869793644978));
#5340=CARTESIAN_POINT('Ctrl Pts',(-39.0058352911983,46.2774662841111,-90.9943984660098));
#5341=CARTESIAN_POINT('Ctrl Pts',(-37.5617311249813,46.3009779962731,-90.0525896759798));
#5342=CARTESIAN_POINT('Ctrl Pts',(-38.0527954951713,46.4006382347701,-90.2387176146698));
#5343=CARTESIAN_POINT('Ctrl Pts',(-38.5745827213503,46.4576142088561,-90.3840863633048));
#5344=CARTESIAN_POINT('Ctrl Pts',(-39.1092696406223,46.4605215211381,-90.4804446744328));
#5345=CARTESIAN_POINT('Ctrl Pts',(-37.6416421909792,46.3163573392291,-89.8547081569018));
#5346=CARTESIAN_POINT('Ctrl Pts',(-38.1237587180543,46.4091434298911,-90.0313757686428));
#5347=CARTESIAN_POINT('Ctrl Pts',(-38.6331182020032,46.4605215211381,-90.1688114756788));
#5348=CARTESIAN_POINT('Ctrl Pts',(-39.1535428488282,46.4605215211381,-90.2604560212478));
#5349=CARTESIAN_POINT('Origin',(-39.1535428488282,45.4605215211381,-90.2604560212478));
#5350=CARTESIAN_POINT('Origin',(-40.5346176356143,45.4605215211381,-83.3980488318348));
#5351=CARTESIAN_POINT('',(-40.5346176356143,46.4605215211381,-90.3980488318348));
#5352=CARTESIAN_POINT('Origin',(-40.5346176356143,45.4605215211381,-90.3980488318348));
#5353=CARTESIAN_POINT('Origin',(-40.5346176356143,46.4605215211381,-83.3980488318348));
#5354=CARTESIAN_POINT('Origin',(-55.4628208953183,45.4605215211381,-83.3980488318348));
#5355=CARTESIAN_POINT('',(-55.4628208953183,46.4605215211381,-90.3980488318348));
#5356=CARTESIAN_POINT('Origin',(-55.4628208953183,46.4605215211381,-83.3980488318348));
#5357=CARTESIAN_POINT('',(-55.4628208953183,45.4605215211381,-91.3980488318348));
#5358=CARTESIAN_POINT('Origin',(-55.4628208953183,45.4605215211381,-90.3980488318348));
#5359=CARTESIAN_POINT('Origin',(-55.4628208953183,45.4605215211381,-83.3980488318348));
#5360=CARTESIAN_POINT('Origin',(-43.1948716849733,45.4605215211381,-90.3980488318348));
#5361=CARTESIAN_POINT('',(-43.1948716849733,45.4605215211381,-91.3980488318348));
#5362=CARTESIAN_POINT('',(-43.1948716849733,46.4605215211381,-90.3980488318348));
#5363=CARTESIAN_POINT('Origin',(-55.4628208953183,40.4605215211381,-83.3980488318348));
#5364=CARTESIAN_POINT('',(-55.4628208953183,41.4605215211381,-91.3980488318348));
#5365=CARTESIAN_POINT('Origin',(-55.4628208953183,41.4605215211381,-83.3980488318348));
#5366=CARTESIAN_POINT('',(-55.4628208953183,40.4605215211381,-91.3980488318348));
#5367=CARTESIAN_POINT('Origin',(-38.3910240897653,40.4605215211381,-91.3980488318348));
#5368=CARTESIAN_POINT('',(-43.1948716849733,41.4605215211381,-91.3980488318348));
#5369=CARTESIAN_POINT('Origin',(-40.5346176356143,41.4605215211381,-83.3980488318348));
#5370=CARTESIAN_POINT('Origin',(-40.5346176356143,41.4605215211381,-90.3980488318348));
#5371=CARTESIAN_POINT('Origin',(-43.1948716849733,41.4605215211381,-90.3980488318348));
#5372=CARTESIAN_POINT('Origin',(-55.4628208953183,41.4605215211381,-90.3980488318348));
#5373=CARTESIAN_POINT('Origin',(-55.4628208953183,41.4605215211381,-83.3980488318348));
#5374=CARTESIAN_POINT('Origin',(-58.9628208953183,41.4605215211381,-89.4602266583258));
#5375=CARTESIAN_POINT('Origin',(-56.3181113140963,41.4605215211381,-90.9871504469728));
#5376=CARTESIAN_POINT('Origin',(-50.9987192801803,40.4605215211381,-78.3980488318348));
#5377=CARTESIAN_POINT('',(-50.9987192801803,40.9605215211381,-75.5480488318348));
#5378=CARTESIAN_POINT('',(-50.9987192801803,40.9605215211381,-81.2480488318348));
#5379=CARTESIAN_POINT('Origin',(-50.9987192801803,40.9605215211381,-78.3980488318348));
#5380=CARTESIAN_POINT('',(-50.9987192801803,45.4605215211381,-75.5480488318348));
#5381=CARTESIAN_POINT('',(-50.9987192801803,40.4605215211381,-75.5480488318348));
#5382=CARTESIAN_POINT('',(-50.9987192801803,45.4605215211381,-81.2480488318348));
#5383=CARTESIAN_POINT('Origin',(-50.9987192801803,45.4605215211381,-78.3980488318348));
#5384=CARTESIAN_POINT('',(-50.9987192801803,40.4605215211381,-81.2480488318348));
#5385=CARTESIAN_POINT('Origin',(-50.9987192801803,40.4605215211381,-81.2480488318348));
#5386=CARTESIAN_POINT('',(-55.9987192801803,40.9605215211381,-81.2480488318348));
#5387=CARTESIAN_POINT('',(-49.4987192801803,40.9605215211381,-81.2480488318348));
#5388=CARTESIAN_POINT('',(-55.9987192801803,45.4605215211381,-81.2480488318348));
#5389=CARTESIAN_POINT('',(-49.4987192801803,45.4605215211381,-81.2480488318348));
#5390=CARTESIAN_POINT('',(-55.9987192801803,40.4605215211381,-81.2480488318348));
#5391=CARTESIAN_POINT('Origin',(-51.9987192801803,45.4605215211381,-74.5480488318348));
#5392=CARTESIAN_POINT('',(-55.9987192801803,46.4605215211381,-74.5480488318348));
#5393=CARTESIAN_POINT('',(-55.9987192801803,45.4605215211381,-75.5480488318348));
#5394=CARTESIAN_POINT('Origin',(-55.9987192801803,45.4605215211381,-74.5480488318348));
#5395=CARTESIAN_POINT('',(-50.9987192801803,46.4605215211381,-74.5480488318348));
#5396=CARTESIAN_POINT('',(-51.9987192801803,46.4605215211381,-74.5480488318348));
#5397=CARTESIAN_POINT('Origin',(-50.9987192801803,45.4605215211381,-74.5480488318348));
#5398=CARTESIAN_POINT('',(-51.9987192801803,45.4605215211381,-75.5480488318348));
#5399=CARTESIAN_POINT('Origin',(-50.9987192801803,45.4605215211381,-78.3980488318348));
#5400=CARTESIAN_POINT('',(-50.9987192801803,46.4605215211381,-82.2480488318348));
#5401=CARTESIAN_POINT('Origin',(-50.9987192801803,46.4605215211381,-78.3980488318348));
#5402=CARTESIAN_POINT('Origin',(-50.9987192801803,45.4605215211381,-82.2480488318348));
#5403=CARTESIAN_POINT('Origin',(-49.4987192801803,45.4605215211381,-82.2480488318348));
#5404=CARTESIAN_POINT('',(-55.9987192801803,46.4605215211381,-82.2480488318348));
#5405=CARTESIAN_POINT('',(-49.4987192801803,46.4605215211381,-82.2480488318348));
#5406=CARTESIAN_POINT('Origin',(-55.9987192801803,45.4605215211381,-82.2480488318348));
#5407=CARTESIAN_POINT('Origin',(-55.9987192801803,45.4605215211381,-78.3980488318348));
#5408=CARTESIAN_POINT('Origin',(-55.9987192801803,45.4605215211381,-78.3980488318348));
#5409=CARTESIAN_POINT('Origin',(-55.9987192801803,46.4605215211381,-78.3980488318348));
#5410=CARTESIAN_POINT('Origin',(-55.9987192801803,40.4605215211381,-78.3980488318348));
#5411=CARTESIAN_POINT('',(-55.9987192801803,40.9605215211381,-75.5480488318348));
#5412=CARTESIAN_POINT('Origin',(-55.9987192801803,40.9605215211381,-78.3980488318348));
#5413=CARTESIAN_POINT('',(-55.9987192801803,40.4605215211381,-75.5480488318348));
#5414=CARTESIAN_POINT('Origin',(-55.9987192801803,40.4605215211381,-75.5480488318348));
#5415=CARTESIAN_POINT('',(-51.9987192801803,40.9605215211381,-75.5480488318348));
#5416=CARTESIAN_POINT('Origin',(-49.4987192801803,40.9605215211381,-81.7480488318348));
#5417=CARTESIAN_POINT('Origin',(-55.9987192801803,40.9605215211381,-81.7480488318348));
#5418=CARTESIAN_POINT('Origin',(-50.9987192801803,40.9605215211381,-81.7480488318348));
#5419=CARTESIAN_POINT('Origin',(-50.9987192801803,40.9605215211381,-78.3980488318348));
#5420=CARTESIAN_POINT('Origin',(-50.9987192801803,40.9605215211381,-75.0480488318348));
#5421=CARTESIAN_POINT('Origin',(-51.9987192801803,40.9605215211381,-75.0480488318348));
#5422=CARTESIAN_POINT('Origin',(-55.9987192801803,40.9605215211381,-75.0480488318348));
#5423=CARTESIAN_POINT('Origin',(-55.9987192801803,40.9605215211381,-78.3980488318348));
#5424=CARTESIAN_POINT('Origin',(-47.9987192801803,46.4605215211381,-78.3980488318348));
#5425=CARTESIAN_POINT('',(-47.2658862265482,46.4605215211381,-61.1979052019758));
#5426=CARTESIAN_POINT('Origin',(-27.3993224209303,43.326812936586,-83.8972863532278));
#5427=CARTESIAN_POINT('',(-28.8097316979513,44.6166055122411,-84.8206985636408));
#5428=CARTESIAN_POINT('Origin',(-28.9987192801803,43.634626034979,-84.8206985636408));
#5429=CARTESIAN_POINT('',(-27.2103348387012,44.308792413848,-83.8972863532278));
#5430=CARTESIAN_POINT('Origin',(-33.1947192801812,45.4605215211381,-74.8980488318348));
#5431=CARTESIAN_POINT('',(-28.8097316979523,44.6166055122411,-71.8535710240028));
#5432=CARTESIAN_POINT('',(-28.8097316979523,44.6166055122411,-73.1480488318348));
#5433=CARTESIAN_POINT('',(-39.4188963529193,46.6584000955681,-65.7283669334638));
#5434=CARTESIAN_POINT('Origin',(-28.9987192801803,43.634626034979,-84.8206985636408));
#5435=CARTESIAN_POINT('',(-27.9987192801803,43.634626034979,-84.8206985636408));
#5436=CARTESIAN_POINT('Origin',(-28.9987192801813,43.634626034979,-84.8206985636408));
#5437=CARTESIAN_POINT('Origin',(-28.9987192801803,43.634626034979,-84.8206985636408));
#5438=CARTESIAN_POINT('Origin',(-28.9987192801813,43.634626034979,-73.1480488318348));
#5439=CARTESIAN_POINT('',(-27.9987192801813,43.634626034979,-72.3218092633338));
#5440=CARTESIAN_POINT('Origin',(-28.9987192801813,43.634626034979,-71.7444589921538));
#5441=CARTESIAN_POINT('',(-27.9987192801813,43.634626034979,-73.1480488318348));
#5442=CARTESIAN_POINT('Origin',(-28.9987192801803,30.4605215211381,-84.8206985636408));
#5443=CARTESIAN_POINT('',(-27.9987192801803,30.4605215211381,-84.8206985636408));
#5444=CARTESIAN_POINT('Origin',(-55.9987192801803,12.4605215211381,-78.3980488318348));
#5445=CARTESIAN_POINT('',(-48.9874999999999,12.4605215211381,-86.2481586294384));
#5446=CARTESIAN_POINT('',(-48.9874999999999,12.4605215211381,-73.8230351764878));
#5447=CARTESIAN_POINT('',(-39.8772077346342,12.4605215211381,-90.3671099036068));
#5448=CARTESIAN_POINT('Origin',(-40.5346176356143,12.4605215211381,-83.3980488318348));
#5449=CARTESIAN_POINT('',(-39.8772077346353,12.4605215211381,-65.4637607329448));
#5450=CARTESIAN_POINT('',(-39.8772077346353,12.4605215211381,-76.6480488318348));
#5451=CARTESIAN_POINT('',(-56.7814018376562,12.4605215211381,-55.7041196834845));
#5452=CARTESIAN_POINT('',(-50.3444373277983,12.4605215211381,-59.4205028888278));
#5453=CARTESIAN_POINT('',(-49.5732864376268,12.4605215211381,-62.9122350835139));
#5454=CARTESIAN_POINT('',(-51.0152979923715,12.4605215211381,-61.4702235287692));
#5455=CARTESIAN_POINT('',(-48.9874999999999,12.4605215211381,-64.326448645887));
#5456=CARTESIAN_POINT('Origin',(-50.9874999999999,12.4605215211381,-64.326448645887));
#5457=CARTESIAN_POINT('',(-48.9874999999999,12.4605215211381,-70.7618798114445));
#5458=CARTESIAN_POINT('',(-48.9874999999999,12.4605215211381,-73.8230351764878));
#5459=CARTESIAN_POINT('',(-50.4000000508392,12.4605215211381,-71.6728373889735));
#5460=CARTESIAN_POINT('Origin',(-49.9874999999999,12.4605215211381,-70.7618798114445));
#5461=CARTESIAN_POINT('',(-50.4000000508392,12.4605215211381,-85.3372010519094));
#5462=CARTESIAN_POINT('Origin',(-53.4937504321336,12.4605215211381,-78.5050192204415));
#5463=CARTESIAN_POINT('Origin',(-49.9874999999999,12.4605215211381,-86.2481586294384));
#5464=CARTESIAN_POINT('',(-55.9987192801803,12.4605215211381,-76.3480488318348));
#5465=CARTESIAN_POINT('',(-55.9987192801803,12.4605215211381,-80.4480488318348));
#5466=CARTESIAN_POINT('Origin',(-55.9987192801803,12.4605215211381,-78.3980488318348));
#5467=CARTESIAN_POINT('',(-50.9987192801803,12.4605215211381,-76.3480488318348));
#5468=CARTESIAN_POINT('',(-53.4987192801803,12.4605215211381,-76.3480488318348));
#5469=CARTESIAN_POINT('',(-50.9987192801803,12.4605215211381,-80.4480488318348));
#5470=CARTESIAN_POINT('Origin',(-50.9987192801803,12.4605215211381,-78.3980488318348));
#5471=CARTESIAN_POINT('',(-55.9987192801803,12.4605215211381,-80.4480488318348));
#5472=CARTESIAN_POINT('Origin',(-50.9987192801803,20.4605215211381,-78.3980488318348));
#5473=CARTESIAN_POINT('',(-50.9987192801803,19.9605215211381,-79.9480488318348));
#5474=CARTESIAN_POINT('',(-50.9987192801803,19.9605215211381,-76.8480488318348));
#5475=CARTESIAN_POINT('Origin',(-50.9987192801803,19.9605215211381,-78.3980488318348));
#5476=CARTESIAN_POINT('',(-50.9987192801803,12.9605215211381,-79.9480488318348));
#5477=CARTESIAN_POINT('',(-50.9987192801803,20.4605215211381,-79.9480488318348));
#5478=CARTESIAN_POINT('',(-50.9987192801803,12.9605215211381,-76.8480488318348));
#5479=CARTESIAN_POINT('Origin',(-50.9987192801803,12.9605215211381,-78.3980488318348));
#5480=CARTESIAN_POINT('',(-50.9987192801803,20.4605215211381,-76.8480488318348));
#5481=CARTESIAN_POINT('Origin',(-50.9987192801803,20.4605215211381,-76.8480488318348));
#5482=CARTESIAN_POINT('',(-55.9987192801803,19.9605215211381,-76.8480488318348));
#5483=CARTESIAN_POINT('',(-53.4987192801803,19.9605215211381,-76.8480488318348));
#5484=CARTESIAN_POINT('',(-55.9987192801803,12.9605215211381,-76.8480488318348));
#5485=CARTESIAN_POINT('',(-53.4987192801803,12.9605215211381,-76.8480488318348));
#5486=CARTESIAN_POINT('',(-55.9987192801803,20.4605215211381,-76.8480488318348));
#5487=CARTESIAN_POINT('Origin',(-55.9987192801803,12.9605215211381,-80.4480488318348));
#5488=CARTESIAN_POINT('',(-55.9987192801803,12.9605215211381,-79.9480488318348));
#5489=CARTESIAN_POINT('Origin',(-55.9987192801803,12.9605215211381,-80.4480488318348));
#5490=CARTESIAN_POINT('Origin',(-50.9987192801803,12.9605215211381,-80.4480488318348));
#5491=CARTESIAN_POINT('',(-55.9987192801803,12.9605215211381,-79.9480488318348));
#5492=CARTESIAN_POINT('Origin',(-50.9987192801803,12.9605215211381,-78.3980488318348));
#5493=CARTESIAN_POINT('Origin',(-50.9987192801803,12.9605215211381,-76.3480488318348));
#5494=CARTESIAN_POINT('Origin',(-53.4987192801803,12.9605215211381,-76.3480488318348));
#5495=CARTESIAN_POINT('Origin',(-55.9987192801803,12.9605215211381,-76.3480488318348));
#5496=CARTESIAN_POINT('Origin',(-55.9987192801803,12.9605215211381,-78.3980488318348));
#5497=CARTESIAN_POINT('Origin',(-55.9987192801803,12.9605215211381,-78.3980488318348));
#5498=CARTESIAN_POINT('Origin',(-55.9987192801803,20.4605215211381,-78.3980488318348));
#5499=CARTESIAN_POINT('',(-55.9987192801803,19.9605215211381,-79.9480488318348));
#5500=CARTESIAN_POINT('Origin',(-55.9987192801803,19.9605215211381,-78.3980488318348));
#5501=CARTESIAN_POINT('',(-55.9987192801803,20.4605215211381,-79.9480488318348));
#5502=CARTESIAN_POINT('Origin',(-55.9987192801803,20.4605215211381,-79.9480488318348));
#5503=CARTESIAN_POINT('',(-55.9987192801803,19.9605215211381,-79.9480488318348));
#5504=CARTESIAN_POINT('Origin',(-53.4987192801803,19.9605215211381,-76.3480488318348));
#5505=CARTESIAN_POINT('',(-55.9987192801803,20.4605215211381,-76.3480488318348));
#5506=CARTESIAN_POINT('Origin',(-55.9987192801803,19.9605215211381,-76.3480488318348));
#5507=CARTESIAN_POINT('',(-50.9987192801803,20.4605215211381,-76.3480488318348));
#5508=CARTESIAN_POINT('',(-53.4987192801803,20.4605215211381,-76.3480488318348));
#5509=CARTESIAN_POINT('Origin',(-50.9987192801803,19.9605215211381,-76.3480488318348));
#5510=CARTESIAN_POINT('Origin',(-50.9987192801803,19.9605215211381,-78.3980488318348));
#5511=CARTESIAN_POINT('',(-50.9987192801803,20.4605215211381,-80.4480488318348));
#5512=CARTESIAN_POINT('Origin',(-50.9987192801803,20.4605215211381,-78.3980488318348));
#5513=CARTESIAN_POINT('Origin',(-50.9987192801803,19.9605215211381,-80.4480488318348));
#5514=CARTESIAN_POINT('Origin',(-55.9987192801803,19.9605215211381,-80.4480488318348));
#5515=CARTESIAN_POINT('',(-55.9987192801803,20.4605215211381,-80.4480488318348));
#5516=CARTESIAN_POINT('',(-55.9987192801803,20.4605215211381,-80.4480488318348));
#5517=CARTESIAN_POINT('Origin',(-55.9987192801803,19.9605215211381,-80.4480488318348));
#5518=CARTESIAN_POINT('Origin',(-55.9987192801803,19.9605215211381,-78.3980488318348));
#5519=CARTESIAN_POINT('Origin',(-55.9987192801803,20.4605215211381,-78.3980488318348));
#5520=CARTESIAN_POINT('Origin',(-39.8772077346353,20.4605215211381,-76.6480488318348));
#5521=CARTESIAN_POINT('',(-37.0034494813813,12.9944975791831,-67.1229258397668));
#5522=CARTESIAN_POINT('Origin',(-39.8772077346353,20.4605215211381,-65.4637607329448));
#5523=CARTESIAN_POINT('',(-37.0034494813813,12.9944975791831,-89.6381404595038));
#5524=CARTESIAN_POINT('Ctrl Pts',(-37.0034494813802,12.994497579182,-89.6381404595038));
#5525=CARTESIAN_POINT('Ctrl Pts',(-37.8665705493243,12.66227237982,-90.0220376322358));
#5526=CARTESIAN_POINT('Ctrl Pts',(-38.8580895521682,12.4605215211381,-90.2829908121748));
#5527=CARTESIAN_POINT('Ctrl Pts',(-39.8772077346342,12.4605215211381,-90.3671099036068));
#5528=CARTESIAN_POINT('',(-37.0034494813813,12.9944975791831,-76.6480488318348));
#5529=CARTESIAN_POINT('Origin',(-40.5346176356143,13.4605215211381,-83.3980488318348));
#5530=CARTESIAN_POINT('Origin',(-39.8772077346342,13.4605215211381,-90.3671099036068));
#5531=CARTESIAN_POINT('Ctrl Pts',(-39.7832920344943,13.4605215211381,-91.3626900567178));
#5532=CARTESIAN_POINT('Ctrl Pts',(-38.7641738520273,13.4605215211381,-91.2665539522238));
#5533=CARTESIAN_POINT('Ctrl Pts',(-37.7726548491842,13.6370535224851,-90.9683217465788));
#5534=CARTESIAN_POINT('Ctrl Pts',(-36.9095337812413,13.9277505719271,-90.5295821205998));
#5535=CARTESIAN_POINT('Ctrl Pts',(-39.7832920344943,13.1613222207961,-91.3626900567178));
#5536=CARTESIAN_POINT('Ctrl Pts',(-38.7258331152393,13.1636504503371,-91.2628428469928));
#5537=CARTESIAN_POINT('Ctrl Pts',(-37.7050590997312,13.359692711267,-90.9463810842918));
#5538=CARTESIAN_POINT('Ctrl Pts',(-36.8319800707702,13.6742050910671,-90.4901602049628));
#5539=CARTESIAN_POINT('Ctrl Pts',(-39.8068969348493,12.6435761847451,-91.1124595811508));
#5540=CARTESIAN_POINT('Ctrl Pts',(-38.7163885573883,12.6496105610421,-91.0136892604758));
#5541=CARTESIAN_POINT('Ctrl Pts',(-37.6687487152233,12.8793440314401,-90.6944890069608));
#5542=CARTESIAN_POINT('Ctrl Pts',(-36.7875456836533,13.233704258074,-90.2440159886578));
#5543=CARTESIAN_POINT('Ctrl Pts',(-39.8561331008053,12.4605215211381,-90.5905175675408));
#5544=CARTESIAN_POINT('Ctrl Pts',(-38.8085427831193,12.4632315718681,-90.5020205494538));
#5545=CARTESIAN_POINT('Ctrl Pts',(-37.7942581645953,12.6792904544901,-90.2235714704238));
#5546=CARTESIAN_POINT('Ctrl Pts',(-36.9230330866173,13.0254507719321,-89.8197801164718));
#5547=CARTESIAN_POINT('Ctrl Pts',(-39.8772077346342,12.4605215211381,-90.3671099036068));
#5548=CARTESIAN_POINT('Ctrl Pts',(-38.8580895521682,12.4605215211381,-90.2829908121748));
#5549=CARTESIAN_POINT('Ctrl Pts',(-37.8665705493243,12.66227237982,-90.0220376322358));
#5550=CARTESIAN_POINT('Ctrl Pts',(-37.0034494813802,12.994497579182,-89.6381404595038));
#5551=CARTESIAN_POINT('Origin',(-37.3626692630373,13.9277505719271,-89.6381404595038));
#5552=CARTESIAN_POINT('Ctrl Pts',(-36.6753978449083,13.1207684169321,-89.4602266531008));
#5553=CARTESIAN_POINT('Ctrl Pts',(-36.7831414441593,13.079296669722,-89.5224324493468));
#5554=CARTESIAN_POINT('Ctrl Pts',(-36.8925438049973,13.0371864461511,-89.5817651527448));
#5555=CARTESIAN_POINT('Ctrl Pts',(-37.0034494813802,12.9944975791831,-89.6381404595038));
#5556=CARTESIAN_POINT('Ctrl Pts',(-36.5581757786293,13.1658885348221,-89.6933421878418));
#5557=CARTESIAN_POINT('Ctrl Pts',(-36.6691666530063,13.1231333038041,-89.7586615517478));
#5558=CARTESIAN_POINT('Ctrl Pts',(-36.7819177820823,13.07980333532,-89.8209818233638));
#5559=CARTESIAN_POINT('Ctrl Pts',(-36.8962276216953,13.0357685028491,-89.8803266687938));
#5560=CARTESIAN_POINT('Ctrl Pts',(-36.4242228595073,13.4255805366091,-90.0984885280228));
#5561=CARTESIAN_POINT('Ctrl Pts',(-36.5414949541783,13.3822152589471,-90.1691200053688));
#5562=CARTESIAN_POINT('Ctrl Pts',(-36.6606479597473,13.338140146699,-90.2366953605478));
#5563=CARTESIAN_POINT('Ctrl Pts',(-36.7815325505003,13.29345763945,-90.3010923033238));
#5564=CARTESIAN_POINT('Ctrl Pts',(-36.4802270872273,13.8656125855631,-90.2948496642488));
#5565=CARTESIAN_POINT('Ctrl Pts',(-36.6020875070133,13.823576788706,-90.3665031567418));
#5566=CARTESIAN_POINT('Ctrl Pts',(-36.7258471190112,13.7808741769071,-90.4349012457518));
#5567=CARTESIAN_POINT('Ctrl Pts',(-36.8513684983883,13.737591461282,-90.5000156838718));
#5568=CARTESIAN_POINT('Ctrl Pts',(-36.5346176252723,14.054021409676,-90.3262520561388));
#5569=CARTESIAN_POINT('Ctrl Pts',(-36.6577531672743,14.012549662466,-90.3973443947058));
#5570=CARTESIAN_POINT('Ctrl Pts',(-36.7827844368023,13.970439438895,-90.4651531985898));
#5571=CARTESIAN_POINT('Ctrl Pts',(-36.9095337812413,13.9277505719271,-90.5295821205998));
#5572=CARTESIAN_POINT('',(-36.6753978449083,13.1207684169321,-89.4602266531008));
#5573=CARTESIAN_POINT('Origin',(-37.0346176265653,14.054021409676,-89.4602266531008));
#5574=CARTESIAN_POINT('Origin',(-40.1753978539573,11.7735782671821,-83.3980488318348));
#5575=CARTESIAN_POINT('Origin',(-32.9987192801863,30.4605215211381,-88.2848001877388));
#5576=CARTESIAN_POINT('',(-32.9987192801863,17.4611980752821,-69.4350579074298));
#5577=CARTESIAN_POINT('Origin',(-33.1947192801812,14.4605215211381,-74.8980488318348));
#5578=CARTESIAN_POINT('',(-28.6394994985243,16.213877865117,-71.9518546305068));
#5579=CARTESIAN_POINT('',(-28.6394994985243,16.213877865117,-84.8206985636408));
#5580=CARTESIAN_POINT('',(-28.6394994985243,16.213877865117,-73.1480488318348));
#5581=CARTESIAN_POINT('',(-42.9139539529333,10.719476612458,-63.7104944803058));
#5582=CARTESIAN_POINT('',(-26.5166770496873,17.030976575216,-83.5950864471378));
#5583=CARTESIAN_POINT('Origin',(-26.8758968313443,17.9642295679601,-83.5950864471378));
#5584=CARTESIAN_POINT('Origin',(-28.9987192801813,17.1471308578611,-84.8206985636408));
#5585=CARTESIAN_POINT('Origin',(-28.9987192801813,17.1471308578611,-84.8206985636408));
#5586=CARTESIAN_POINT('',(-27.9987192801803,17.1471308578611,-84.8206985636408));
#5587=CARTESIAN_POINT('Origin',(-28.9987192801803,17.1471308578611,-84.8206985636408));
#5588=CARTESIAN_POINT('Origin',(-28.9987192801813,17.1471308578611,-84.8206985636408));
#5589=CARTESIAN_POINT('Origin',(-28.9987192801813,17.1471308578611,-73.1480488318348));
#5590=CARTESIAN_POINT('',(-27.9987192801813,17.1471308578611,-72.3218092633338));
#5591=CARTESIAN_POINT('Origin',(-28.9987192801813,17.1471308578611,-71.7444589921538));
#5592=CARTESIAN_POINT('',(-27.9987192801813,17.1471308578611,-73.1480488318348));
#5593=CARTESIAN_POINT('Origin',(-27.9987192801813,30.4605215211381,-71.3980488318348));
#5594=CARTESIAN_POINT('',(-27.9987192801813,17.4611980752821,-72.3218092633338));
#5595=CARTESIAN_POINT('',(-27.9987192801803,30.4605215211381,-84.8206985636408));
#5596=CARTESIAN_POINT('',(-27.9987192801813,17.4611980752821,-72.3218092633338));
#5597=CARTESIAN_POINT('Origin',(-28.9987192801803,30.4605215211381,-84.8206985636408));
#5598=CARTESIAN_POINT('Origin',(-49.9874999999999,20.4605215211381,-70.7618798114445));
#5599=CARTESIAN_POINT('',(-48.9874999999999,4.46052152113806,-70.7618798114445));
#5600=CARTESIAN_POINT('',(-48.9874999999999,20.4605215211381,-70.7618798114445));
#5601=CARTESIAN_POINT('',(-49.9874999999999,5.46052152113806,-71.7618798114445));
#5602=CARTESIAN_POINT('Origin',(-49.9874999999999,4.46052152113806,-70.7618798114445));
#5603=CARTESIAN_POINT('',(-50.4000000508392,5.46052152113806,-71.6728373889735));
#5604=CARTESIAN_POINT('Origin',(-49.9874999999999,5.46052152113806,-70.7618798114445));
#5605=CARTESIAN_POINT('',(-50.4000000508392,20.4605215211381,-71.6728373889735));
#5606=CARTESIAN_POINT('Origin',(-50.9874999999999,-9.80197847886194,-64.326448645887));
#5607=CARTESIAN_POINT('',(-49.5732864376268,-10.6971894118954,-62.9122350835139));
#5608=CARTESIAN_POINT('',(-49.5732864376268,-9.80197847886194,-62.9122350835139));
#5609=CARTESIAN_POINT('',(-48.9874999999999,-12.4365095403313,-64.326448645887));
#5610=CARTESIAN_POINT('Origin',(-50.9874999999999,-12.4365095403313,-64.326448645887));
#5611=CARTESIAN_POINT('',(-48.9874999999999,-9.80197847886194,-64.326448645887));
#5612=CARTESIAN_POINT('Origin',(-48.9874999999999,-18.4894784788619,-69.2480215211408));
#5613=CARTESIAN_POINT('',(-48.9874999999999,-37.2394784788619,-84.4933486239446));
#5614=CARTESIAN_POINT('',(-48.9874999999999,-31.8644784788619,-80.1230215211408));
#5615=CARTESIAN_POINT('',(-48.9874999999999,-37.2394784788619,-98.9980215211408));
#5616=CARTESIAN_POINT('',(-48.9874999999999,-37.2394784788619,-82.1230215211408));
#5617=CARTESIAN_POINT('',(-48.9874999999999,20.4605215211381,-98.9980215211408));
#5618=CARTESIAN_POINT('',(-48.9874999999999,-1.11447847886193,-98.9980215211408));
#5619=CARTESIAN_POINT('',(-48.9874999999999,20.4605215211381,-81.2480215211408));
#5620=CARTESIAN_POINT('',(-48.9874999999999,4.46052152113806,-86.2481586294384));
#5621=CARTESIAN_POINT('',(-48.9874999999999,20.4605215211381,-86.2481586294384));
#5622=CARTESIAN_POINT('',(-48.9874999999999,4.46052152113806,-73.8765203707911));
#5623=CARTESIAN_POINT('Origin',(-56.9874999999999,-1.11447847886194,-55.4980215211408));
#5624=CARTESIAN_POINT('',(-56.7814018376563,-1.8320359888707,-55.7041196834844));
#5625=CARTESIAN_POINT('',(-56.7814018376563,-6.75197847886194,-55.7041196834845));
#5626=CARTESIAN_POINT('',(-44.2296131568058,-17.2692933319856,-68.2559083643349));
#5627=CARTESIAN_POINT('Origin',(-58.4874999999999,20.4605215211381,-93.2480215211408));
#5628=CARTESIAN_POINT('',(-105.987499999999,20.4605215211381,-71.4980215211408));
#5629=CARTESIAN_POINT('',(-105.987499999999,20.4605215211381,-80.1230215211408));
#5630=CARTESIAN_POINT('',(-103.987499999999,20.4605215211381,-69.4980215211408));
#5631=CARTESIAN_POINT('Origin',(-103.987499999999,20.4605215211381,-71.4980215211408));
#5632=CARTESIAN_POINT('',(-91.9874999999993,20.4605215211381,-69.4980215211408));
#5633=CARTESIAN_POINT('',(-94.9874999999993,20.4605215211381,-69.4980215211408));
#5634=CARTESIAN_POINT('',(-85.9874999999993,20.4605215211381,-63.4980215211408));
#5635=CARTESIAN_POINT('Origin',(-91.9874999999993,20.4605215211381,-63.4980215211408));
#5636=CARTESIAN_POINT('',(-85.9874999999993,20.4605215211381,-51.4980215211408));
#5637=CARTESIAN_POINT('',(-85.9874999999993,20.4605215211381,-66.3730215211408));
#5638=CARTESIAN_POINT('',(-83.9874999999993,20.4605215211381,-49.4980215211408));
#5639=CARTESIAN_POINT('Origin',(-83.9874999999993,20.4605215211381,-51.4980215211408));
#5640=CARTESIAN_POINT('',(-82.9874999999993,20.4605215211381,-49.4980215211408));
#5641=CARTESIAN_POINT('',(-53.6340977604406,20.4605215211381,-57.5212165459513));
#5642=CARTESIAN_POINT('',(-57.2374999999996,20.4605215211381,-98.9980215211408));
#5643=CARTESIAN_POINT('',(-97.9624999999993,20.4605215211381,-74.9980215211408));
#5644=CARTESIAN_POINT('Origin',(-97.9624999999993,20.4605215211381,-77.4980215211408));
#5645=CARTESIAN_POINT('',(-77.9874999999993,20.4605215211381,-54.9980215211408));
#5646=CARTESIAN_POINT('Origin',(-77.9874999999993,20.4605215211381,-57.4980215211408));
#5647=CARTESIAN_POINT('',(-77.9624999999993,20.4605215211381,-74.9980215211408));
#5648=CARTESIAN_POINT('Origin',(-77.9624999999993,20.4605215211381,-77.4980215211408));
#5649=CARTESIAN_POINT('Origin',(-77.9874999999993,16.2605215211381,-57.4980215211408));
#5650=CARTESIAN_POINT('',(-77.9874999999993,13.2605215211381,-53.2480215211408));
#5651=CARTESIAN_POINT('Origin',(-77.9874999999993,13.2605215211381,-57.4980215211408));
#5652=CARTESIAN_POINT('',(-77.9874999999993,8.26052152113806,-53.2480215211408));
#5653=CARTESIAN_POINT('',(-77.9874999999993,16.2605215211381,-53.2480215211408));
#5654=CARTESIAN_POINT('',(-74.9657473475926,8.26052152113807,-60.4865848729326));
#5655=CARTESIAN_POINT('Origin',(-77.9874999999993,8.26052152113807,-57.4980215211408));
#5656=CARTESIAN_POINT('',(-74.9657473475926,8.26052152113807,-54.509458169349));
#5657=CARTESIAN_POINT('Ctrl Pts',(-74.9657473475926,8.26052152113806,-60.4865848729326));
#5658=CARTESIAN_POINT('Ctrl Pts',(-74.595551294537,8.26052152113806,-60.1122776311067));
#5659=CARTESIAN_POINT('Ctrl Pts',(-74.2753989038545,8.2497473815992,-59.6413237785358));
#5660=CARTESIAN_POINT('Ctrl Pts',(-73.8444328764624,8.23024823999567,-58.6022453565871));
#5661=CARTESIAN_POINT('Ctrl Pts',(-73.7374999999993,8.22277110511857,-58.0324061154407));
#5662=CARTESIAN_POINT('Ctrl Pts',(-73.7374999999993,8.22277110511857,-57.4980215211408));
#5663=CARTESIAN_POINT('Ctrl Pts',(-73.7374999999993,8.22277110511857,-56.9636369268409));
#5664=CARTESIAN_POINT('Ctrl Pts',(-73.8444328764624,8.23024823999567,-56.3937976856945));
#5665=CARTESIAN_POINT('Ctrl Pts',(-74.2753989038545,8.2497473815992,-55.3547192637458));
#5666=CARTESIAN_POINT('Ctrl Pts',(-74.595551294537,8.26052152113807,-54.8837654111749));
#5667=CARTESIAN_POINT('Ctrl Pts',(-74.9657473475926,8.26052152113807,-54.509458169349));
#5668=CARTESIAN_POINT('Origin',(-77.9874999999993,8.26052152113807,-57.4980215211408));
#5669=CARTESIAN_POINT('Origin',(-77.9874999999993,16.2605215211381,-57.4980215211408));
#5670=CARTESIAN_POINT('',(-77.9874999999993,13.2605215211381,-54.9980215211408));
#5671=CARTESIAN_POINT('',(-77.9874999999993,16.2605215211381,-54.9980215211408));
#5672=CARTESIAN_POINT('Origin',(-77.9874999999993,13.2605215211381,-57.4980215211408));
#5673=CARTESIAN_POINT('Origin',(-62.4874999999999,-8.52697847886184,-90.960521521138));
#5674=CARTESIAN_POINT('',(-62.4874999999999,-10.0269784788618,-90.9980215211408));
#5675=CARTESIAN_POINT('Origin',(-62.4874999999999,-8.52697847886184,-90.9980215211408));
#5676=CARTESIAN_POINT('',(-62.4874999999999,-10.0269784788618,-98.9980215211408));
#5677=CARTESIAN_POINT('',(-62.4874999999999,-10.0269784788618,-90.960521521138));
#5678=CARTESIAN_POINT('Origin',(-62.4874999999999,-8.52697847886183,-98.9980215211408));
#5679=CARTESIAN_POINT('Origin',(-93.4874999999998,-39.5269784788618,-90.960521521138));
#5680=CARTESIAN_POINT('',(-93.4874999999998,-41.0269784788618,-90.9980215211408));
#5681=CARTESIAN_POINT('Origin',(-93.4874999999998,-39.5269784788618,-90.9980215211408));
#5682=CARTESIAN_POINT('',(-93.4874999999998,-41.0269784788618,-98.9980215211408));
#5683=CARTESIAN_POINT('',(-93.4874999999998,-41.0269784788618,-90.960521521138));
#5684=CARTESIAN_POINT('Origin',(-93.4874999999998,-39.5269784788618,-98.9980215211408));
#5685=CARTESIAN_POINT('Origin',(-62.4874999999999,-39.5269784788618,-90.960521521138));
#5686=CARTESIAN_POINT('',(-62.4874999999999,-41.0269784788618,-90.9980215211408));
#5687=CARTESIAN_POINT('Origin',(-62.4874999999999,-39.5269784788618,-90.9980215211408));
#5688=CARTESIAN_POINT('',(-62.4874999999999,-41.0269784788618,-98.9980215211408));
#5689=CARTESIAN_POINT('',(-62.4874999999999,-41.0269784788618,-90.960521521138));
#5690=CARTESIAN_POINT('Origin',(-62.4874999999999,-39.5269784788618,-98.9980215211408));
#5691=CARTESIAN_POINT('Origin',(-93.4874999999998,-8.52697847886183,-90.960521521138));
#5692=CARTESIAN_POINT('',(-93.4874999999998,-10.0269784788618,-90.9980215211408));
#5693=CARTESIAN_POINT('Origin',(-93.4874999999998,-8.52697847886183,-90.9980215211408));
#5694=CARTESIAN_POINT('',(-93.4874999999998,-10.0269784788618,-98.9980215211408));
#5695=CARTESIAN_POINT('',(-93.4874999999998,-10.0269784788618,-90.960521521138));
#5696=CARTESIAN_POINT('Origin',(-93.4874999999998,-8.52697847886182,-98.9980215211408));
#5697=CARTESIAN_POINT('Origin',(-77.9874999999993,13.2605215211381,-57.4980215211408));
#5698=CARTESIAN_POINT('Origin',(-101.854576034329,16.2605215211381,-73.2408954552893));
#5699=CARTESIAN_POINT('',(-102.721652068658,-0.780245533992625,-75.9648967423361));
#5700=CARTESIAN_POINT('',(-101.058022179206,0.883384355459267,-70.738446257467));
#5701=CARTESIAN_POINT('',(-100.925713779674,1.01569275499097,-70.3227869192516));
#5702=CARTESIAN_POINT('',(-102.721652068658,-11.015130578179,-75.9648967423362));
#5703=CARTESIAN_POINT('',(-103.46949962089,-16.3638414451416,-78.3143304876375));
#5704=CARTESIAN_POINT('',(-102.721652068658,16.2605215211381,-75.9648967423361));
#5705=CARTESIAN_POINT('Origin',(-93.9164321881344,3.26052152113807,-71.7480215211408));
#5706=CARTESIAN_POINT('',(-93.9164321881344,8.26052152113807,-67.4980215211408));
#5707=CARTESIAN_POINT('',(-97.4519660940672,6.79605542707077,-68.1412916746096));
#5708=CARTESIAN_POINT('Origin',(-93.9164321881344,3.26052152113807,-69.6942832033838));
#5709=CARTESIAN_POINT('',(-97.4519660940672,6.79605542707077,-72.5241543002659));
#5710=CARTESIAN_POINT('',(-97.4519660940672,6.79605542707077,-71.7480215211408));
#5711=CARTESIAN_POINT('',(-93.9164321881344,8.26052152113808,-74.5604484987649));
#5712=CARTESIAN_POINT('Ctrl Pts',(-93.9164321881344,8.26052152113807,-74.5604484987649));
#5713=CARTESIAN_POINT('Ctrl Pts',(-94.1692102296346,8.26052152113807,-74.2122845248075));
#5714=CARTESIAN_POINT('Ctrl Pts',(-94.464725130223,8.24080171628131,-73.9015357171669));
#5715=CARTESIAN_POINT('Ctrl Pts',(-95.0585930024677,8.13641112459733,-73.4119773613001));
#5716=CARTESIAN_POINT('Ctrl Pts',(-95.3817723001784,8.05397743779185,-73.1996697217875));
#5717=CARTESIAN_POINT('Ctrl Pts',(-96.040287715382,7.80075055003988,-72.867569845417));
#5718=CARTESIAN_POINT('Ctrl Pts',(-96.3747610443976,7.62872393988786,-72.7470094264415));
#5719=CARTESIAN_POINT('Ctrl Pts',(-96.9453653305798,7.25237026917895,-72.59424171686));
#5720=CARTESIAN_POINT('Ctrl Pts',(-97.2097710847905,7.03825043634748,-72.5490139836053));
#5721=CARTESIAN_POINT('Ctrl Pts',(-97.4519660940672,6.79605542707075,-72.5241543002659));
#5722=CARTESIAN_POINT('',(-93.9164321881344,8.26052152113807,-71.7480215211408));
#5723=CARTESIAN_POINT('Origin',(-98.4874999999999,5.76052152113807,-74.2480215211408));
#5724=CARTESIAN_POINT('',(-98.6932133859218,5.55480813521616,-68.6865124476672));
#5725=CARTESIAN_POINT('',(-100.052107167452,4.19591435368577,-72.9556056566773));
#5726=CARTESIAN_POINT('',(-99.6967948602143,4.55122666092377,-71.8393584720011));
#5727=CARTESIAN_POINT('',(-97.9624999999993,6.28552152113867,-72.4980215211408));
#5728=CARTESIAN_POINT('Origin',(-97.9624999999993,6.28552152113867,-77.4980215211408));
#5729=CARTESIAN_POINT('Origin',(-97.9624999999993,6.28552152113867,-77.4980215211408));
#5730=CARTESIAN_POINT('',(-115.09137043454,-10.8433489134021,-75.8894412447238));
#5731=CARTESIAN_POINT('Origin',(-96.1612609542815,1.01569275499097,-71.8393584720011));
#5732=CARTESIAN_POINT('Origin',(-95.7323630114295,1.44459069784297,-70.4919350603452));
#5733=CARTESIAN_POINT('Ctrl Pts',(-100.052107167452,4.19591435368576,-72.9556056566773));
#5734=CARTESIAN_POINT('Ctrl Pts',(-100.466846286038,3.78117523510025,-73.1463944044887));
#5735=CARTESIAN_POINT('Ctrl Pts',(-100.858549161453,3.29729922615833,-73.3983269585402));
#5736=CARTESIAN_POINT('Ctrl Pts',(-101.538789111624,2.278451595663,-73.9747950262612));
#5737=CARTESIAN_POINT('Ctrl Pts',(-101.825623452959,1.74280905161038,-74.3003954927629));
#5738=CARTESIAN_POINT('Ctrl Pts',(-102.205114676316,0.896603363307729,-74.838200519521));
#5739=CARTESIAN_POINT('Ctrl Pts',(-102.35164356371,0.514612496033902,-75.0888632893527));
#5740=CARTESIAN_POINT('Ctrl Pts',(-102.522436224465,-0.0100298241475683,
-75.4427507029823));
#5741=CARTESIAN_POINT('Ctrl Pts',(-102.573631340439,-0.183259359299148,
-75.5612520118877));
#5742=CARTESIAN_POINT('Ctrl Pts',(-102.637611671601,-0.418926156532469,
-75.7241182074975));
#5743=CARTESIAN_POINT('Ctrl Pts',(-102.657576582694,-0.496187131900023,
-75.777825974302));
#5744=CARTESIAN_POINT('Ctrl Pts',(-102.68416930893,-0.603953051126376,-75.8528640372709));
#5745=CARTESIAN_POINT('Ctrl Pts',(-102.69268570057,-0.639501406142995,-75.8775332548197));
#5746=CARTESIAN_POINT('Ctrl Pts',(-102.704649056448,-0.690582120872922,
-75.913038591553));
#5747=CARTESIAN_POINT('Ctrl Pts',(-102.708504740585,-0.707501773764441,
-75.9246235323351));
#5748=CARTESIAN_POINT('Ctrl Pts',(-102.714065847974,-0.732813036817577,
-75.9415330046775));
#5749=CARTESIAN_POINT('Ctrl Pts',(-102.715867820543,-0.74119143289654,-75.9470458839768));
#5750=CARTESIAN_POINT('Ctrl Pts',(-102.718452943082,-0.754351332925451,
-75.9549987147372));
#5751=CARTESIAN_POINT('Ctrl Pts',(-102.719288660948,-0.758773282519289,
-75.9575775076316));
#5752=CARTESIAN_POINT('Ctrl Pts',(-102.720812680095,-0.76838032727518,-75.9622915360457));
#5753=CARTESIAN_POINT('Ctrl Pts',(-102.721652068658,-0.773302709497403,
-75.9648967423362));
#5754=CARTESIAN_POINT('Ctrl Pts',(-102.721652068658,-0.780245533992665,
-75.9648967423362));
#5755=CARTESIAN_POINT('Origin',(-101.854576034329,16.2605215211381,-81.7551475869923));
#5756=CARTESIAN_POINT('',(-101.223047174607,-28.7139742314287,-83.7391551694645));
#5757=CARTESIAN_POINT('',(-101.223047174607,-1.45869571699933,-83.7391551694645));
#5758=CARTESIAN_POINT('',(-101.223047174607,-1.11447847886193,-83.7391551694645));
#5759=CARTESIAN_POINT('',(-102.721652068658,1.12996578671507,-79.0311462999454));
#5760=CARTESIAN_POINT('',(-101.890678865148,-0.305441471785826,-81.6417271328189));
#5761=CARTESIAN_POINT('',(-102.721652068658,-17.9957412731618,-79.0311462999454));
#5762=CARTESIAN_POINT('',(-102.721652068658,16.2605215211381,-79.0311462999454));
#5763=CARTESIAN_POINT('',(-102.789373727233,-17.5113864470098,-78.818392310888));
#5764=CARTESIAN_POINT('Origin',(-97.1262260397551,-0.305441471785826,-80.1251555800694));
#5765=CARTESIAN_POINT('',(-101.039226008757,2.84658620429077,-81.4393102782654));
#5766=CARTESIAN_POINT('Ctrl Pts',(-102.721652068662,1.12996578672212,-79.0311462999327));
#5767=CARTESIAN_POINT('Ctrl Pts',(-102.721652068662,1.13266017042364,-79.0311462999318));
#5768=CARTESIAN_POINT('Ctrl Pts',(-102.72150251502,1.13487685708943,-79.0316106233161));
#5769=CARTESIAN_POINT('Ctrl Pts',(-102.721050539953,1.13875843990212,-79.0330125230946));
#5770=CARTESIAN_POINT('Ctrl Pts',(-102.720758169659,1.14043580485046,-79.033918593597));
#5771=CARTESIAN_POINT('Ctrl Pts',(-102.71972044849,1.14505875252305,-79.0371317470731));
#5772=CARTESIAN_POINT('Ctrl Pts',(-102.71890557686,1.14773243085451,-79.0396490312383));
#5773=CARTESIAN_POINT('Ctrl Pts',(-102.716075691456,1.15577068252669,-79.0483619067609));
#5774=CARTESIAN_POINT('Ctrl Pts',(-102.713795225825,1.16096402232938,-79.0553464830261));
#5775=CARTESIAN_POINT('Ctrl Pts',(-102.706049032851,1.17766247054489,-79.0788491879439));
#5776=CARTESIAN_POINT('Ctrl Pts',(-102.699831176742,1.18987626054498,-79.0974053949655));
#5777=CARTESIAN_POINT('Ctrl Pts',(-102.669433787348,1.24821164681794,-79.1863650731625));
#5778=CARTESIAN_POINT('Ctrl Pts',(-102.637741612709,1.30339403258334,-79.2722609692303));
#5779=CARTESIAN_POINT('Ctrl Pts',(-102.507869694176,1.51629606503754,-79.5993628434306));
#5780=CARTESIAN_POINT('Ctrl Pts',(-102.358757491478,1.71458803831733,-79.8959713446238));
#5781=CARTESIAN_POINT('Ctrl Pts',(-102.020803131842,2.09100834281751,-80.4412079526277));
#5782=CARTESIAN_POINT('Ctrl Pts',(-101.774448630738,2.31930529202875,-80.7587676723001));
#5783=CARTESIAN_POINT('Ctrl Pts',(-101.346425896484,2.64319958165225,-81.1843169155165));
#5784=CARTESIAN_POINT('Ctrl Pts',(-101.195585219221,2.74752107698248,-81.3172500895324));
#5785=CARTESIAN_POINT('Ctrl Pts',(-101.039226008757,2.84658620429083,-81.4393102782654));
#5786=CARTESIAN_POINT('',(-99.9941282551476,1.04130428300067,-84.722583616715));
#5787=CARTESIAN_POINT('Origin',(-96.4585943492148,-1.45869571699933,-82.222583616715));
#5788=CARTESIAN_POINT('',(-100.661759945688,2.19455852821417,-82.6251555800694));
#5789=CARTESIAN_POINT('Origin',(-105.9875,-1.11447847886193,-85.255726722214));
#5790=CARTESIAN_POINT('',(-100.9875,-32.1665945749223,-85.2557267222141));
#5791=CARTESIAN_POINT('Origin',(-105.9875,-32.1665945749223,-85.2557267222141));
#5792=CARTESIAN_POINT('',(-100.9875,-3.82561080468133,-85.255726722214));
#5793=CARTESIAN_POINT('',(-100.9875,-1.11447847886193,-85.255726722214));
#5794=CARTESIAN_POINT('Origin',(-105.9875,-17.9677464284123,-85.255726722214));
#5795=CARTESIAN_POINT('Ctrl Pts',(-99.5230339277618,-1.32626900427823,-87.7563848909398));
#5796=CARTESIAN_POINT('Ctrl Pts',(-99.5229657592816,-0.298504081269129,
-86.7287163727199));
#5797=CARTESIAN_POINT('Ctrl Pts',(-99.6825563827624,0.503325648165371,-85.7011914191314));
#5798=CARTESIAN_POINT('Ctrl Pts',(-99.9943279079417,1.04164908745947,-84.721956460567));
#5799=CARTESIAN_POINT('Ctrl Pts',(-100.448751564265,-1.98078797667403,-87.1017438978915));
#5800=CARTESIAN_POINT('Ctrl Pts',(-100.361082063639,-0.988272784303126,
-86.2293519286688));
#5801=CARTESIAN_POINT('Ctrl Pts',(-100.432263137296,-0.210769490759026,
-85.3562173254608));
#5802=CARTESIAN_POINT('Ctrl Pts',(-100.648160122977,0.310669679809172,-84.5282767292517));
#5803=CARTESIAN_POINT('Ctrl Pts',(-100.987633190459,-2.90077739370283,-86.1816333186581));
#5804=CARTESIAN_POINT('Ctrl Pts',(-100.890392936345,-1.89189062374003,-85.5147984926589));
#5805=CARTESIAN_POINT('Ctrl Pts',(-100.925674201887,-1.10252839756473,-84.8324369188499));
#5806=CARTESIAN_POINT('Ctrl Pts',(-101.082486018215,-0.572994338550528,
-84.1807732832271));
#5807=CARTESIAN_POINT('Ctrl Pts',(-100.98749999162,-3.82645176714653,-85.2558730267446));
#5808=CARTESIAN_POINT('Ctrl Pts',(-100.987485101936,-2.79868311617653,-84.74206898235));
#5809=CARTESIAN_POINT('Ctrl Pts',(-101.067289203114,-1.99685092470973,-84.2283398002209));
#5810=CARTESIAN_POINT('Ctrl Pts',(-101.223174782074,-1.45852574972773,-83.7387543214483));
#5811=CARTESIAN_POINT('',(-99.5230339059326,-1.32561080468133,-87.755726722214));
#5812=CARTESIAN_POINT('Origin',(-95.9874999999999,-3.82561080468133,-85.255726722214));
#5813=CARTESIAN_POINT('Origin',(-109.523033905933,-15.4677464284123,-87.755726722214));
#5814=CARTESIAN_POINT('Origin',(-81.9874999999993,8.26052152113807,-69.2480215211408));
#5815=CARTESIAN_POINT('',(-93.9164321881344,8.26052152113808,-81.0985265845292));
#5816=CARTESIAN_POINT('',(-81.4318462335878,8.26052152113807,-81.0985265845292));
#5817=CARTESIAN_POINT('',(-88.4874999999993,8.26052152113808,-81.0985265845292));
#5818=CARTESIAN_POINT('',(-77.9624999999993,8.26052152113807,-72.4980215211408));
#5819=CARTESIAN_POINT('Origin',(-77.9624999999993,8.26052152113807,-77.4980215211408));
#5820=CARTESIAN_POINT('',(-74.9657473475926,8.26052152113807,-73.4955880688154));
#5821=CARTESIAN_POINT('Origin',(-77.9624999999993,8.26052152113807,-77.4980215211408));
#5822=CARTESIAN_POINT('',(-74.9657473475926,8.26052152113807,-69.2480215211408));
#5823=CARTESIAN_POINT('',(-74.9657473475926,8.26052152113806,-47.4980215211408));
#5824=CARTESIAN_POINT('',(-74.9657473475926,8.26052152113807,-69.2480215211408));
#5825=CARTESIAN_POINT('',(-83.9874999999993,8.26052152113806,-47.4980215211408));
#5826=CARTESIAN_POINT('',(-68.9874999999996,8.26052152113806,-47.4980215211408));
#5827=CARTESIAN_POINT('',(-87.9874999999993,8.26052152113806,-51.4980215211408));
#5828=CARTESIAN_POINT('Origin',(-83.9874999999993,8.26052152113806,-51.4980215211408));
#5829=CARTESIAN_POINT('',(-87.9874999999993,8.26052152113807,-63.4980215211408));
#5830=CARTESIAN_POINT('',(-87.9874999999993,8.26052152113807,-63.4980215211408));
#5831=CARTESIAN_POINT('',(-91.9874999999993,8.26052152113807,-67.4980215211408));
#5832=CARTESIAN_POINT('Origin',(-91.9874999999993,8.26052152113807,-63.4980215211408));
#5833=CARTESIAN_POINT('',(-107.987499999999,8.26052152113807,-67.4980215211408));
#5834=CARTESIAN_POINT('',(-94.1636215908607,8.26052152113808,-80.7489479787188));
#5835=CARTESIAN_POINT('Origin',(-97.9624999999993,8.26052152113808,-77.4980215211408));
#5836=CARTESIAN_POINT('',(-91.6841991411008,8.26052152113808,-84.2553808340215));
#5837=CARTESIAN_POINT('Origin',(-97.9624999999993,16.2605215211381,-77.4980215211408));
#5838=CARTESIAN_POINT('',(-97.9624999999993,13.2605215211381,-74.9980215211408));
#5839=CARTESIAN_POINT('',(-97.9624999999993,16.2605215211381,-74.9980215211408));
#5840=CARTESIAN_POINT('Origin',(-97.9624999999993,13.2605215211381,-77.4980215211408));
#5841=CARTESIAN_POINT('Origin',(-97.9624999999993,13.2605215211381,-77.4980215211408));
#5842=CARTESIAN_POINT('',(-97.9624999999993,13.2605215211381,-72.4980215211408));
#5843=CARTESIAN_POINT('Origin',(-97.9624999999993,13.2605215211381,-77.4980215211408));
#5844=CARTESIAN_POINT('Origin',(-97.9624999999993,16.2605215211381,-77.4980215211408));
#5845=CARTESIAN_POINT('',(-97.9624999999993,16.2605215211381,-72.4980215211408));
#5846=CARTESIAN_POINT('Origin',(-97.9624999999993,-14.5054359256704,-77.4980215211408));
#5847=CARTESIAN_POINT('',(-98.2354111831849,5.76052152113807,-82.4905679141243));
#5848=CARTESIAN_POINT('Origin',(-97.9624999999993,11.1390226107059,-77.4980215211408));
#5849=CARTESIAN_POINT('Ctrl Pts',(-98.2354111831849,5.76052152113807,-82.4905679141243));
#5850=CARTESIAN_POINT('Ctrl Pts',(-98.1555496861679,5.86909720641815,-82.4949334410371));
#5851=CARTESIAN_POINT('Ctrl Pts',(-98.0732030549129,5.97352920691182,-82.497491685239));
#5852=CARTESIAN_POINT('Ctrl Pts',(-97.6612280424409,6.46599304226378,-82.4997407016436));
#5853=CARTESIAN_POINT('Ctrl Pts',(-97.2566197176828,6.85205113507122,-82.4676526482279));
#5854=CARTESIAN_POINT('Ctrl Pts',(-96.3954566351031,7.50214024973537,-82.2666560555533));
#5855=CARTESIAN_POINT('Ctrl Pts',(-95.939269384063,7.76596602915713,-82.0955155410405));
#5856=CARTESIAN_POINT('Ctrl Pts',(-95.1235558743682,8.11328130484854,-81.6389423071736));
#5857=CARTESIAN_POINT('Ctrl Pts',(-94.7112928058201,8.22450122396934,-81.3311585959088));
#5858=CARTESIAN_POINT('Ctrl Pts',(-94.2898739179299,8.25794679322093,-80.8922677449647));
#5859=CARTESIAN_POINT('Ctrl Pts',(-94.2256731215023,8.26052152113807,-80.8214584532202));
#5860=CARTESIAN_POINT('Ctrl Pts',(-94.1636215908607,8.26052152113807,-80.7489479787188));
#5861=CARTESIAN_POINT('Origin',(-77.9624999999993,16.2605215211381,-77.4980215211408));
#5862=CARTESIAN_POINT('',(-77.9624999999993,13.2605215211381,-74.9980215211408));
#5863=CARTESIAN_POINT('',(-77.9624999999993,16.2605215211381,-74.9980215211408));
#5864=CARTESIAN_POINT('Origin',(-77.9624999999993,13.2605215211381,-77.4980215211408));
#5865=CARTESIAN_POINT('Origin',(-77.9624999999993,13.2605215211381,-77.4980215211408));
#5866=CARTESIAN_POINT('',(-77.9624999999993,13.2605215211381,-72.4980215211408));
#5867=CARTESIAN_POINT('Origin',(-77.9624999999993,13.2605215211381,-77.4980215211408));
#5868=CARTESIAN_POINT('Origin',(-77.9874999999999,-24.0269784788618,-90.960521521138));
#5869=CARTESIAN_POINT('',(-77.9874999999999,-35.0269784788618,-90.9980215211408));
#5870=CARTESIAN_POINT('Origin',(-77.9874999999999,-24.0269784788618,-90.9980215211408));
#5871=CARTESIAN_POINT('',(-77.9874999770197,-35.0270292343691,-96.9980215776545));
#5872=CARTESIAN_POINT('',(-77.9874999999999,-35.0269784788618,-90.960521521138));
#5873=CARTESIAN_POINT('',(-79.9005434782617,-34.8593496251197,-98.9980215211408));
#5874=CARTESIAN_POINT('Ctrl Pts',(-77.9874999770197,-35.0270292343691,-96.9980215776545));
#5875=CARTESIAN_POINT('Ctrl Pts',(-78.0210573781761,-35.0270444279176,-96.9980215869914));
#5876=CARTESIAN_POINT('Ctrl Pts',(-78.0546149106168,-35.0269112193722,-96.9989449238705));
#5877=CARTESIAN_POINT('Ctrl Pts',(-78.1358760292256,-35.0262257385895,-97.0034195690575));
#5878=CARTESIAN_POINT('Ctrl Pts',(-78.1835305240607,-35.0255194642866,-97.0079214451201));
#5879=CARTESIAN_POINT('Ctrl Pts',(-78.2925411278048,-35.0231898322706,-97.0225425110985));
#5880=CARTESIAN_POINT('Ctrl Pts',(-78.3537581825236,-35.0213547927281,-97.033899424838));
#5881=CARTESIAN_POINT('Ctrl Pts',(-78.4674348364127,-35.0169161477424,-97.0611586136982));
#5882=CARTESIAN_POINT('Ctrl Pts',(-78.5200587638041,-35.014432155248,-97.0763460355761));
#5883=CARTESIAN_POINT('Ctrl Pts',(-78.6570865924914,-35.0069608759094,-97.12258170153));
#5884=CARTESIAN_POINT('Ctrl Pts',(-78.7401174720164,-35.0013965456177,-97.1577886739785));
#5885=CARTESIAN_POINT('Ctrl Pts',(-78.8845781603002,-34.9902243728284,-97.2316504312684));
#5886=CARTESIAN_POINT('Ctrl Pts',(-78.9470121786158,-34.984847065699,-97.2682132369311));
#5887=CARTESIAN_POINT('Ctrl Pts',(-79.0845547869783,-34.9719715596495,-97.3593280374214));
#5888=CARTESIAN_POINT('Ctrl Pts',(-79.1583539967191,-34.9642972017798,-97.4160738613357));
#5889=CARTESIAN_POINT('Ctrl Pts',(-79.2969932868053,-34.9487232533903,-97.5391729972035));
#5890=CARTESIAN_POINT('Ctrl Pts',(-79.3619130447564,-34.9408262935155,-97.605429079894));
#5891=CARTESIAN_POINT('Ctrl Pts',(-79.4361305781251,-34.9312558847281,-97.692826034647));
#5892=CARTESIAN_POINT('Ctrl Pts',(-79.4499739587148,-34.9294446421148,-97.7096893869595));
#5893=CARTESIAN_POINT('Ctrl Pts',(-79.5121998756253,-34.9211927352827,-97.788142591935));
#5894=CARTESIAN_POINT('Ctrl Pts',(-79.5573708949351,-34.9148866982575,-97.8525791869363));
#5895=CARTESIAN_POINT('Ctrl Pts',(-79.6399452472085,-34.902899272382,-97.986714069088));
#5896=CARTESIAN_POINT('Ctrl Pts',(-79.67734891542,-34.8972178503561,-98.0564116337623));
#5897=CARTESIAN_POINT('Ctrl Pts',(-79.7409657016089,-34.8872205923343,-98.1942767411901));
#5898=CARTESIAN_POINT('Ctrl Pts',(-79.7678478846716,-34.8828305188994,-98.2620971861797));
#5899=CARTESIAN_POINT('Ctrl Pts',(-79.8180219372091,-34.87440231823,-98.4104598164936));
#5900=CARTESIAN_POINT('Ctrl Pts',(-79.8399687988755,-34.8705513719443,-98.4915333086988));
#5901=CARTESIAN_POINT('Ctrl Pts',(-79.8736572576076,-34.8644839990648,-98.6542538948584));
#5902=CARTESIAN_POINT('Ctrl Pts',(-79.8856041459287,-34.8622347240974,-98.7358539630693));
#5903=CARTESIAN_POINT('Ctrl Pts',(-79.8979183377761,-34.8598744345923,-98.8777923947037));
#5904=CARTESIAN_POINT('Ctrl Pts',(-79.9005434782617,-34.8593496251197,-98.9379082451373));
#5905=CARTESIAN_POINT('Ctrl Pts',(-79.9005434782617,-34.8593496251197,-98.9980215211408));
#5906=CARTESIAN_POINT('',(-76.0744565217399,-34.85934962512,-98.9980215211408));
#5907=CARTESIAN_POINT('Origin',(-77.9874999999999,-24.0269784788618,-98.9980215211408));
#5908=CARTESIAN_POINT('Ctrl Pts',(-76.0744565217399,-34.85934962512,-98.9980215211408));
#5909=CARTESIAN_POINT('Ctrl Pts',(-76.0744565217399,-34.85934962512,-98.6982515594954));
#5910=CARTESIAN_POINT('Ctrl Pts',(-76.2057832628696,-34.8838128992629,-98.0995326027584));
#5911=CARTESIAN_POINT('Ctrl Pts',(-76.7540545272279,-34.9650113191966,-97.3810885626196));
#5912=CARTESIAN_POINT('Ctrl Pts',(-77.4131035384851,-35.0186240284744,-97.0491310688585));
#5913=CARTESIAN_POINT('Ctrl Pts',(-77.8440254409795,-35.026964260726,-96.998083194109));
#5914=CARTESIAN_POINT('Ctrl Pts',(-77.9874995667599,-35.0270295205746,-96.99780786157));
#5915=CARTESIAN_POINT('Origin',(-91.6841991411008,3.26052152113807,-84.2553808340215));
#5916=CARTESIAN_POINT('',(-97.4519660940672,5.76052152113807,-83.5985265845292));
#5917=CARTESIAN_POINT('',(-95.2197330470335,5.76052152113807,-86.7553808340215));
#5918=CARTESIAN_POINT('Origin',(-93.9164321881344,3.26052152113807,-81.0985265845292));
#5919=CARTESIAN_POINT('Origin',(-93.9164321881344,3.26052152113807,-81.0985265845292));
#5920=CARTESIAN_POINT('',(-93.9164321881344,6.79605542707078,-84.6340604904619));
#5921=CARTESIAN_POINT('Origin',(-93.9164321881344,3.26052152113807,-81.0985265845292));
#5922=CARTESIAN_POINT('Origin',(-93.9164321881344,3.26052152113807,-81.0985265845292));
#5923=CARTESIAN_POINT('Origin',(-77.9624999999993,16.2605215211381,-77.4980215211408));
#5924=CARTESIAN_POINT('',(-77.9624999999993,16.2605215211381,-72.4980215211408));
#5925=CARTESIAN_POINT('',(-74.9657473168516,8.24434069810152,-81.5004549504494));
#5926=CARTESIAN_POINT('Ctrl Pts',(-81.4318462335878,8.26052152113807,-81.0985265845292));
#5927=CARTESIAN_POINT('Ctrl Pts',(-81.4293496562378,8.26052152113807,-81.1009322168151));
#5928=CARTESIAN_POINT('Ctrl Pts',(-81.426850403541,8.26051978501697,-81.1033354193707));
#5929=CARTESIAN_POINT('Ctrl Pts',(-81.1191335384036,8.26009402116932,-81.3986107561357));
#5930=CARTESIAN_POINT('Ctrl Pts',(-80.7737837904652,8.23394222276953,-81.6547900792236));
#5931=CARTESIAN_POINT('Ctrl Pts',(-79.6563960361004,8.13736454645633,-82.2791153711698));
#5932=CARTESIAN_POINT('Ctrl Pts',(-78.7969240213983,8.06066880246168,-82.4980215211408));
#5933=CARTESIAN_POINT('Ctrl Pts',(-77.1280759786003,8.06066880246168,-82.4980215211408));
#5934=CARTESIAN_POINT('Ctrl Pts',(-76.2686039638982,8.13736454645633,-82.2791153711698));
#5935=CARTESIAN_POINT('Ctrl Pts',(-75.3297616170133,8.21851024716083,-81.7545499103253));
#5936=CARTESIAN_POINT('Ctrl Pts',(-75.143124620214,8.23363016187949,-81.6332631330636));
#5937=CARTESIAN_POINT('Ctrl Pts',(-74.9657473168516,8.24434069810152,-81.5004549504494));
#5938=CARTESIAN_POINT('',(-74.4974272083043,8.25503767550241,-81.1026394687559));
#5939=CARTESIAN_POINT('Ctrl Pts',(-74.497522495191,8.25491554799389,-81.1027310643873));
#5940=CARTESIAN_POINT('Ctrl Pts',(-74.5714284984368,8.25668515964573,-81.1737721942328));
#5941=CARTESIAN_POINT('Ctrl Pts',(-74.6475082433857,8.25650539445375,-81.2425293085518));
#5942=CARTESIAN_POINT('Ctrl Pts',(-74.7256410284512,8.25464147084308,-81.3088933371835));
#5943=CARTESIAN_POINT('Ctrl Pts',(-74.8037325175713,8.25277853238208,-81.3752222900745));
#5944=CARTESIAN_POINT('Ctrl Pts',(-74.8838093231851,8.24923493117451,-81.4391052159959));
#5945=CARTESIAN_POINT('Ctrl Pts',(-74.9657447698715,8.24427495402661,-81.5004530434409));
#5946=CARTESIAN_POINT('Ctrl Pts',(-74.4974740945172,8.25503877363642,-81.1026845392797));
#5947=CARTESIAN_POINT('Ctrl Pts',(-74.4754548127612,8.25452308023067,-81.0815182384852));
#5948=CARTESIAN_POINT('Ctrl Pts',(-74.453695846517,8.25397709037253,-81.0602139226548));
#5949=CARTESIAN_POINT('Ctrl Pts',(-73.9866073159149,8.24151199523022,-80.5945056377801));
#5950=CARTESIAN_POINT('Ctrl Pts',(-73.6006181551168,8.21553112827359,-80.0317819543642));
#5951=CARTESIAN_POINT('Ctrl Pts',(-73.0885521924682,8.17388701037384,-78.7982473465779));
#5952=CARTESIAN_POINT('Ctrl Pts',(-72.9624999999993,8.15994362491687,-78.1273687442304));
#5953=CARTESIAN_POINT('Ctrl Pts',(-72.9624999999993,8.15994362491687,-77.4980215211408));
#5954=CARTESIAN_POINT('Ctrl Pts',(-72.9624999999993,8.15994362491687,-76.8686742980512));
#5955=CARTESIAN_POINT('Ctrl Pts',(-73.0885521924682,8.17388701037384,-76.1977956957037));
#5956=CARTESIAN_POINT('Ctrl Pts',(-73.6006181551168,8.21553112827359,-74.9642610879175));
#5957=CARTESIAN_POINT('Ctrl Pts',(-73.9866073159149,8.24151199523021,-74.4015374045016));
#5958=CARTESIAN_POINT('Ctrl Pts',(-74.5954365394057,8.2577596949681,-73.7945072702185));
#5959=CARTESIAN_POINT('Ctrl Pts',(-74.7741031282301,8.26052152113807,-73.6390783552958));
#5960=CARTESIAN_POINT('Ctrl Pts',(-74.9657473475926,8.26052152113807,-73.4955880688154));
#5961=CARTESIAN_POINT('Origin',(-88.4874999999993,3.26052152113807,-81.0985265845292));
#5962=CARTESIAN_POINT('',(-74.9657471461147,6.79605542707077,-84.6340604904619));
#5963=CARTESIAN_POINT('Origin',(-74.9657471460993,3.26052152113807,-81.0985265845292));
#5964=CARTESIAN_POINT('',(-88.4874999999993,6.79605542707078,-84.6340604904619));
#5965=CARTESIAN_POINT('Origin',(-95.9874999999999,-6.27869204123503,-87.7088079587677));
#5966=CARTESIAN_POINT('',(-99.5230339059326,-4.56790560360813,-90.9980215211408));
#5967=CARTESIAN_POINT('',(-100.9875,-9.56790560360813,-90.9980215211408));
#5968=CARTESIAN_POINT('Origin',(-95.9874999999999,-9.56790560360813,-90.9980215211408));
#5969=CARTESIAN_POINT('',(-99.5230339059326,-3.77869204123503,-90.2088079587677));
#5970=CARTESIAN_POINT('',(-100.9875,-6.27869204123503,-87.7088079587677));
#5971=CARTESIAN_POINT('Origin',(-98.4874999999999,-1.17145899420143,-89.0660410058014));
#5972=CARTESIAN_POINT('',(-97.4519660940672,-1.63897341547363,-90.9980215211408));
#5973=CARTESIAN_POINT('',(-95.0513317736858,1.75603619870807,-90.9980215211408));
#5974=CARTESIAN_POINT('',(-97.4519660940672,1.43577405283227,-87.923274052835));
#5975=CARTESIAN_POINT('Origin',(-93.9164321881344,-1.06422594716773,-85.423274052835));
#5976=CARTESIAN_POINT('',(-93.9164321881344,0.432094396391873,-90.9980215211408));
#5977=CARTESIAN_POINT('Origin',(-93.9164321881344,-6.63897341547363,-90.9980215211408));
#5978=CARTESIAN_POINT('',(-93.9164321881344,2.47130795876497,-88.9588079587677));
#5979=CARTESIAN_POINT('Origin',(-94.9874999999993,4.34630795876497,-87.0838079587677));
#5980=CARTESIAN_POINT('',(-62.7012118375666,0.432093635923141,-90.9980215000508));
#5981=CARTESIAN_POINT('',(-101.487499999999,0.432094396391873,-90.9980215211408));
#5982=CARTESIAN_POINT('Origin',(-74.9657473475926,-8.20394457292923,-99.6340604904619));
#5983=CARTESIAN_POINT('Ctrl Pts',(-74.9902862402014,6.79148643573407,-84.6386235328666));
#5984=CARTESIAN_POINT('Ctrl Pts',(-72.3611568299762,6.79589877466967,-84.6342111120715));
#5985=CARTESIAN_POINT('Ctrl Pts',(-67.9885320151178,5.62260304457327,-85.8075286742188));
#5986=CARTESIAN_POINT('Ctrl Pts',(-63.2312337043952,1.61277104268408,-89.8173385688656));
#5987=CARTESIAN_POINT('Ctrl Pts',(-61.4628422744427,-1.46319725362059,-92.8933219819113));
#5988=CARTESIAN_POINT('Ctrl Pts',(-60.8692156002676,-3.10774292165297,-94.5378412521394));
#5989=CARTESIAN_POINT('Ctrl Pts',(-74.9920232818161,7.32261156284817,-84.1088869468765));
#5990=CARTESIAN_POINT('Ctrl Pts',(-72.1767842867172,7.32713800924597,-84.1043695042305));
#5991=CARTESIAN_POINT('Ctrl Pts',(-67.4950146846423,6.12350535762146,-85.3056004040941));
#5992=CARTESIAN_POINT('Ctrl Pts',(-62.3228544255745,2.00150528022303,-89.4306846391371));
#5993=CARTESIAN_POINT('Ctrl Pts',(-60.3361626913909,-1.17803377290955,-92.6089076407797));
#5994=CARTESIAN_POINT('Ctrl Pts',(-59.6401966437112,-2.88361671691773,-94.3178161674115));
#5995=CARTESIAN_POINT('Ctrl Pts',(-74.9950575992847,8.03836776792473,-82.9705187458081));
#5996=CARTESIAN_POINT('Ctrl Pts',(-71.8547218070317,8.04323609205659,-82.9659611859565));
#5997=CARTESIAN_POINT('Ctrl Pts',(-66.6301902299046,6.74872593170261,-84.1778562881549));
#5998=CARTESIAN_POINT('Ctrl Pts',(-60.7363101770684,2.26819332572806,-88.3445680463917));
#5999=CARTESIAN_POINT('Ctrl Pts',(-58.370008073269,-1.22544540003273,-91.5694894793252));
#6000=CARTESIAN_POINT('Ctrl Pts',(-57.501432218129,-3.12076966664951,-93.3077401808847));
#6001=CARTESIAN_POINT('Ctrl Pts',(-74.9975694195088,8.26064035366408,-81.6586923980399));
#6002=CARTESIAN_POINT('Ctrl Pts',(-71.5881114283787,8.26618400925709,-81.6542354097876));
#6003=CARTESIAN_POINT('Ctrl Pts',(-65.9172615061905,6.79208241731525,-82.8393994013965));
#6004=CARTESIAN_POINT('Ctrl Pts',(-59.6399759459269,1.716358389429,-86.8965989831191));
#6005=CARTESIAN_POINT('Ctrl Pts',(-57.2227095873675,-2.21387695208912,-90.0177330095509));
#6006=CARTESIAN_POINT('Ctrl Pts',(-56.3764822363176,-4.3315659799134,-91.6904018065964));
#6007=CARTESIAN_POINT('Ctrl Pts',(-74.9984878126113,8.26049389317782,-81.0972668951044));
#6008=CARTESIAN_POINT('Ctrl Pts',(-71.4906310773035,8.26637909696163,-81.0928536761633));
#6009=CARTESIAN_POINT('Ctrl Pts',(-65.6565601447997,6.70143031637786,-82.2663833720437));
#6010=CARTESIAN_POINT('Ctrl Pts',(-59.3085943495595,1.35308134401262,-86.2770727877068));
#6011=CARTESIAN_POINT('Ctrl Pts',(-56.948374860262,-2.74978927824868,-89.3538292764004));
#6012=CARTESIAN_POINT('Ctrl Pts',(-56.1558257758931,-4.94338892218453,-90.9988360719036));
#6013=CARTESIAN_POINT('',(-56.1574821148888,-4.93880506101084,-90.9980215211409));
#6014=CARTESIAN_POINT('Ctrl Pts',(-56.1574821148889,-4.93880506101087,-90.9980215211409));
#6015=CARTESIAN_POINT('Ctrl Pts',(-56.4284934081159,-4.18928336354303,-90.9980215211409));
#6016=CARTESIAN_POINT('Ctrl Pts',(-56.8011408252727,-3.4720963522399,-90.9980215213721));
#6017=CARTESIAN_POINT('Ctrl Pts',(-57.6724256441904,-2.22577647288738,-90.9980215213721));
#6018=CARTESIAN_POINT('Ctrl Pts',(-58.1615191204769,-1.67800947052076,-90.9980215211409));
#6019=CARTESIAN_POINT('Ctrl Pts',(-59.3205322145365,-0.690563075868442,
-90.9980215211409));
#6020=CARTESIAN_POINT('Ctrl Pts',(-60.0110028966251,-0.26105041479453,-90.9980215208029));
#6021=CARTESIAN_POINT('Ctrl Pts',(-61.4142925570161,0.294809196243797,-90.9980215208029));
#6022=CARTESIAN_POINT('Ctrl Pts',(-62.0805352276903,0.431075893126539,-90.9980215211409));
#6023=CARTESIAN_POINT('Ctrl Pts',(-62.7012118389233,0.43209280787162,-90.9980215211409));
#6024=CARTESIAN_POINT('Origin',(-74.9657473475926,-11.7394784788619,-96.0985265845292));
#6025=CARTESIAN_POINT('Origin',(-74.9657473475926,-11.7394784788619,-69.2480215211408));
#6026=CARTESIAN_POINT('',(-70.1746725714278,7.67818364841789,-47.9715111933526));
#6027=CARTESIAN_POINT('',(-58.2123311620323,-0.815969605180032,-54.8779722500163));
#6028=CARTESIAN_POINT('Origin',(-74.9657473475926,-11.7394784788619,-45.2053828720896));
#6029=CARTESIAN_POINT('Origin',(-74.9657473475926,-11.7394784788619,-63.7597037641315));
#6030=CARTESIAN_POINT('',(-55.9874999999999,-5.42868394777553,-90.9980215211409));
#6031=CARTESIAN_POINT('Origin',(-74.9657473475926,-11.7394784788619,-90.9980215211408));
#6032=CARTESIAN_POINT('',(-55.9874999999999,-5.42868394777545,-58.6284969958649));
#6033=CARTESIAN_POINT('',(-55.9874999999999,-5.42868394777554,-69.2480215211408));
#6034=CARTESIAN_POINT('Origin',(-74.9657473475926,-11.7394784788619,-63.7597037641315));
#6035=CARTESIAN_POINT('Origin',(-107.987499999999,16.2605215211381,-90.9980215211408));
#6036=CARTESIAN_POINT('',(-100.9875,-45.1767324120556,-90.9980215211408));
#6037=CARTESIAN_POINT('',(-99.9874999999992,-45.2394784788619,-90.9980215211408));
#6038=CARTESIAN_POINT('Origin',(-99.9874999999992,-37.2394784788619,-90.9980215211408));
#6039=CARTESIAN_POINT('',(-56.9874999999999,-45.2394784788619,-90.9980215211409));
#6040=CARTESIAN_POINT('',(-55.9874999999993,-45.2394784788619,-90.9980215211409));
#6041=CARTESIAN_POINT('',(-55.9874999999999,-45.1767324120557,-90.9980215211409));
#6042=CARTESIAN_POINT('Origin',(-56.9874999999999,-37.2394784788619,-90.9980215211408));
#6043=CARTESIAN_POINT('',(-55.9874999999999,-1.11447847886194,-90.9980215211409));
#6044=CARTESIAN_POINT('',(-100.9875,-1.11447847886193,-90.9980215211408));
#6045=CARTESIAN_POINT('Origin',(-55.9874999999999,-18.4894784788619,-69.2480215211408));
#6046=CARTESIAN_POINT('',(-55.9874999999999,-45.1767324120557,-90.9470036911208));
#6047=CARTESIAN_POINT('',(-55.9874999999999,-45.1767324120557,-82.1230215211408));
#6048=CARTESIAN_POINT('',(-55.9874999999999,8.26052152113806,-47.4980215211408));
#6049=CARTESIAN_POINT('Origin',(-100.9875,-18.4894784788619,-79.2480215211408));
#6050=CARTESIAN_POINT('',(-100.9875,-45.1767324120556,-90.9704601646932));
#6051=CARTESIAN_POINT('',(-100.9875,-45.1767324120556,-92.9980215211408));
#6052=CARTESIAN_POINT('',(-100.9875,-31.8644784788619,-85.1230215211408));
#6053=CARTESIAN_POINT('Origin',(-56.9874999999999,-37.2394784788619,-82.1230215211408));
#6054=CARTESIAN_POINT('Origin',(-56.9874999999999,-37.2394784788619,-84.4933486239446));
#6055=CARTESIAN_POINT('',(-56.9874999999999,-45.2394784788619,-98.9980215211408));
#6056=CARTESIAN_POINT('',(-56.9874999999999,-45.2394784788619,-82.1230215211408));
#6057=CARTESIAN_POINT('Origin',(-56.9874999999999,-37.2394784788619,-98.9980215211408));
#6058=CARTESIAN_POINT('Origin',(-107.9875,-45.2394784788619,-90.9980215211408));
#6059=CARTESIAN_POINT('',(-107.9875,-37.2394784788619,-87.484002829552));
#6060=CARTESIAN_POINT('Origin',(-99.9874999999992,-37.2394784788619,-87.484002829552));
#6061=CARTESIAN_POINT('',(-103.987499999999,8.26052152113807,-67.4980215211408));
#6062=CARTESIAN_POINT('',(-107.987499999999,8.26052152113807,-67.4980215211408));
#6063=CARTESIAN_POINT('',(-107.9875,-0.845861457585331,-71.4980215211408));
#6064=CARTESIAN_POINT('Origin',(-103.987499999999,-0.845861457585335,-71.4980215211408));
#6065=CARTESIAN_POINT('',(-107.9875,-45.2394784788619,-90.9980215211408));
#6066=CARTESIAN_POINT('Origin',(-99.9874999999992,-37.2394784788619,-92.9980215211408));
#6067=CARTESIAN_POINT('',(-107.987499999999,-37.2394784788619,-98.9980215211409));
#6068=CARTESIAN_POINT('',(-107.987499999999,-37.2394784788619,-92.9980215211408));
#6069=CARTESIAN_POINT('',(-99.9874999999992,-45.2394784788619,-98.9980215211408));
#6070=CARTESIAN_POINT('Origin',(-99.9874999999992,-37.2394784788619,-98.9980215211408));
#6071=CARTESIAN_POINT('',(-99.9874999999992,-45.2394784788619,-92.9980215211408));
#6072=CARTESIAN_POINT('Origin',(-77.9875000000008,-40.0818521582878,-98.9980215211408));
#6073=CARTESIAN_POINT('',(-76.4875000000008,-44.7394784788619,-98.9980215211408));
#6074=CARTESIAN_POINT('',(-79.4875000000008,-44.7394784788619,-98.9980215211408));
#6075=CARTESIAN_POINT('Origin',(-77.9875000000008,-44.7394784788619,-98.9980215211408));
#6076=CARTESIAN_POINT('',(-79.4875000000008,-35.3517301317678,-98.9980215211408));
#6077=CARTESIAN_POINT('',(-79.4875000000008,-40.0818521582878,-98.9980215211408));
#6078=CARTESIAN_POINT('',(-76.4875000000008,-35.3517301317681,-98.9980215211408));
#6079=CARTESIAN_POINT('Ctrl Pts',(-79.4875000000008,-35.3517301317678,-98.9980215211408));
#6080=CARTESIAN_POINT('Ctrl Pts',(-79.4875000000008,-35.3517301317678,-98.9418146533235));
#6081=CARTESIAN_POINT('Ctrl Pts',(-79.4843825795365,-35.3525639486629,-98.8855349812619));
#6082=CARTESIAN_POINT('Ctrl Pts',(-79.4781862176285,-35.3541339830557,-98.8295682179674));
#6083=CARTESIAN_POINT('Ctrl Pts',(-79.4722906326579,-35.3556278065779,-98.7763181313146));
#6084=CARTESIAN_POINT('Ctrl Pts',(-79.463607498187,-35.3577880032966,-98.7233498717717));
#6085=CARTESIAN_POINT('Ctrl Pts',(-79.452161835181,-35.3605306793174,-98.6709974309811));
#6086=CARTESIAN_POINT('Ctrl Pts',(-79.4407154840253,-35.3632735202367,-98.6186418425948));
#6087=CARTESIAN_POINT('Ctrl Pts',(-79.4265052946048,-35.3665989077318,-98.5669009397851));
#6088=CARTESIAN_POINT('Ctrl Pts',(-79.4095570531023,-35.3704240689212,-98.5161301256089));
#6089=CARTESIAN_POINT('Ctrl Pts',(-79.3925920839256,-35.3742530054905,-98.4653092013586));
#6090=CARTESIAN_POINT('Ctrl Pts',(-79.3728817466726,-35.3785828497526,-98.4154594833217));
#6091=CARTESIAN_POINT('Ctrl Pts',(-79.3504741745613,-35.3833305503605,-98.3669742945011));
#6092=CARTESIAN_POINT('Ctrl Pts',(-79.3470730251094,-35.3840511835126,-98.359614935238));
#6093=CARTESIAN_POINT('Ctrl Pts',(-79.3436098112312,-35.3847814409783,-98.3522870929408));
#6094=CARTESIAN_POINT('Ctrl Pts',(-79.3400847962334,-35.3855210289035,-98.3449922293852));
#6095=CARTESIAN_POINT('Ctrl Pts',(-79.3138281521676,-35.3910299691263,-98.2906552589024));
#6096=CARTESIAN_POINT('Ctrl Pts',(-79.2840741308484,-35.3970562257954,-98.2380168451426));
#6097=CARTESIAN_POINT('Ctrl Pts',(-79.2512012854892,-35.4034150019673,-98.1874370442296));
#6098=CARTESIAN_POINT('Ctrl Pts',(-79.2183351524048,-35.4097724797469,-98.1368675711577));
#6099=CARTESIAN_POINT('Ctrl Pts',(-79.1823535202958,-35.4164623833775,-98.0883532212632));
#6100=CARTESIAN_POINT('Ctrl Pts',(-79.1436245519671,-35.4233016372957,-98.0421755899731));
#6101=CARTESIAN_POINT('Ctrl Pts',(-79.1049043046034,-35.430139351155,-97.9960083569334));
#6102=CARTESIAN_POINT('Ctrl Pts',(-79.0634382811829,-35.437126453825,-97.9521743550483));
#6103=CARTESIAN_POINT('Ctrl Pts',(-79.0195671205053,-35.4440801947042,-97.9109156645059));
#6104=CARTESIAN_POINT('Ctrl Pts',(-78.9757067581951,-35.4510322240024,-97.8696671293022));
#6105=CARTESIAN_POINT('Ctrl Pts',(-78.9294416734223,-35.4579509028049,-97.8309908743828));
#6106=CARTESIAN_POINT('Ctrl Pts',(-78.8810888388055,-35.4646530191784,-97.7951211622147));
#6107=CARTESIAN_POINT('Ctrl Pts',(-78.8327455302642,-35.4713538151565,-97.7592585168006));
#6108=CARTESIAN_POINT('Ctrl Pts',(-78.7823138183105,-35.4778380619225,-97.7262003405078));
#6109=CARTESIAN_POINT('Ctrl Pts',(-78.7301041649003,-35.4839227472651,-97.6961936913049));
#6110=CARTESIAN_POINT('Ctrl Pts',(-78.6779132085523,-35.4900052535903,-97.6661977879343));
#6111=CARTESIAN_POINT('Ctrl Pts',(-78.6239436060029,-35.4956884659626,-97.6392512144135));
#6112=CARTESIAN_POINT('Ctrl Pts',(-78.5685252367677,-35.5007904450043,-97.615621268304));
#6113=CARTESIAN_POINT('Ctrl Pts',(-78.5131253674914,-35.5058907208852,-97.5919992104279));
#6114=CARTESIAN_POINT('Ctrl Pts',(-78.4562754969251,-35.5104102339209,-97.5716928581123));
#6115=CARTESIAN_POINT('Ctrl Pts',(-78.3983566616599,-35.5141675998998,-97.5549805673576));
#6116=CARTESIAN_POINT('Ctrl Pts',(-78.3731762458498,-35.515801127875,-97.547714840614));
#6117=CARTESIAN_POINT('Ctrl Pts',(-78.3477946440847,-35.5172905981798,-97.5411284555521));
#6118=CARTESIAN_POINT('Ctrl Pts',(-78.3222477492342,-35.5186210575633,-97.5352435441398));
#6119=CARTESIAN_POINT('Ctrl Pts',(-78.2675939016423,-35.5214673809541,-97.5226536363134));
#6120=CARTESIAN_POINT('Ctrl Pts',(-78.2121071921297,-35.5235858090304,-97.5132575123128));
#6121=CARTESIAN_POINT('Ctrl Pts',(-78.1562204563121,-35.5249846383214,-97.5070362350711));
#6122=CARTESIAN_POINT('Ctrl Pts',(-78.1016392023045,-35.5263507917697,-97.5009602832658));
#6123=CARTESIAN_POINT('Ctrl Pts',(-78.0466749881258,-35.5270306209959,-97.4979110389581));
#6124=CARTESIAN_POINT('Ctrl Pts',(-77.9916972373208,-35.5270325338901,-97.497859396725));
#6125=CARTESIAN_POINT('Ctrl Pts',(-77.9347470386047,-35.5270345154135,-97.497805901713));
#6126=CARTESIAN_POINT('Ctrl Pts',(-77.8777807861388,-35.5263090880699,-97.5009684417187));
#6127=CARTESIAN_POINT('Ctrl Pts',(-77.8211946167041,-35.5248656412991,-97.5073179486636));
#6128=CARTESIAN_POINT('Ctrl Pts',(-77.7646084472694,-35.5234221945283,-97.5136674556085));
#6129=CARTESIAN_POINT('Ctrl Pts',(-77.7084007194194,-35.5212606949663,-97.5232044756069));
#6130=CARTESIAN_POINT('Ctrl Pts',(-77.6529778131133,-35.5183907325697,-97.5359030533066));
#6131=CARTESIAN_POINT('Ctrl Pts',(-77.5917307115926,-35.5152191760783,-97.5499360791686));
#6132=CARTESIAN_POINT('Ctrl Pts',(-77.5314472667271,-35.5111824523109,-97.5678295062365));
#6133=CARTESIAN_POINT('Ctrl Pts',(-77.4725601892174,-35.5064580129614,-97.5893746787728));
#6134=CARTESIAN_POINT('Ctrl Pts',(-77.413568960269,-35.5017252176674,-97.6109579574745));
#6135=CARTESIAN_POINT('Ctrl Pts',(-77.3559770756239,-35.4963022776228,-97.6362057878068));
#6136=CARTESIAN_POINT('Ctrl Pts',(-77.3002015274764,-35.4903679765518,-97.6649147556529));
#6137=CARTESIAN_POINT('Ctrl Pts',(-77.2443312829097,-35.4844236001507,-97.6936724659416));
#6138=CARTESIAN_POINT('Ctrl Pts',(-77.1902820095415,-35.4779661503013,-97.7259042592284));
#6139=CARTESIAN_POINT('Ctrl Pts',(-77.1384816022444,-35.4711753528898,-97.761403930179));
#6140=CARTESIAN_POINT('Ctrl Pts',(-77.1089232341529,-35.467300385491,-97.7816607659035));
#6141=CARTESIAN_POINT('Ctrl Pts',(-77.080097441909,-35.4633168734968,-97.8029815587941));
#6142=CARTESIAN_POINT('Ctrl Pts',(-77.0520872656763,-35.459258211588,-97.8253245893895));
#6143=CARTESIAN_POINT('Ctrl Pts',(-77.0054411966643,-35.4524992172166,-97.8625330145859));
#6144=CARTESIAN_POINT('Ctrl Pts',(-76.9610427043339,-35.445531811579,-97.9025882357899));
#6145=CARTESIAN_POINT('Ctrl Pts',(-76.9191716489363,-35.4385581907898,-97.9451479033561));
#6146=CARTESIAN_POINT('Ctrl Pts',(-76.8773245109821,-35.4315885534487,-97.9876832601322));
#6147=CARTESIAN_POINT('Ctrl Pts',(-76.838000169401,-35.4246127017529,-98.0327207679149));
#6148=CARTESIAN_POINT('Ctrl Pts',(-76.8014618473597,-35.4178326400413,-98.0799329341611));
#6149=CARTESIAN_POINT('Ctrl Pts',(-76.7649393269193,-35.4110555104793,-98.127124682726));
#6150=CARTESIAN_POINT('Ctrl Pts',(-76.731199491689,-35.4044740119772,-98.176490599412));
#6151=CARTESIAN_POINT('Ctrl Pts',(-76.7005093498,-35.3982900143072,-98.2277028960738));
#6152=CARTESIAN_POINT('Ctrl Pts',(-76.6773568901945,-35.3936248434269,-98.2663371465784));
#6153=CARTESIAN_POINT('Ctrl Pts',(-76.6559402758248,-35.3891858944595,-98.3060224329143));
#6154=CARTESIAN_POINT('Ctrl Pts',(-76.6363781627917,-35.385059844766,-98.3466091330507));
#6155=CARTESIAN_POINT('Ctrl Pts',(-76.6106476636184,-35.3796327562889,-98.3999937573262));
#6156=CARTESIAN_POINT('Ctrl Pts',(-76.5881197586403,-35.3747470038908,-98.454950013542));
#6157=CARTESIAN_POINT('Ctrl Pts',(-76.5689012811723,-35.3704952661475,-98.5110589992555));
#6158=CARTESIAN_POINT('Ctrl Pts',(-76.5496950374574,-35.366246234899,-98.5671322681192));
#6159=CARTESIAN_POINT('Ctrl Pts',(-76.5337927967068,-35.3626304011293,-98.6243580924596));
#6160=CARTESIAN_POINT('Ctrl Pts',(-76.5212948454597,-35.359740416021,-98.6823358067122));
#6161=CARTESIAN_POINT('Ctrl Pts',(-76.5088020406829,-35.3568516209656,-98.7402896466053));
#6162=CARTESIAN_POINT('Ctrl Pts',(-76.4997105860085,-35.3546880986821,-98.7989963952208));
#6163=CARTESIAN_POINT('Ctrl Pts',(-76.4941244520356,-35.3533424512995,-98.8580509904906));
#6164=CARTESIAN_POINT('Ctrl Pts',(-76.4897248532283,-35.3522826291312,-98.9045619635855));
#6165=CARTESIAN_POINT('Ctrl Pts',(-76.4875000000008,-35.3517301317681,-98.9512888808659));
#6166=CARTESIAN_POINT('Ctrl Pts',(-76.4875000000008,-35.3517301317681,-98.9980215211408));
#6167=CARTESIAN_POINT('',(-76.4875000000008,-40.0818521582878,-98.9980215211408));
#6168=CARTESIAN_POINT('Origin',(-55.9874999999992,16.2605215211381,-98.9980215211408));
#6169=CARTESIAN_POINT('',(-75.9875000000008,-45.2394784788619,-98.9980215211408));
#6170=CARTESIAN_POINT('',(-55.9874999999999,-45.2394784788619,-98.9980215211408));
#6171=CARTESIAN_POINT('Origin',(-75.9875000000008,-44.7394784788619,-98.9980215211408));
#6172=CARTESIAN_POINT('Ctrl Pts',(-76.4875000000008,-35.3517301317681,-98.9980215211408));
#6173=CARTESIAN_POINT('Ctrl Pts',(-76.4875000000008,-35.235397261483,-98.9980215211408));
#6174=CARTESIAN_POINT('Ctrl Pts',(-76.4029117423436,-35.0032534787508,-98.9980215211408));
#6175=CARTESIAN_POINT('Ctrl Pts',(-76.1890165969615,-34.8795814286478,-98.9980215211408));
#6176=CARTESIAN_POINT('Ctrl Pts',(-76.0744565217399,-34.85934962512,-98.9980215211408));
#6177=CARTESIAN_POINT('Ctrl Pts',(-79.9005434782617,-34.8593496251197,-98.9980215211408));
#6178=CARTESIAN_POINT('Ctrl Pts',(-79.78598340304,-34.8795814286475,-98.9980215211408));
#6179=CARTESIAN_POINT('Ctrl Pts',(-79.5720882576581,-35.0032534787505,-98.9980215211408));
#6180=CARTESIAN_POINT('Ctrl Pts',(-79.4875000000008,-35.2353972614827,-98.9980215211408));
#6181=CARTESIAN_POINT('Ctrl Pts',(-79.4875000000008,-35.3517301317678,-98.9980215211408));
#6182=CARTESIAN_POINT('',(-79.9875000000008,-45.2394784788619,-98.9980215211408));
#6183=CARTESIAN_POINT('Origin',(-79.9875000000008,-44.7394784788619,-98.9980215211408));
#6184=CARTESIAN_POINT('',(-55.9874999999999,-45.2394784788619,-98.9980215211408));
#6185=CARTESIAN_POINT('',(-107.987499999999,18.4605215211381,-98.9980215211408));
#6186=CARTESIAN_POINT('',(-107.987499999999,18.4355215211381,-98.9980215211408));
#6187=CARTESIAN_POINT('Origin',(-105.987499999999,18.4605215211381,-98.9980215211408));
#6188=CARTESIAN_POINT('Ctrl Pts',(-79.4874999803663,-35.351753190384,-98.9982692305868));
#6189=CARTESIAN_POINT('Ctrl Pts',(-79.487536640317,-35.3517433872815,-98.7733609256465));
#6190=CARTESIAN_POINT('Ctrl Pts',(-79.3378969739698,-35.3917610751685,-98.0941101063077));
#6191=CARTESIAN_POINT('Ctrl Pts',(-78.5666880758265,-35.5305784377995,-97.4832637848922));
#6192=CARTESIAN_POINT('Ctrl Pts',(-77.6405836046699,-35.5294924831556,-97.4865053608274));
#6193=CARTESIAN_POINT('Ctrl Pts',(-77.0203645801752,-35.462219378583,-97.7853233077005));
#6194=CARTESIAN_POINT('Ctrl Pts',(-76.5904187915756,-35.3773183941811,-98.3242225847647));
#6195=CARTESIAN_POINT('Ctrl Pts',(-76.4874621883071,-35.3517437931246,-98.7733595583109));
#6196=CARTESIAN_POINT('Ctrl Pts',(-76.4875000202807,-35.3517531901607,-98.9982692313401));
#6197=CARTESIAN_POINT('Ctrl Pts',(-79.4874943914846,-35.2354126009891,-98.9982725185724));
#6198=CARTESIAN_POINT('Ctrl Pts',(-79.4875328034816,-35.2354034186409,-98.7703790738946));
#6199=CARTESIAN_POINT('Ctrl Pts',(-79.3307401044375,-35.2728872570229,-98.0805296746495));
#6200=CARTESIAN_POINT('Ctrl Pts',(-78.5548701724105,-35.3994234454998,-97.4835255188727));
#6201=CARTESIAN_POINT('Ctrl Pts',(-77.647234517809,-35.3982548250216,-97.4875543394587));
#6202=CARTESIAN_POINT('Ctrl Pts',(-77.0306505651628,-35.3373235427311,-97.7777285233702));
#6203=CARTESIAN_POINT('Ctrl Pts',(-76.5938759958778,-35.2591600078726,-98.3151985611253));
#6204=CARTESIAN_POINT('Ctrl Pts',(-76.4874665083119,-35.2354038718893,-98.7703773305014));
#6205=CARTESIAN_POINT('Ctrl Pts',(-76.4875056088962,-35.2354126007397,-98.9982725195329));
#6206=CARTESIAN_POINT('Ctrl Pts',(-79.5720811701511,-35.0032575677177,-98.9982934190872));
#6207=CARTESIAN_POINT('Ctrl Pts',(-79.5721230289439,-35.0032496339667,-98.7514233954001));
#6208=CARTESIAN_POINT('Ctrl Pts',(-79.4012599650137,-35.0356367960306,-98.0035533948723));
#6209=CARTESIAN_POINT('Ctrl Pts',(-78.5775390201948,-35.1384352363478,-97.3729579992239));
#6210=CARTESIAN_POINT('Ctrl Pts',(-77.6338199664886,-35.1371075552142,-97.3780074675671));
#6211=CARTESIAN_POINT('Ctrl Pts',(-76.985157034171,-35.0884448579945,-97.6827239515063));
#6212=CARTESIAN_POINT('Ctrl Pts',(-76.517813074619,-35.0233660507106,-98.2588402367765));
#6213=CARTESIAN_POINT('Ctrl Pts',(-76.4028765962961,-35.0032501761555,-98.7514211818848));
#6214=CARTESIAN_POINT('Ctrl Pts',(-76.402918830057,-35.0032575674193,-98.9982934203067));
#6215=CARTESIAN_POINT('Ctrl Pts',(-79.7859833781702,-34.8795814333358,-98.9983322709811));
#6216=CARTESIAN_POINT('Ctrl Pts',(-79.7860285398081,-34.8795729196156,-98.7161864227687));
#6217=CARTESIAN_POINT('Ctrl Pts',(-79.6016854268633,-34.9143273905694,-97.8631440239112));
#6218=CARTESIAN_POINT('Ctrl Pts',(-78.6736086669623,-35.0298908529404,-97.1104438068096));
#6219=CARTESIAN_POINT('Ctrl Pts',(-77.5763108719594,-35.0287509048934,-97.11501352523));
#6220=CARTESIAN_POINT('Ctrl Pts',(-76.8351735594231,-34.9732552224636,-97.4819617939155));
#6221=CARTESIAN_POINT('Ctrl Pts',(-76.3147892263976,-34.9015228375983,-98.1527858805857));
#6222=CARTESIAN_POINT('Ctrl Pts',(-76.1889703897067,-34.8795733680832,-98.7161844656575));
#6223=CARTESIAN_POINT('Ctrl Pts',(-76.1890166224212,-34.879581433089,-98.9983322720593));
#6224=CARTESIAN_POINT('Ctrl Pts',(-79.9005434525142,-34.8593496302832,-98.9983518012709));
#6225=CARTESIAN_POINT('Ctrl Pts',(-79.9005902076767,-34.8593402535202,-98.6984732725518));
#6226=CARTESIAN_POINT('Ctrl Pts',(-79.7097436081247,-34.8976175616742,-97.7928027129265));
#6227=CARTESIAN_POINT('Ctrl Pts',(-78.7261716612356,-35.0303970590613,-96.9783446076582));
#6228=CARTESIAN_POINT('Ctrl Pts',(-77.5450575821816,-35.0293583041684,-96.9826669168927));
#6229=CARTESIAN_POINT('Ctrl Pts',(-76.7540545272279,-34.9650113191966,-97.3810885626196));
#6230=CARTESIAN_POINT('Ctrl Pts',(-76.2057161434158,-34.8838029589396,-98.0996205547901));
#6231=CARTESIAN_POINT('Ctrl Pts',(-76.0744082985162,-34.8593406417269,-98.6984714493383));
#6232=CARTESIAN_POINT('Ctrl Pts',(-76.0744565483103,-34.8593496300697,-98.9983518022754));
#6233=CARTESIAN_POINT('Origin',(-81.9874999999993,-45.2394784788619,-94.9980215211408));
#6234=CARTESIAN_POINT('Origin',(-77.9875000000008,-45.2394784788619,-98.9980215211408));
#6235=CARTESIAN_POINT('Origin',(-77.9875000000008,-44.7394784788619,-98.9980215211408));
#6236=CARTESIAN_POINT('Origin',(-107.987499999999,16.2605215211381,-90.9980215211408));
#6237=CARTESIAN_POINT('',(-107.987499999999,18.4605215211381,-71.4980215211408));
#6238=CARTESIAN_POINT('',(-107.987499999999,18.4605215211381,-80.1230215211408));
#6239=CARTESIAN_POINT('',(-107.987499999999,16.2605215211381,-71.4980215211408));
#6240=CARTESIAN_POINT('Origin',(-83.9874999999993,16.2605215211381,-51.4980215211408));
#6241=CARTESIAN_POINT('',(-83.9874999999993,18.4605215211381,-47.4980215211408));
#6242=CARTESIAN_POINT('',(-87.9874999999993,18.4605215211381,-51.4980215211408));
#6243=CARTESIAN_POINT('Origin',(-83.9874999999993,18.4605215211381,-51.4980215211408));
#6244=CARTESIAN_POINT('',(-87.9874999999993,16.2605215211381,-51.4980215211408));
#6245=CARTESIAN_POINT('',(-83.9874999999993,16.2605215211381,-47.4980215211408));
#6246=CARTESIAN_POINT('Origin',(-87.9874999999993,16.2605215211381,-63.4980215211408));
#6247=CARTESIAN_POINT('',(-87.9874999999993,18.4605215211381,-63.4980215211408));
#6248=CARTESIAN_POINT('',(-87.9874999999993,18.4605215211381,-66.3730215211408));
#6249=CARTESIAN_POINT('',(-87.9874999999993,16.2605215211381,-63.4980215211408));
#6250=CARTESIAN_POINT('Origin',(-91.9874999999993,16.2605215211381,-63.4980215211408));
#6251=CARTESIAN_POINT('',(-91.9874999999993,18.4605215211381,-67.4980215211408));
#6252=CARTESIAN_POINT('Origin',(-91.9874999999993,18.4605215211381,-63.4980215211408));
#6253=CARTESIAN_POINT('',(-91.9874999999993,16.2605215211381,-67.4980215211408));
#6254=CARTESIAN_POINT('Origin',(-107.987499999999,16.2605215211381,-67.4980215211408));
#6255=CARTESIAN_POINT('',(-103.987499999999,18.4605215211381,-67.4980215211408));
#6256=CARTESIAN_POINT('',(-94.9874999999993,18.4605215211381,-67.4980215211408));
#6257=CARTESIAN_POINT('',(-103.987499999999,16.2605215211381,-67.4980215211408));
#6258=CARTESIAN_POINT('Origin',(-103.987499999999,16.2605215211381,-71.4980215211408));
#6259=CARTESIAN_POINT('Origin',(-103.987499999999,18.4605215211381,-71.4980215211408));
#6260=CARTESIAN_POINT('Origin',(-105.987499999999,18.4605215211381,-80.1230215211408));
#6261=CARTESIAN_POINT('Origin',(-105.987499999999,18.4605215211381,-71.4980215211408));
#6262=CARTESIAN_POINT('Ctrl Pts',(-105.987499999999,20.4605215211381,-71.4980215211408));
#6263=CARTESIAN_POINT('Ctrl Pts',(-105.987499999999,20.4605215211381,-69.4980215211408));
#6264=CARTESIAN_POINT('Ctrl Pts',(-103.987499999999,20.4605215211381,-69.4980215211408));
#6265=CARTESIAN_POINT('Ctrl Pts',(-107.987499999999,20.4605215211381,-71.4980215211408));
#6266=CARTESIAN_POINT('Ctrl Pts',(-107.987499999999,20.4605215211381,-67.4980215211408));
#6267=CARTESIAN_POINT('Ctrl Pts',(-103.987499999999,20.4605215211381,-67.4980215211408));
#6268=CARTESIAN_POINT('Ctrl Pts',(-107.987499999999,18.4605215211381,-71.4980215211408));
#6269=CARTESIAN_POINT('Ctrl Pts',(-107.987499999999,18.4605215211381,-67.4980215211408));
#6270=CARTESIAN_POINT('Ctrl Pts',(-103.987499999999,18.4605215211381,-67.4980215211408));
#6271=CARTESIAN_POINT('Origin',(-103.987499999999,18.4605215211381,-69.4980215211408));
#6272=CARTESIAN_POINT('Origin',(-94.9874999999993,18.4605215211381,-69.4980215211408));
#6273=CARTESIAN_POINT('Origin',(-91.9874999999993,18.4605215211381,-69.4980215211408));
#6274=CARTESIAN_POINT('Origin',(-91.9874999999993,18.4605215211381,-63.4980215211408));
#6275=CARTESIAN_POINT('Origin',(-85.9874999999993,18.4605215211381,-63.4980215211408));
#6276=CARTESIAN_POINT('Origin',(-85.9874999999993,18.4605215211381,-66.3730215211408));
#6277=CARTESIAN_POINT('Origin',(-85.9874999999993,18.4605215211381,-51.4980215211408));
#6278=CARTESIAN_POINT('Ctrl Pts',(-85.9874999999993,20.4605215211381,-51.4980215211408));
#6279=CARTESIAN_POINT('Ctrl Pts',(-85.9874999999993,20.4605215211381,-49.4980215211408));
#6280=CARTESIAN_POINT('Ctrl Pts',(-83.9874999999993,20.4605215211381,-49.4980215211408));
#6281=CARTESIAN_POINT('Ctrl Pts',(-87.9874999999993,20.4605215211381,-51.4980215211408));
#6282=CARTESIAN_POINT('Ctrl Pts',(-87.9874999999993,20.4605215211381,-47.4980215211408));
#6283=CARTESIAN_POINT('Ctrl Pts',(-83.9874999999993,20.4605215211381,-47.4980215211408));
#6284=CARTESIAN_POINT('Ctrl Pts',(-87.9874999999993,18.4605215211381,-51.4980215211408));
#6285=CARTESIAN_POINT('Ctrl Pts',(-87.9874999999993,18.4605215211381,-47.4980215211408));
#6286=CARTESIAN_POINT('Ctrl Pts',(-83.9874999999993,18.4605215211381,-47.4980215211408));
#6287=CARTESIAN_POINT('Origin',(-83.9874999999993,18.4605215211381,-49.4980215211408));
#6288=CARTESIAN_POINT('Origin',(-53.4937504321336,20.4605215211381,-78.5050192204415));
#6289=CARTESIAN_POINT('',(-50.4000000508392,5.46052152113806,-85.3372010519094));
#6290=CARTESIAN_POINT('Origin',(-53.4937504321336,5.46052152113806,-78.5050192204415));
#6291=CARTESIAN_POINT('',(-50.4000000508392,20.4605215211381,-85.3372010519094));
#6292=CARTESIAN_POINT('Origin',(-54.9906252160668,5.46052152113806,-78.5050192204415));
#6293=CARTESIAN_POINT('',(-49.9874999999999,5.46052152113806,-85.2481586294384));
#6294=CARTESIAN_POINT('',(-49.9874999999999,5.46052152113806,-73.8765203707911));
#6295=CARTESIAN_POINT('Origin',(-49.9874999999999,5.46052152113806,-86.2481586294384));
#6296=CARTESIAN_POINT('Origin',(-49.9874999999999,4.46052152113806,-73.8765203707911));
#6297=CARTESIAN_POINT('Origin',(-49.9874999999999,4.46052152113806,-86.2481586294384));
#6298=CARTESIAN_POINT('Origin',(-49.9874999999999,20.4605215211381,-86.2481586294384));
#6299=CARTESIAN_POINT('Origin',(-82.9874999999993,18.4605215211381,-49.4980215211408));
#6300=CARTESIAN_POINT('',(-70.9947807377303,18.460521521138,-47.4980215211408));
#6301=CARTESIAN_POINT('',(-82.9874999999993,18.4605215211381,-47.4980215211408));
#6302=CARTESIAN_POINT('Origin',(-67.5306791345356,18.460521521138,-49.4980215211408));
#6303=CARTESIAN_POINT('Origin',(-55.9874999999999,-45.2394784788619,-90.9980215211409));
#6304=CARTESIAN_POINT('',(-70.9947807377303,8.26052152113806,-47.4980215211408));
#6305=CARTESIAN_POINT('',(-43.7441662762268,-11.0894441393404,-63.231171170315));
#6306=CARTESIAN_POINT('',(-68.9874999999996,8.26052152113806,-47.4980215211408));
#6307=CARTESIAN_POINT('Origin',(-55.9874999999999,-45.2394784788619,-90.9980215211409));
#6308=CARTESIAN_POINT('',(-43.7441662762268,-11.0894441393404,-63.231171170315));
#6309=CARTESIAN_POINT('Origin',(-83.9874999999993,16.2605215211381,-47.4980215211408));
#6310=CARTESIAN_POINT('',(-70.9947807377303,1.93552152113807,-47.4980215211408));
#6311=CARTESIAN_POINT('Origin',(-65.4642064659969,-12.3894784788619,-50.6911000767079));
#6312=UNCERTAINTY_MEASURE_WITH_UNIT(LENGTH_MEASURE(0.01),#6316,
'DISTANCE_ACCURACY_VALUE',
'Maximum model space distance between geometric entities at asserted c
onnectivities');
#6313=UNCERTAINTY_MEASURE_WITH_UNIT(LENGTH_MEASURE(0.01),#6316,
'DISTANCE_ACCURACY_VALUE',
'Maximum model space distance between geometric entities at asserted c
onnectivities');
#6314=(
GEOMETRIC_REPRESENTATION_CONTEXT(3)
GLOBAL_UNCERTAINTY_ASSIGNED_CONTEXT((#6312))
GLOBAL_UNIT_ASSIGNED_CONTEXT((#6316,#6318,#6319))
REPRESENTATION_CONTEXT('','3D')
);
#6315=(
GEOMETRIC_REPRESENTATION_CONTEXT(3)
GLOBAL_UNCERTAINTY_ASSIGNED_CONTEXT((#6313))
GLOBAL_UNIT_ASSIGNED_CONTEXT((#6316,#6318,#6319))
REPRESENTATION_CONTEXT('','3D')
);
#6316=(
LENGTH_UNIT()
NAMED_UNIT(*)
SI_UNIT(.MILLI.,.METRE.)
);
#6317=(
LENGTH_UNIT()
NAMED_UNIT(*)
SI_UNIT($,.METRE.)
);
#6318=(
NAMED_UNIT(*)
PLANE_ANGLE_UNIT()
SI_UNIT($,.RADIAN.)
);
#6319=(
NAMED_UNIT(*)
SI_UNIT($,.STERADIAN.)
SOLID_ANGLE_UNIT()
);
#6320=SHAPE_DEFINITION_REPRESENTATION(#6321,#6322);
#6321=PRODUCT_DEFINITION_SHAPE('',$,#6324);
#6322=SHAPE_REPRESENTATION('',(#3144),#6314);
#6323=PRODUCT_DEFINITION_CONTEXT('part definition',#6328,'design');
#6324=PRODUCT_DEFINITION('X stepper mount tensioner FRONT',
'X stepper mount tensioner FRONT v2',#6325,#6323);
#6325=PRODUCT_DEFINITION_FORMATION('',$,#6330);
#6326=PRODUCT_RELATED_PRODUCT_CATEGORY(
'X stepper mount tensioner FRONT v2',
'X stepper mount tensioner FRONT v2',(#6330));
#6327=APPLICATION_PROTOCOL_DEFINITION('international standard',
'automotive_design',2009,#6328);
#6328=APPLICATION_CONTEXT(
'Core Data for Automotive Mechanical Design Process');
#6329=PRODUCT_CONTEXT('part definition',#6328,'mechanical');
#6330=PRODUCT('X stepper mount tensioner FRONT',
'X stepper mount tensioner FRONT v2',$,(#6329));
#6331=PRESENTATION_STYLE_ASSIGNMENT((#6333));
#6332=PRESENTATION_STYLE_ASSIGNMENT((#6334));
#6333=SURFACE_STYLE_USAGE(.BOTH.,#6335);
#6334=SURFACE_STYLE_USAGE(.BOTH.,#6336);
#6335=SURFACE_SIDE_STYLE('',(#6337));
#6336=SURFACE_SIDE_STYLE('',(#6338));
#6337=SURFACE_STYLE_FILL_AREA(#6339);
#6338=SURFACE_STYLE_FILL_AREA(#6340);
#6339=FILL_AREA_STYLE('Steel - Satin',(#6341));
#6340=FILL_AREA_STYLE('Opaque(42,220,210)',(#6342));
#6341=FILL_AREA_STYLE_COLOUR('Steel - Satin',#6343);
#6342=FILL_AREA_STYLE_COLOUR('Opaque(42,220,210)',#6344);
#6343=COLOUR_RGB('Steel - Satin',0.627450980392157,0.627450980392157,0.627450980392157);
#6344=COLOUR_RGB('Opaque(42,220,210)',0.164705882352941,0.862745098039216,
0.823529411764706);
ENDSEC;
END-ISO-10303-21;
